customer_id,customer_country,account_created_at,customer_segment,historical_orders,historical_chargebacks,email_age_days,usual_device_id,lifetime_value
C000001,IE,2025-07-30,New,1,0,168,DEV000001,85.72
C000002,CA,2023-01-10,Occasional,5,0,1393,DEV000002,833.97
C000003,US,2025-05-10,Occasional,2,1,543,DEV000003,326.34
C000004,DE,2025-02-02,Occasional,4,0,1022,DEV000004,683.87
C000005,GB,2025-11-12,New,0,0,605,DEV000005,0.0
C000006,US,2024-08-22,Occasional,3,0,898,DEV000006,241.11
C000007,ES,2024-10-26,Occasional,1,0,799,DEV000007,71.78
C000008,DE,2023-12-28,Occasional,1,0,788,DEV000008,31.25
C000009,US,2023-06-17,Occasional,6,0,988,DEV000009,471.35
C000010,CA,2025-01-02,New,0,0,979,DEV000010,0.0
C000011,CA,2022-12-12,Returning,16,0,1672,DEV000011,868.44
C000012,US,2025-07-18,Occasional,1,0,609,DEV000012,151.85
C000013,ES,2025-12-09,New,1,0,387,DEV000013,143.88
C000014,NL,2024-08-31,Returning,18,0,989,DEV000014,1247.86
C000015,AU,2020-05-25,Returning,14,0,2514,DEV000015,1212.31
C000016,IE,2022-01-09,Returning,18,0,1612,DEV000016,941.78
C000017,ES,2025-05-12,Occasional,3,0,959,DEV000017,186.01
C000018,IE,2023-05-10,Occasional,5,0,1648,DEV000018,297.67
C000019,DE,2025-12-20,New,0,0,575,DEV000019,0.0
C000020,AU,2024-09-19,Occasional,3,0,674,DEV000020,361.62
C000021,FR,2023-06-25,Returning,19,0,1474,DEV000021,2852.12
C000022,AU,2020-01-15,Returning,14,0,2727,DEV000022,1351.69
C000023,FR,2025-06-06,Occasional,4,0,892,DEV000023,406.91
C000024,IE,2025-11-11,New,0,2,272,DEV000024,0.0
C000025,DE,2025-02-06,New,0,0,687,DEV000025,0.0
C000026,US,2025-06-26,New,0,0,889,DEV000026,0.0
C000027,CA,2025-04-21,New,2,0,839,DEV000027,225.95
C000028,GB,2025-10-16,New,0,0,548,DEV000028,0.0
C000029,DE,2023-09-03,Returning,15,0,1469,DEV000029,2284.4
C000030,US,2024-09-27,Occasional,6,0,636,DEV000030,423.95
C000031,IT,2025-02-02,New,0,0,649,DEV000031,0.0
C000032,FR,2018-02-25,Loyal,26,0,3102,DEV000032,1123.33
C000033,CA,2019-02-12,Returning,16,0,3003,DEV000033,1889.81
C000034,ES,2025-04-30,Occasional,1,0,329,DEV000034,35.35
C000035,IE,2023-06-11,Occasional,2,0,1616,DEV000035,308.95
C000036,US,2025-09-24,New,1,0,133,DEV000036,102.05
C000037,ES,2025-11-22,New,2,0,663,DEV000037,193.46
C000038,ES,2022-04-06,Occasional,4,1,1729,DEV000038,575.89
C000039,FR,2022-11-29,Returning,7,0,1451,DEV000039,487.22
C000040,CA,2023-05-05,Occasional,5,0,1521,DEV000040,176.29
C000041,DE,2024-07-20,Returning,13,0,601,DEV000041,1522.62
C000042,NL,2023-04-08,Occasional,4,0,1217,DEV000042,355.32
C000043,GB,2024-02-13,Occasional,3,0,1397,DEV000043,281.19
C000044,CA,2025-10-07,New,1,0,236,DEV000044,62.65
C000045,GB,2023-06-24,Occasional,3,0,1291,DEV000045,378.16
C000046,FR,2023-01-25,Occasional,2,0,1501,DEV000046,220.02
C000047,CA,2022-11-02,Loyal,34,0,1628,DEV000047,1521.1
C000048,AU,2023-07-25,Loyal,68,0,1065,DEV000048,9138.62
C000049,US,2025-11-29,New,2,0,338,DEV000049,126.28
C000050,IT,2024-05-14,Occasional,5,0,1178,DEV000050,293.13
C000051,ES,2024-08-11,Returning,9,0,1154,DEV000051,183.63
C000052,CA,2024-01-09,Occasional,1,0,1283,DEV000052,83.89
C000053,ES,2025-12-22,New,2,0,193,DEV000053,287.38
C000054,FR,2022-09-11,Occasional,5,0,1591,DEV000054,569.73
C000055,AU,2019-05-08,Loyal,20,0,2681,DEV000055,2102.85
C000056,FR,2019-12-22,Returning,17,0,2275,DEV000056,1777.64
C000057,US,2020-01-02,Loyal,66,0,2502,DEV000057,8628.08
C000058,US,2022-01-30,Returning,14,0,1832,DEV000058,633.5
C000059,FR,2025-01-02,New,1,0,386,DEV000059,113.2
C000060,FR,2023-01-07,Occasional,4,0,1090,DEV000060,204.81
C000061,ES,2024-09-05,Returning,8,0,499,DEV000061,815.38
C000062,FR,2023-12-14,Returning,16,0,1321,DEV000062,2136.83
C000063,FR,2024-07-07,Occasional,1,0,1184,DEV000063,52.06
C000064,CA,2022-06-09,Occasional,5,0,1989,DEV000064,526.28
C000065,IT,2022-03-31,Occasional,4,0,1587,DEV000065,97.43
C000066,GB,2025-08-26,New,2,0,347,DEV000066,44.75
C000067,IT,2023-12-03,Returning,13,0,1345,DEV000067,716.43
C000068,US,2024-07-30,Returning,6,0,743,DEV000068,312.64
C000069,AU,2024-06-09,Occasional,6,0,1225,DEV000069,1002.33
C000070,IT,2020-02-21,Returning,13,0,2800,DEV000070,480.72
C000071,DE,2023-06-29,Loyal,56,0,1262,DEV000071,4035.93
C000072,AU,2019-02-09,Returning,22,0,2527,DEV000072,524.32
C000073,IT,2025-11-18,New,0,0,556,DEV000073,0.0
C000074,AU,2024-07-10,Returning,11,0,873,DEV000074,351.73
C000075,FR,2023-08-02,Occasional,6,0,1250,DEV000075,812.28
C000076,CA,2025-12-29,New,0,0,391,DEV000076,0.0
C000077,DE,2022-07-27,Occasional,3,0,1638,DEV000077,280.54
C000078,IT,2024-10-11,Occasional,4,0,509,DEV000078,106.23
C000079,FR,2019-07-11,Returning,21,0,2728,DEV000079,1176.23
C000080,NL,2020-11-30,Returning,5,0,2184,DEV000080,561.67
C000081,DE,2025-01-26,New,1,0,385,DEV000081,92.71
C000082,NL,2021-01-22,Returning,18,0,1950,DEV000082,557.41
C000083,AU,2023-03-13,Occasional,2,0,1625,DEV000083,102.23
C000084,IT,2025-09-18,Occasional,1,0,289,DEV000084,76.18
C000085,ES,2022-08-18,Occasional,4,0,1816,DEV000085,324.27
C000086,NL,2025-05-12,Occasional,3,0,316,DEV000086,259.59
C000087,DE,2024-09-11,Occasional,2,0,580,DEV000087,82.36
C000088,NL,2024-07-15,Occasional,4,0,1138,DEV000088,412.32
C000089,FR,2025-05-19,New,0,0,490,DEV000089,0.0
C000090,CA,2023-01-18,Returning,23,0,1805,DEV000090,1398.2
C000091,DE,2023-05-20,Returning,22,0,1092,DEV000091,1472.13
C000092,FR,2019-04-15,Returning,14,0,2724,DEV000092,518.23
C000093,FR,2025-03-05,New,0,0,496,DEV000093,0.0
C000094,US,2023-05-20,Occasional,5,0,1120,DEV000094,651.99
C000095,FR,2020-07-25,Returning,20,0,2147,DEV000095,1601.51
C000096,GB,2020-03-14,Returning,6,0,2342,DEV000096,769.71
C000097,ES,2018-02-15,Loyal,64,0,2886,DEV000097,4227.28
C000098,ES,2020-09-14,Returning,15,0,2048,DEV000098,1453.88
C000099,FR,2022-02-14,Returning,6,0,1652,DEV000099,393.3
C000100,FR,2019-11-30,Loyal,71,0,2805,DEV000100,1889.28
C000101,NL,2021-08-05,Returning,23,0,2176,DEV000101,1252.14
C000102,AU,2023-07-26,Returning,24,0,1149,DEV000102,2446.37
C000103,GB,2024-07-12,Occasional,3,0,964,DEV000103,106.44
C000104,NL,2025-03-22,New,2,0,745,DEV000104,177.12
C000105,AU,2023-01-13,Occasional,2,0,1490,DEV000105,110.14
C000106,CA,2024-10-25,Occasional,2,0,699,DEV000106,47.76
C000107,CA,2024-08-31,Occasional,5,0,1101,DEV000107,647.24
C000108,AU,2023-08-28,Loyal,83,0,1377,DEV000108,4565.14
C000109,IT,2025-08-06,New,2,0,510,DEV000109,182.55
C000110,FR,2023-06-11,Occasional,4,0,969,DEV000110,554.03
C000111,NL,2025-04-20,Occasional,6,0,281,DEV000111,511.16
C000112,GB,2025-01-14,Occasional,4,0,676,DEV000112,377.8
C000113,AU,2021-09-24,Returning,7,0,1607,DEV000113,417.38
C000114,IE,2025-04-03,New,1,0,560,DEV000114,112.53
C000115,DE,2022-01-24,Occasional,6,0,1991,DEV000115,488.31
C000116,FR,2023-06-13,Returning,15,0,946,DEV000116,584.16
C000117,CA,2021-07-13,Returning,22,0,1822,DEV000117,1203.8
C000118,DE,2023-11-23,Loyal,58,0,1070,DEV000118,9128.49
C000119,IE,2023-06-25,Occasional,2,0,1050,DEV000119,100.97
C000120,DE,2023-01-20,Returning,8,0,1552,DEV000120,351.58
C000121,NL,2025-11-08,New,0,0,593,DEV000121,0.0
C000122,IT,2024-04-29,Returning,10,0,837,DEV000122,300.08
C000123,GB,2022-11-04,Occasional,2,0,1850,DEV000123,342.52
C000124,NL,2017-04-05,Loyal,48,0,3564,DEV000124,4522.16
C000125,NL,2022-06-26,Occasional,5,0,1306,DEV000125,124.32
C000126,ES,2022-07-14,Loyal,50,0,1779,DEV000126,8333.09
C000127,ES,2025-01-21,New,2,0,923,DEV000127,195.52
C000128,ES,2023-01-28,Occasional,6,0,1434,DEV000128,606.72
C000129,AU,2024-12-17,Occasional,2,0,835,DEV000129,139.29
C000130,FR,2024-04-29,Occasional,3,0,1224,DEV000130,209.03
C000131,AU,2021-03-04,Returning,23,0,1874,DEV000131,1554.01
C000132,ES,2019-10-21,Returning,23,0,2636,DEV000132,646.65
C000133,AU,2020-07-17,Returning,12,0,2555,DEV000133,1364.23
C000134,GB,2023-02-26,Returning,5,0,1563,DEV000134,301.57
C000135,NL,2020-05-20,Returning,11,0,2245,DEV000135,202.49
C000136,IT,2023-08-18,Loyal,87,0,1256,DEV000136,5924.94
C000137,DE,2021-11-13,Loyal,21,0,1716,DEV000137,2793.6
C000138,IT,2023-08-06,Occasional,2,0,938,DEV000138,301.73
C000139,GB,2019-09-02,Returning,13,0,2951,DEV000139,1815.2
C000140,ES,2023-12-23,Occasional,4,0,1015,DEV000140,98.01
C000141,IT,2025-06-30,New,2,0,326,DEV000141,101.63
C000142,AU,2022-07-17,Occasional,4,0,1379,DEV000142,649.1
C000143,AU,2025-03-23,New,2,0,678,DEV000143,100.48
C000144,US,2025-01-19,New,1,0,362,DEV000144,128.31
C000145,FR,2021-07-01,Returning,14,0,1873,DEV000145,1911.87
C000146,IT,2021-12-23,Returning,17,0,1571,DEV000146,1091.87
C000147,DE,2022-01-13,Occasional,2,0,1615,DEV000147,188.48
C000148,IE,2023-08-04,Occasional,2,0,986,DEV000148,164.77
C000149,AU,2022-09-21,Occasional,1,0,1623,DEV000149,108.92
C000150,US,2023-05-12,Occasional,1,0,1244,DEV000150,135.3
C000151,FR,2020-07-14,Returning,12,0,2067,DEV000151,1763.62
C000152,GB,2025-01-30,Occasional,2,0,370,DEV000152,212.22
C000153,CA,2025-12-12,New,1,0,698,DEV000153,38.07
C000154,CA,2025-11-08,New,2,0,639,DEV000154,226.36
C000155,AU,2023-06-07,Returning,7,0,1085,DEV000155,737.19
C000156,CA,2022-05-04,Occasional,5,0,1678,DEV000156,347.69
C000157,GB,2025-08-17,New,0,0,199,DEV000157,0.0
C000158,ES,2025-07-09,New,1,0,726,DEV000158,42.35
C000159,ES,2025-05-09,New,1,0,531,DEV000159,93.65
C000160,IE,2019-08-28,Returning,6,0,2852,DEV000160,748.73
C000161,IE,2025-04-20,New,1,0,382,DEV000161,88.72
C000162,US,2023-02-03,Returning,13,0,1603,DEV000162,1483.91
C000163,IT,2019-01-20,Returning,5,0,3139,DEV000163,323.9
C000164,IT,2022-06-02,Occasional,4,0,2002,DEV000164,95.68
C000165,GB,2017-05-26,Loyal,95,1,3165,DEV000165,8110.3
C000166,NL,2020-06-15,Returning,5,0,2327,DEV000166,137.33
C000167,ES,2019-08-22,Returning,18,0,2967,DEV000167,1306.88
C000168,AU,2025-10-26,New,1,0,382,DEV000168,90.37
C000169,IT,2022-02-27,Returning,14,0,1959,DEV000169,699.03
C000170,US,2020-09-24,Loyal,55,0,2452,DEV000170,2191.86
C000171,GB,2025-05-31,New,0,0,588,DEV000171,0.0
C000172,US,2023-12-01,Returning,7,0,1162,DEV000172,1031.59
C000173,NL,2025-10-07,New,2,0,752,DEV000173,93.03
C000174,IE,2019-05-12,Returning,5,0,3076,DEV000174,713.76
C000175,IE,2022-03-08,Occasional,5,0,1956,DEV000175,406.42
C000176,CA,2025-05-21,New,1,0,889,DEV000176,89.05
C000177,FR,2025-06-14,New,2,0,518,DEV000177,248.73
C000178,AU,2022-05-17,Returning,19,0,1759,DEV000178,1018.47
C000179,AU,2025-09-13,New,1,0,597,DEV000179,60.42
C000180,DE,2025-07-19,Occasional,5,0,372,DEV000180,362.37
C000181,GB,2024-07-08,Occasional,4,0,962,DEV000181,451.31
C000182,DE,2025-06-18,New,2,0,405,DEV000182,101.33
C000183,IE,2025-05-05,New,0,0,320,DEV000183,0.0
C000184,DE,2017-07-18,Loyal,69,0,3374,DEV000184,4874.76
C000185,GB,2022-11-25,Occasional,5,0,1831,DEV000185,154.33
C000186,IE,2021-07-26,Returning,7,0,2137,DEV000186,757.5
C000187,AU,2023-11-27,Occasional,5,0,1269,DEV000187,420.63
C000188,IT,2023-02-27,Returning,5,0,1583,DEV000188,571.24
C000189,US,2025-05-28,New,1,0,837,DEV000189,58.89
C000190,DE,2022-02-06,Occasional,5,0,1454,DEV000190,432.14
C000191,CA,2024-03-17,Returning,13,0,696,DEV000191,1672.5
C000192,DE,2022-11-20,Returning,18,0,1252,DEV000192,1657.01
C000193,AU,2025-01-09,Occasional,6,0,788,DEV000193,178.57
C000194,FR,2020-01-04,Returning,16,0,2753,DEV000194,1829.05
C000195,CA,2022-09-14,Occasional,2,0,1818,DEV000195,52.84
C000196,IE,2020-07-02,Loyal,99,1,2683,DEV000196,13150.98
C000197,IT,2025-08-09,New,0,0,479,DEV000197,0.0
C000198,IE,2025-07-23,Occasional,6,0,394,DEV000198,548.8
C000199,AU,2023-02-18,Returning,13,0,1099,DEV000199,1159.93
C000200,CA,2021-06-30,Loyal,41,0,2189,DEV000200,1674.6
C000201,IT,2025-09-05,New,1,0,642,DEV000201,46.62
C000202,US,2025-08-18,New,2,0,603,DEV000202,177.86
C000203,ES,2025-04-16,Occasional,6,0,337,DEV000203,736.17
C000204,GB,2023-07-27,Returning,6,0,915,DEV000204,578.76
C000205,GB,2022-11-16,Returning,19,0,1411,DEV000205,2685.04
C000206,US,2025-02-23,New,2,0,836,DEV000206,245.26
C000207,NL,2023-01-09,Loyal,62,0,1614,DEV000207,7615.29
C000208,IE,2022-03-22,Occasional,1,0,1874,DEV000208,31.5
C000209,DE,2025-07-20,New,2,0,755,DEV000209,166.57
C000210,FR,2024-11-25,Occasional,1,0,1124,DEV000210,34.35
C000211,IE,2022-08-19,Returning,6,0,1272,DEV000211,598.69
C000212,AU,2025-05-17,New,2,0,466,DEV000212,179.94
C000213,GB,2021-05-04,Loyal,28,0,1810,DEV000213,2622.38
C000214,DE,2018-12-15,Loyal,73,0,2644,DEV000214,8850.04
C000215,US,2025-11-27,New,0,0,155,DEV000215,0.0
C000216,GB,2021-02-05,Returning,18,0,1915,DEV000216,2285.38
C000217,NL,2025-12-28,New,2,0,130,DEV000217,263.43
C000218,US,2021-11-05,Loyal,42,0,1994,DEV000218,4997.53
C000219,ES,2021-07-17,Returning,7,0,2106,DEV000219,916.16
C000220,NL,2023-07-13,Loyal,29,0,1189,DEV000220,1896.64
C000221,GB,2021-10-08,Loyal,20,0,1761,DEV000221,433.53
C000222,GB,2023-05-30,Occasional,5,0,1059,DEV000222,285.69
C000223,IT,2025-11-05,New,1,0,143,DEV000223,55.53
C000224,AU,2020-02-20,Loyal,40,0,2774,DEV000224,6395.0
C000225,GB,2023-07-27,Returning,5,0,1489,DEV000225,639.26
C000226,GB,2023-04-28,Occasional,2,0,1352,DEV000226,79.49
C000227,CA,2023-04-06,Returning,8,0,1729,DEV000227,1203.85
C000228,GB,2020-01-28,Loyal,58,0,2744,DEV000228,4231.35
C000229,CA,2025-07-28,New,2,0,768,DEV000229,62.85
C000230,GB,2019-07-05,Returning,10,0,3069,DEV000230,485.17
C000231,IE,2022-05-04,Occasional,5,0,1452,DEV000231,261.25
C000232,US,2022-10-03,Returning,19,0,1406,DEV000232,1925.79
C000233,AU,2025-05-31,New,1,0,617,DEV000233,163.88
C000234,ES,2021-10-30,Loyal,29,0,1674,DEV000234,2882.22
C000235,GB,2023-03-19,Occasional,1,0,1117,DEV000235,39.62
C000236,CA,2019-11-14,Returning,9,0,2363,DEV000236,1520.96
C000237,IT,2024-09-01,Occasional,2,0,817,DEV000237,237.46
C000238,IT,2022-04-29,Returning,17,0,1610,DEV000238,683.52
C000239,NL,2020-04-03,Returning,9,0,2281,DEV000239,477.51
C000240,AU,2023-03-09,Returning,18,0,1547,DEV000240,2106.53
C000241,IT,2021-01-06,Returning,12,0,2194,DEV000241,801.9
C000242,NL,2020-03-03,Returning,19,0,2205,DEV000242,811.14
C000243,FR,2023-09-13,Returning,18,0,1008,DEV000243,2386.06
C000244,ES,2025-01-18,New,2,0,983,DEV000244,257.6
C000245,ES,2024-07-24,Occasional,1,0,1171,DEV000245,24.46
C000246,AU,2023-09-23,Returning,22,0,1094,DEV000246,652.48
C000247,GB,2019-03-24,Returning,10,0,2564,DEV000247,707.34
C000248,IE,2020-11-02,Returning,5,0,2353,DEV000248,350.72
C000249,NL,2022-05-01,Loyal,67,0,1607,DEV000249,7764.98
C000250,AU,2022-10-31,Occasional,3,0,1536,DEV000250,83.42
C000251,ES,2025-06-04,New,1,0,276,DEV000251,167.69
C000252,AU,2025-04-01,New,1,0,809,DEV000252,111.63
C000253,DE,2025-01-19,New,0,0,593,DEV000253,0.0
C000254,CA,2020-12-04,Loyal,85,0,2013,DEV000254,9778.85
C000255,AU,2019-06-09,Returning,23,0,2816,DEV000255,1327.22
C000256,AU,2023-01-18,Occasional,6,0,1294,DEV000256,916.77
C000257,DE,2025-06-29,Occasional,6,0,914,DEV000257,563.52
C000258,IT,2025-07-05,Occasional,1,0,302,DEV000258,35.47
C000259,DE,2021-10-23,Returning,9,0,1981,DEV000259,471.53
C000260,NL,2022-06-02,Occasional,5,0,1525,DEV000260,204.21
C000261,ES,2022-07-17,Occasional,2,0,1850,DEV000261,235.55
C000262,ES,2024-02-22,Returning,7,0,702,DEV000262,479.7
C000263,US,2024-05-04,Occasional,4,0,782,DEV000263,186.44
C000264,IT,2025-03-02,Occasional,6,0,599,DEV000264,685.94
C000265,AU,2023-11-11,Occasional,1,0,1245,DEV000265,61.56
C000266,CA,2023-01-25,Occasional,3,0,1230,DEV000266,166.23
C000267,IT,2025-03-25,Occasional,3,0,502,DEV000267,117.88
C000268,IT,2023-01-29,Occasional,2,0,1161,DEV000268,244.2
C000269,FR,2021-08-20,Returning,13,0,1605,DEV000269,823.84
C000270,IE,2025-12-09,New,0,0,380,DEV000270,0.0
C000271,DE,2023-09-04,Returning,23,0,892,DEV000271,3755.03
C000272,IT,2023-07-26,Occasional,6,0,953,DEV000272,121.62
C000273,ES,2023-02-16,Returning,21,0,1059,DEV000273,740.9
C000274,NL,2025-10-04,New,2,0,708,DEV000274,69.54
C000275,FR,2023-05-18,Occasional,1,0,1640,DEV000275,149.99
C000276,CA,2020-02-12,Returning,14,0,2470,DEV000276,1935.76
C000277,DE,2022-10-18,Returning,18,0,1414,DEV000277,2427.54
C000278,IT,2025-06-13,Occasional,3,0,745,DEV000278,163.17
C000279,US,2024-09-03,Occasional,2,0,979,DEV000279,88.45
C000280,FR,2022-03-12,Occasional,2,0,1698,DEV000280,272.73
C000281,ES,2024-06-24,Returning,6,0,810,DEV000281,494.33
C000282,DE,2020-07-06,Returning,6,0,2145,DEV000282,505.92
C000283,GB,2025-03-08,Occasional,4,0,531,DEV000283,177.76
C000284,AU,2019-08-30,Loyal,34,0,2646,DEV000284,4431.22
C000285,DE,2019-01-03,Returning,15,0,3274,DEV000285,1894.43
C000286,CA,2025-10-25,New,1,0,648,DEV000286,24.62
C000287,ES,2024-10-28,Returning,13,0,1146,DEV000287,2062.82
C000288,CA,2024-06-30,Occasional,3,0,782,DEV000288,423.29
C000289,US,2020-05-03,Loyal,87,0,2525,DEV000289,10887.53
C000290,IE,2022-06-30,Loyal,21,0,1729,DEV000290,1821.26
C000291,AU,2025-09-10,New,0,0,445,DEV000291,0.0
C000292,CA,2020-09-06,Returning,5,0,2005,DEV000292,312.57
C000293,US,2023-05-17,Occasional,1,0,1328,DEV000293,28.17
C000294,IE,2022-07-28,Loyal,23,0,1550,DEV000294,1914.85
C000295,AU,2024-08-29,Returning,16,0,753,DEV000295,723.2
C000296,NL,2022-12-14,Occasional,1,0,1410,DEV000296,71.77
C000297,DE,2022-07-13,Returning,21,0,1475,DEV000297,1717.56
C000298,NL,2022-05-13,Occasional,6,0,1709,DEV000298,326.25
C000299,NL,2023-02-25,Returning,23,0,1274,DEV000299,3863.2
C000300,IT,2022-11-03,Returning,21,0,1460,DEV000300,3080.78
C000301,FR,2024-08-25,Occasional,3,0,575,DEV000301,274.44
C000302,ES,2020-06-04,Returning,5,0,2565,DEV000302,391.83
C000303,IT,2019-09-16,Returning,8,0,2807,DEV000303,448.71
C000304,IE,2023-11-30,Returning,17,0,847,DEV000304,1292.73
C000305,CA,2025-11-07,New,2,0,677,DEV000305,221.1
C000306,FR,2025-06-17,New,2,0,438,DEV000306,275.92
C000307,AU,2023-11-14,Occasional,1,0,1096,DEV000307,52.99
C000308,IE,2025-05-29,New,1,0,723,DEV000308,43.35
C000309,IE,2023-11-23,Returning,11,0,1373,DEV000309,618.8
C000310,DE,2018-11-05,Loyal,66,0,2632,DEV000310,9257.19
C000311,GB,2023-02-11,Returning,24,0,1279,DEV000311,1786.77
C000312,US,2025-01-21,Occasional,6,0,845,DEV000312,755.24
C000313,DE,2022-03-21,Returning,24,0,2101,DEV000313,3503.81
C000314,DE,2022-09-06,Occasional,3,0,1239,DEV000314,174.46
C000315,DE,2025-05-04,New,2,0,911,DEV000315,299.9
C000316,NL,2023-07-06,Occasional,6,0,1468,DEV000316,806.39
C000317,ES,2025-03-17,New,2,0,805,DEV000317,135.0
C000318,AU,2025-06-05,New,1,0,302,DEV000318,131.21
C000319,DE,2022-08-27,Returning,21,0,1317,DEV000319,2471.49
C000320,GB,2025-05-14,New,1,0,840,DEV000320,109.2
C000321,FR,2025-04-08,Occasional,3,0,284,DEV000321,148.55
C000322,IE,2021-10-08,Returning,21,0,2063,DEV000322,2533.6
C000323,NL,2025-01-30,New,1,0,373,DEV000323,121.0
C000324,ES,2024-11-01,Returning,15,0,675,DEV000324,529.44
C000325,CA,2025-12-09,New,2,0,513,DEV000325,100.17
C000326,ES,2025-03-17,New,1,0,908,DEV000326,147.56
C000327,GB,2023-11-26,Returning,16,0,875,DEV000327,438.1
C000328,FR,2022-11-24,Occasional,5,0,1556,DEV000328,664.57
C000329,NL,2024-07-31,Returning,23,0,796,DEV000329,1617.16
C000330,ES,2021-09-04,Returning,7,0,1620,DEV000330,807.67
C000331,IE,2023-06-22,Occasional,5,0,1261,DEV000331,689.26
C000332,IE,2025-06-19,New,1,0,500,DEV000332,47.52
C000333,AU,2022-10-13,Occasional,6,0,1367,DEV000333,495.37
C000334,IT,2022-09-02,Returning,20,0,1497,DEV000334,2875.21
C000335,NL,2025-08-06,New,1,0,163,DEV000335,141.33
C000336,IT,2023-02-28,Occasional,2,1,1206,DEV000336,109.08
C000337,NL,2025-01-08,New,2,0,655,DEV000337,138.81
C000338,NL,2017-01-13,Loyal,28,0,3745,DEV000338,3389.55
C000339,ES,2023-05-06,Returning,21,0,1517,DEV000339,2569.97
C000340,GB,2025-01-12,New,0,0,587,DEV000340,0.0
C000341,NL,2024-08-05,Returning,7,0,1196,DEV000341,308.94
C000342,GB,2025-05-12,New,2,0,530,DEV000342,101.18
C000343,ES,2025-05-18,Occasional,6,0,361,DEV000343,528.37
C000344,IT,2025-03-29,Occasional,4,0,992,DEV000344,358.87
C000345,IT,2023-11-27,Returning,9,0,1186,DEV000345,426.01
C000346,IE,2023-11-30,Occasional,1,0,958,DEV000346,116.91
C000347,IT,2025-02-05,New,1,0,611,DEV000347,119.6
C000348,ES,2022-09-12,Returning,23,0,1257,DEV000348,2870.28
C000349,ES,2023-04-15,Returning,12,0,1305,DEV000349,1842.01
C000350,GB,2022-06-08,Occasional,3,0,1500,DEV000350,329.16
C000351,CA,2023-10-02,Returning,6,0,978,DEV000351,331.28
C000352,CA,2022-09-27,Occasional,4,0,1578,DEV000352,176.34
C000353,NL,2022-02-22,Loyal,89,0,1452,DEV000353,4106.9
C000354,AU,2025-11-20,New,0,0,219,DEV000354,0.0
C000355,NL,2024-08-21,Occasional,4,0,626,DEV000355,385.6
C000356,DE,2025-07-15,New,1,0,772,DEV000356,116.97
C000357,ES,2019-11-30,Returning,19,0,2838,DEV000357,375.46
C000358,NL,2025-02-22,New,2,0,573,DEV000358,54.62
C000359,ES,2017-04-13,Loyal,94,0,3844,DEV000359,10012.42
C000360,IT,2022-04-17,Occasional,3,0,2031,DEV000360,295.52
C000361,FR,2017-05-20,Loyal,95,0,3582,DEV000361,4452.75
C000362,IE,2025-06-17,New,2,0,834,DEV000362,194.98
C000363,GB,2019-02-05,Returning,15,0,3156,DEV000363,1528.17
C000364,NL,2023-07-19,Occasional,6,0,1522,DEV000364,442.48
C000365,AU,2022-02-15,Occasional,1,0,1724,DEV000365,22.63
C000366,CA,2025-03-27,New,0,0,676,DEV000366,0.0
C000367,FR,2025-02-27,New,2,0,811,DEV000367,136.31
C000368,AU,2024-12-06,Occasional,1,0,768,DEV000368,99.43
C000369,IE,2025-12-01,New,0,0,215,DEV000369,0.0
C000370,FR,2023-07-10,Occasional,4,0,1522,DEV000370,209.77
C000371,GB,2024-10-18,Occasional,1,0,1072,DEV000371,72.08
C000372,FR,2025-04-27,New,2,0,457,DEV000372,75.83
C000373,AU,2025-10-03,New,2,0,780,DEV000373,111.9
C000374,CA,2023-04-10,Occasional,4,0,1101,DEV000374,646.86
C000375,IT,2024-05-27,Returning,15,0,687,DEV000375,1806.26
C000376,NL,2023-11-21,Occasional,6,0,825,DEV000376,313.17
C000377,IT,2025-11-13,New,1,0,532,DEV000377,130.96
C000378,IE,2020-04-25,Returning,14,0,2356,DEV000378,1887.71
C000379,FR,2025-02-25,Occasional,3,0,565,DEV000379,281.4
C000380,GB,2019-06-25,Returning,19,0,2386,DEV000380,2464.83
C000381,CA,2024-08-29,Occasional,5,0,1104,DEV000381,446.15
C000382,ES,2022-11-16,Occasional,2,0,1766,DEV000382,254.72
C000383,AU,2025-03-10,New,2,0,355,DEV000383,140.54
C000384,FR,2025-05-23,New,1,0,816,DEV000384,167.76
C000385,DE,2023-04-14,Occasional,6,0,1039,DEV000385,742.93
C000386,FR,2022-01-09,Occasional,6,0,1789,DEV000386,1022.07
C000387,IT,2022-07-25,Occasional,5,0,1314,DEV000387,94.59
C000388,US,2024-01-29,Occasional,3,0,1355,DEV000388,193.04
C000389,NL,2017-01-27,Loyal,21,0,3594,DEV000389,3551.45
C000390,US,2025-01-11,New,2,0,867,DEV000390,128.73
C000391,ES,2025-02-02,Occasional,1,0,897,DEV000391,82.02
C000392,FR,2020-03-06,Returning,11,0,2379,DEV000392,1240.93
C000393,CA,2023-07-07,Loyal,65,0,1266,DEV000393,4971.71
C000394,GB,2025-08-09,New,0,0,263,DEV000394,0.0
C000395,IT,2025-05-16,Occasional,5,0,627,DEV000395,348.78
C000396,US,2024-03-11,Returning,20,0,1291,DEV000396,2426.75
C000397,IT,2019-11-14,Loyal,77,0,2875,DEV000397,2190.87
C000398,CA,2025-09-10,New,1,0,373,DEV000398,33.45
C000399,IE,2025-02-07,New,2,0,521,DEV000399,127.31
C000400,CA,2025-07-26,New,2,0,311,DEV000400,76.01
C000401,IT,2025-05-28,New,2,0,853,DEV000401,87.23
C000402,IE,2023-05-07,Occasional,3,0,1040,DEV000402,267.39
C000403,IT,2025-07-10,New,0,0,886,DEV000403,0.0
C000404,DE,2023-05-03,Occasional,6,0,1299,DEV000404,784.57
C000405,FR,2020-05-09,Returning,9,0,2117,DEV000405,483.32
C000406,IT,2025-01-28,Occasional,3,0,1019,DEV000406,260.5
C000407,US,2022-03-11,Occasional,2,0,1931,DEV000407,65.37
C000408,US,2025-07-28,New,0,0,616,DEV000408,0.0
C000409,CA,2024-01-12,Occasional,2,0,968,DEV000409,234.11
C000410,IE,2025-05-20,New,0,0,900,DEV000410,0.0
C000411,DE,2022-01-06,Returning,17,0,1723,DEV000411,1340.67
C000412,NL,2025-03-07,Occasional,3,0,437,DEV000412,158.08
C000413,NL,2022-09-16,Occasional,5,0,1613,DEV000413,182.57
C000414,US,2023-04-26,Occasional,4,0,1638,DEV000414,549.05
C000415,NL,2025-04-17,New,0,0,719,DEV000415,0.0
C000416,US,2024-04-06,Returning,21,0,788,DEV000416,1997.86
C000417,FR,2023-08-30,Occasional,5,0,1068,DEV000417,220.74
C000418,IE,2022-06-03,Occasional,2,0,1716,DEV000418,174.95
C000419,AU,2023-03-28,Returning,8,0,1343,DEV000419,1145.61
C000420,NL,2021-01-26,Loyal,94,0,2165,DEV000420,5693.9
C000421,CA,2019-02-20,Returning,12,0,2824,DEV000421,1405.08
C000422,GB,2024-03-24,Occasional,6,1,904,DEV000422,706.23
C000423,CA,2021-10-28,Returning,11,0,1763,DEV000423,758.1
C000424,NL,2024-03-20,Returning,16,0,1320,DEV000424,995.97
C000425,FR,2018-04-06,Loyal,64,0,3176,DEV000425,4542.23
C000426,ES,2025-08-03,New,2,0,677,DEV000426,145.51
C000427,IT,2021-07-06,Returning,21,0,1709,DEV000427,1716.63
C000428,CA,2022-10-16,Occasional,1,0,1635,DEV000428,61.73
C000429,ES,2025-03-27,New,1,0,827,DEV000429,67.96
C000430,CA,2022-04-24,Occasional,5,0,1579,DEV000430,190.39
C000431,GB,2025-08-27,Occasional,4,0,137,DEV000431,407.77
C000432,FR,2023-05-15,Occasional,6,0,1103,DEV000432,695.56
C000433,NL,2025-01-27,New,0,0,1031,DEV000433,0.0
C000434,IE,2025-07-13,Occasional,5,1,576,DEV000434,543.95
C000435,CA,2024-06-24,Occasional,1,0,1086,DEV000435,74.96
C000436,GB,2022-02-05,Occasional,5,1,1557,DEV000436,216.45
C000437,FR,2022-05-01,Occasional,6,0,2026,DEV000437,394.21
C000438,US,2023-06-12,Occasional,4,0,1230,DEV000438,522.85
C000439,IE,2025-10-14,New,2,0,320,DEV000439,229.26
C000440,NL,2023-10-02,Occasional,3,0,1349,DEV000440,331.96
C000441,NL,2025-11-16,New,0,0,498,DEV000441,0.0
C000442,IT,2023-01-09,Occasional,1,0,1447,DEV000442,124.99
C000443,IT,2025-11-02,New,1,0,432,DEV000443,61.95
C000444,NL,2021-02-20,Returning,24,0,1877,DEV000444,3034.83
C000445,ES,2025-11-27,New,2,0,41,DEV000445,182.42
C000446,IT,2023-10-17,Occasional,3,0,1403,DEV000446,284.18
C000447,US,2025-08-21,New,0,0,247,DEV000447,0.0
C000448,DE,2025-01-22,New,1,0,951,DEV000448,81.86
C000449,ES,2019-03-27,Returning,12,0,3197,DEV000449,360.16
C000450,NL,2024-07-31,Occasional,1,0,1228,DEV000450,77.3
C000451,AU,2017-01-23,Loyal,23,0,3648,DEV000451,3373.87
C000452,IT,2022-10-22,Occasional,1,0,1668,DEV000452,53.67
C000453,IE,2025-10-27,New,2,0,415,DEV000453,110.7
C000454,GB,2025-12-25,New,2,0,419,DEV000454,129.14
C000455,AU,2025-08-28,Occasional,4,0,447,DEV000455,185.62
C000456,ES,2025-09-26,Occasional,4,0,301,DEV000456,96.62
C000457,GB,2025-03-28,New,1,0,795,DEV000457,161.69
C000458,ES,2022-10-21,Returning,6,0,1718,DEV000458,227.43
C000459,NL,2022-02-04,Occasional,4,0,1565,DEV000459,541.91
C000460,IT,2025-09-15,New,1,0,535,DEV000460,124.72
C000461,ES,2025-07-06,New,0,0,900,DEV000461,0.0
C000462,CA,2020-03-19,Returning,5,0,2602,DEV000462,516.1
C000463,ES,2023-11-27,Returning,13,0,812,DEV000463,1978.71
C000464,NL,2022-05-28,Occasional,1,0,1449,DEV000464,49.84
C000465,ES,2023-09-07,Occasional,3,0,1302,DEV000465,284.08
C000466,FR,2023-01-14,Returning,15,0,1347,DEV000466,503.83
C000467,FR,2025-03-27,New,1,0,815,DEV000467,40.8
C000468,US,2018-01-09,Loyal,50,0,3096,DEV000468,4585.53
C000469,NL,2025-12-29,New,1,0,678,DEV000469,92.07
C000470,IT,2025-03-15,New,1,0,413,DEV000470,88.75
C000471,NL,2019-04-02,Loyal,95,0,2974,DEV000471,3269.26
C000472,IE,2023-05-26,Occasional,2,0,1400,DEV000472,98.46
C000473,GB,2022-11-20,Occasional,5,0,1475,DEV000473,344.29
C000474,ES,2022-02-18,Occasional,3,0,1445,DEV000474,58.8
C000475,CA,2023-07-19,Returning,11,0,1418,DEV000475,342.52
C000476,ES,2025-10-02,New,0,0,211,DEV000476,0.0
C000477,AU,2019-06-29,Returning,10,0,2739,DEV000477,966.83
C000478,US,2025-10-29,New,2,0,513,DEV000478,56.38
C000479,IT,2024-04-12,Returning,21,2,639,DEV000479,529.64
C000480,IT,2023-08-08,Occasional,2,0,1063,DEV000480,78.05
C000481,GB,2025-03-25,New,2,0,534,DEV000481,250.18
C000482,US,2022-09-23,Returning,7,0,1423,DEV000482,669.76
C000483,AU,2022-10-05,Loyal,27,0,1857,DEV000483,2482.8
C000484,AU,2025-03-14,New,0,0,336,DEV000484,0.0
C000485,DE,2025-07-24,New,0,0,739,DEV000485,0.0
C000486,ES,2022-12-16,Returning,17,0,1480,DEV000486,505.56
C000487,US,2025-12-20,New,2,0,428,DEV000487,288.05
C000488,NL,2023-06-17,Occasional,6,0,1604,DEV000488,790.77
C000489,ES,2022-11-29,Occasional,2,0,1584,DEV000489,298.13
C000490,FR,2024-10-22,Returning,15,0,645,DEV000490,2091.58
C000491,IE,2019-09-25,Returning,19,0,2704,DEV000491,2481.33
C000492,AU,2025-05-08,Occasional,4,0,862,DEV000492,466.96
C000493,IE,2025-11-10,New,1,0,654,DEV000493,60.95
C000494,AU,2022-02-05,Occasional,2,0,1987,DEV000494,327.33
C000495,ES,2025-04-25,New,2,0,675,DEV000495,72.74
C000496,ES,2019-08-28,Returning,24,0,2540,DEV000496,3454.15
C000497,IT,2019-01-22,Returning,22,0,2799,DEV000497,936.41
C000498,DE,2025-01-11,New,0,0,425,DEV000498,0.0
C000499,ES,2024-04-08,Occasional,6,0,1220,DEV000499,830.55
C000500,NL,2023-01-19,Occasional,2,0,1126,DEV000500,185.57
C000501,US,2022-06-24,Occasional,4,0,1943,DEV000501,382.08
C000502,ES,2024-06-14,Occasional,4,0,965,DEV000502,481.49
C000503,DE,2025-02-23,Occasional,4,0,433,DEV000503,534.83
C000504,FR,2022-07-18,Returning,8,0,1667,DEV000504,1284.78
C000505,ES,2025-05-03,New,1,0,708,DEV000505,29.87
C000506,GB,2025-02-18,Occasional,2,0,904,DEV000506,279.64
C000507,CA,2021-01-30,Loyal,34,0,2147,DEV000507,3701.79
C000508,CA,2023-10-04,Occasional,4,0,1311,DEV000508,553.98
C000509,IE,2025-06-03,New,1,0,461,DEV000509,57.47
C000510,IE,2025-08-12,New,1,0,433,DEV000510,79.0
C000511,CA,2021-05-07,Returning,13,0,2046,DEV000511,1424.14
C000512,FR,2025-05-08,New,0,0,555,DEV000512,0.0
C000513,US,2025-07-30,Occasional,1,0,846,DEV000513,62.8
C000514,DE,2023-05-30,Occasional,3,0,1259,DEV000514,121.64
C000515,US,2025-02-07,New,2,0,331,DEV000515,141.47
C000516,IT,2025-05-21,New,2,0,662,DEV000516,109.63
C000517,NL,2025-06-01,New,1,0,256,DEV000517,141.32
C000518,IE,2019-11-14,Loyal,41,0,2460,DEV000518,5000.54
C000519,ES,2024-01-27,Occasional,3,0,820,DEV000519,199.86
C000520,ES,2023-03-30,Occasional,6,0,1604,DEV000520,217.68
C000521,DE,2025-08-23,New,1,0,590,DEV000521,92.92
C000522,ES,2023-03-16,Returning,8,0,1201,DEV000522,304.71
C000523,IT,2025-12-16,New,1,0,244,DEV000523,150.64
C000524,IT,2024-02-06,Occasional,5,0,963,DEV000524,639.11
C000525,DE,2023-05-24,Occasional,4,0,965,DEV000525,129.4
C000526,CA,2025-05-25,New,1,0,260,DEV000526,71.72
C000527,NL,2025-03-01,New,1,0,652,DEV000527,58.93
C000528,AU,2025-10-31,New,2,0,541,DEV000528,122.85
C000529,GB,2025-07-30,New,2,0,439,DEV000529,306.76
C000530,CA,2025-04-25,New,2,0,684,DEV000530,67.48
C000531,DE,2025-11-03,New,1,0,142,DEV000531,135.42
C000532,GB,2025-07-22,Occasional,2,0,780,DEV000532,53.59
C000533,US,2022-07-26,Occasional,1,0,1633,DEV000533,41.02
C000534,IE,2023-09-27,Returning,14,0,1543,DEV000534,727.63
C000535,ES,2022-06-17,Occasional,3,0,1487,DEV000535,344.51
C000536,ES,2025-12-05,New,0,0,145,DEV000536,0.0
C000537,DE,2023-12-17,Returning,8,0,1102,DEV000537,804.02
C000538,NL,2024-08-08,Occasional,4,0,1186,DEV000538,486.92
C000539,IE,2024-02-15,Returning,11,0,843,DEV000539,556.05
C000540,DE,2025-09-28,New,1,0,473,DEV000540,46.56
C000541,DE,2024-07-27,Occasional,6,0,877,DEV000541,576.63
C000542,FR,2025-01-16,Occasional,2,0,879,DEV000542,89.97
C000543,DE,2023-05-15,Occasional,6,0,1250,DEV000543,785.5
C000544,NL,2025-10-18,New,0,0,719,DEV000544,0.0
C000545,IT,2025-11-02,New,1,0,349,DEV000545,23.0
C000546,IT,2024-01-11,Occasional,6,0,1135,DEV000546,249.75
C000547,DE,2023-07-26,Returning,21,0,1354,DEV000547,2310.36
C000548,NL,2025-07-22,Occasional,2,0,166,DEV000548,67.21
C000549,ES,2025-08-18,New,2,0,657,DEV000549,82.66
C000550,DE,2024-11-02,Returning,5,0,879,DEV000550,603.91
C000551,IE,2020-06-21,Returning,20,0,2410,DEV000551,1971.12
C000552,GB,2025-06-10,New,0,0,831,DEV000552,0.0
C000553,DE,2019-04-12,Loyal,95,0,2505,DEV000553,8551.76
C000554,CA,2024-07-20,Returning,11,0,967,DEV000554,534.59
C000555,US,2024-10-21,Returning,23,1,651,DEV000555,2337.2
C000556,GB,2017-11-03,Loyal,61,0,3101,DEV000556,1970.85
C000557,DE,2025-10-15,New,2,0,136,DEV000557,93.39
C000558,AU,2023-08-27,Occasional,4,0,913,DEV000558,87.68
C000559,US,2022-07-12,Returning,13,0,1667,DEV000559,255.04
C000560,AU,2023-05-25,Occasional,1,0,1619,DEV000560,81.68
C000561,AU,2023-05-13,Occasional,6,0,1233,DEV000561,449.39
C000562,FR,2025-09-30,New,1,0,459,DEV000562,62.94
C000563,CA,2019-11-07,Returning,5,0,2382,DEV000563,163.43
C000564,ES,2023-03-29,Returning,15,0,1158,DEV000564,1667.48
C000565,IE,2025-12-14,New,1,0,624,DEV000565,95.07
C000566,IE,2025-03-30,Occasional,4,0,864,DEV000566,354.96
C000567,IT,2025-09-29,New,2,0,657,DEV000567,320.43
C000568,NL,2023-03-01,Occasional,6,0,1540,DEV000568,509.07
C000569,CA,2024-12-16,Returning,20,0,725,DEV000569,906.0
C000570,NL,2019-05-30,Returning,24,0,3020,DEV000570,2338.27
C000571,GB,2023-04-30,Occasional,2,0,1039,DEV000571,70.31
C000572,CA,2025-11-17,New,2,0,590,DEV000572,259.52
C000573,DE,2020-12-08,Returning,17,0,2257,DEV000573,2798.77
C000574,IE,2022-01-26,Occasional,6,0,1938,DEV000574,141.06
C000575,IE,2024-04-12,Returning,7,0,1189,DEV000575,750.66
C000576,US,2025-06-05,Occasional,6,0,283,DEV000576,472.98
C000577,FR,2025-04-25,New,0,0,519,DEV000577,0.0
C000578,IE,2025-02-15,Occasional,5,0,392,DEV000578,250.17
C000579,ES,2025-01-14,New,2,0,496,DEV000579,186.21
C000580,AU,2025-05-22,New,0,0,572,DEV000580,0.0
C000581,DE,2024-03-12,Occasional,5,0,1276,DEV000581,288.78
C000582,CA,2019-04-11,Loyal,91,0,3023,DEV000582,12558.28
C000583,NL,2022-12-08,Returning,6,0,1542,DEV000583,493.39
C000584,IT,2025-12-27,New,1,0,565,DEV000584,81.48
C000585,US,2022-11-14,Returning,9,0,1157,DEV000585,747.97
C000586,AU,2022-08-10,Returning,11,0,1638,DEV000586,1342.68
C000587,GB,2024-09-20,Returning,11,0,719,DEV000587,1594.74
C000588,AU,2022-10-11,Occasional,6,0,1533,DEV000588,789.95
C000589,AU,2020-02-14,Returning,16,0,2306,DEV000589,856.59
C000590,GB,2024-05-28,Returning,8,0,640,DEV000590,1380.45
C000591,DE,2023-04-18,Occasional,2,0,1349,DEV000591,195.63
C000592,GB,2018-07-03,Loyal,79,0,3120,DEV000592,7695.45
C000593,US,2023-03-06,Occasional,6,0,1707,DEV000593,126.96
C000594,GB,2025-07-01,New,1,0,643,DEV000594,153.38
C000595,DE,2023-06-30,Occasional,2,0,951,DEV000595,79.42
C000596,GB,2025-07-19,New,2,0,883,DEV000596,43.48
C000597,US,2024-07-05,Returning,15,0,1264,DEV000597,1231.47
C000598,GB,2025-07-24,New,2,0,667,DEV000598,252.56
C000599,CA,2025-08-21,Occasional,1,0,534,DEV000599,43.88
C000600,IT,2022-01-30,Occasional,3,0,1701,DEV000600,451.28
C000601,NL,2025-07-29,Occasional,2,0,413,DEV000601,260.74
C000602,CA,2025-08-20,New,2,0,388,DEV000602,55.88
C000603,FR,2025-10-06,New,1,0,270,DEV000603,45.65
C000604,ES,2025-06-02,New,1,0,345,DEV000604,64.04
C000605,ES,2025-02-06,Occasional,5,0,342,DEV000605,560.62
C000606,IE,2025-09-15,New,2,0,731,DEV000606,317.65
C000607,ES,2024-08-17,Occasional,2,0,1110,DEV000607,286.55
C000608,FR,2023-12-09,Occasional,3,1,1330,DEV000608,397.74
C000609,ES,2025-06-27,New,2,0,868,DEV000609,237.77
C000610,IE,2022-10-14,Returning,10,1,1385,DEV000610,1060.77
C000611,AU,2024-07-20,Occasional,2,0,958,DEV000611,114.03
C000612,DE,2021-08-30,Returning,12,0,1642,DEV000612,612.39
C000613,FR,2023-07-10,Returning,16,2,1340,DEV000613,698.86
C000614,GB,2025-12-03,New,2,0,286,DEV000614,95.75
C000615,DE,2022-01-13,Returning,15,0,2117,DEV000615,479.74
C000616,IE,2025-05-25,Occasional,2,0,639,DEV000616,231.36
C000617,IE,2022-05-26,Returning,7,0,1707,DEV000617,451.62
C000618,FR,2025-07-20,New,2,0,170,DEV000618,230.98
C000619,CA,2020-08-13,Returning,13,0,2003,DEV000619,1515.93
C000620,IT,2022-08-14,Returning,10,0,1801,DEV000620,820.51
C000621,AU,2025-10-09,New,0,0,752,DEV000621,0.0
C000622,ES,2023-01-02,Occasional,2,0,1185,DEV000622,301.72
C000623,GB,2023-01-03,Returning,21,0,1323,DEV000623,3281.32
C000624,GB,2023-04-26,Occasional,2,0,1120,DEV000624,51.19
C000625,GB,2025-09-23,New,2,0,594,DEV000625,144.76
C000626,FR,2025-08-09,New,0,0,643,DEV000626,0.0
C000627,AU,2023-10-28,Occasional,4,0,1190,DEV000627,502.86
C000628,AU,2018-09-25,Loyal,68,0,2981,DEV000628,7363.87
C000629,DE,2023-05-10,Returning,9,0,1063,DEV000629,1118.5
C000630,CA,2025-07-08,New,1,0,585,DEV000630,122.84
C000631,ES,2022-03-13,Returning,19,0,1811,DEV000631,1127.04
C000632,DE,2022-11-23,Occasional,4,0,1679,DEV000632,241.12
C000633,ES,2019-07-01,Loyal,38,0,2490,DEV000633,5277.97
C000634,FR,2025-05-30,New,0,0,734,DEV000634,0.0
C000635,GB,2023-01-24,Returning,13,0,1701,DEV000635,1284.03
C000636,US,2023-01-06,Occasional,4,0,1267,DEV000636,442.84
C000637,CA,2025-09-22,New,0,0,757,DEV000637,0.0
C000638,AU,2025-04-05,New,0,0,693,DEV000638,0.0
C000639,ES,2022-06-29,Occasional,3,0,1371,DEV000639,150.05
C000640,CA,2020-07-19,Returning,8,0,2034,DEV000640,1087.49
C000641,ES,2025-03-27,New,1,0,898,DEV000641,40.78
C000642,CA,2023-05-24,Occasional,1,0,1395,DEV000642,72.06
C000643,IE,2025-03-29,New,0,0,502,DEV000643,0.0
C000644,US,2021-08-26,Returning,12,0,1692,DEV000644,1467.93
C000645,FR,2019-08-17,Loyal,60,0,2661,DEV000645,8614.54
C000646,NL,2025-09-04,Occasional,3,0,394,DEV000646,78.71
C000647,FR,2025-06-01,New,0,0,943,DEV000647,0.0
C000648,CA,2023-10-02,Occasional,2,0,1385,DEV000648,140.55
C000649,ES,2025-04-28,Occasional,3,0,530,DEV000649,343.15
C000650,GB,2024-07-14,Occasional,2,0,1241,DEV000650,245.56
C000651,IE,2025-10-23,New,2,0,129,DEV000651,294.81
C000652,FR,2020-05-27,Returning,22,0,2494,DEV000652,2670.85
C000653,NL,2024-10-23,Occasional,4,0,690,DEV000653,462.85
C000654,NL,2022-03-11,Occasional,6,0,1658,DEV000654,180.96
C000655,US,2021-07-12,Loyal,97,0,1764,DEV000655,11137.11
C000656,DE,2023-05-10,Loyal,95,0,1455,DEV000656,15090.98
C000657,CA,2025-02-04,Occasional,4,0,944,DEV000657,343.02
C000658,FR,2025-01-21,New,2,0,729,DEV000658,186.62
C000659,IT,2019-09-25,Loyal,35,0,2949,DEV000659,2486.94
C000660,IE,2020-07-10,Returning,6,0,2429,DEV000660,498.62
C000661,ES,2025-07-09,New,1,0,330,DEV000661,76.01
C000662,US,2024-05-14,Returning,15,0,846,DEV000662,2075.73
C000663,IT,2022-08-10,Occasional,4,0,1707,DEV000663,304.84
C000664,IE,2025-07-10,New,1,0,725,DEV000664,62.71
C000665,CA,2019-07-20,Loyal,74,0,3086,DEV000665,8430.46
C000666,ES,2021-10-20,Loyal,63,0,2044,DEV000666,3691.89
C000667,US,2023-11-16,Loyal,64,0,1150,DEV000667,2465.11
C000668,US,2020-06-21,Loyal,23,0,2029,DEV000668,2360.71
C000669,ES,2025-06-17,New,2,0,773,DEV000669,282.14
C000670,NL,2025-03-20,Occasional,3,0,1000,DEV000670,294.49
C000671,CA,2023-03-19,Occasional,4,0,1358,DEV000671,594.38
C000672,NL,2025-11-27,New,2,0,502,DEV000672,67.87
C000673,NL,2022-03-06,Loyal,92,0,1943,DEV000673,11792.7
C000674,DE,2025-12-16,New,0,0,553,DEV000674,0.0
C000675,US,2022-08-10,Returning,10,0,1844,DEV000675,696.3
C000676,AU,2023-04-21,Loyal,96,0,1629,DEV000676,13103.32
C000677,DE,2024-04-12,Occasional,4,0,765,DEV000677,469.89
C000678,US,2023-03-18,Occasional,6,0,1497,DEV000678,212.47
C000679,CA,2022-11-11,Occasional,6,0,1258,DEV000679,694.46
C000680,IT,2023-11-05,Occasional,2,0,948,DEV000680,216.75
C000681,FR,2025-01-25,Occasional,2,0,462,DEV000681,155.98
C000682,FR,2023-05-14,Occasional,6,0,992,DEV000682,459.18
C000683,CA,2021-03-19,Returning,19,0,2417,DEV000683,2306.13
C000684,AU,2022-09-14,Loyal,43,0,1245,DEV000684,3868.89
C000685,AU,2024-12-16,Returning,14,0,855,DEV000685,370.01
C000686,IE,2022-09-25,Returning,19,0,1340,DEV000686,1346.76
C000687,CA,2024-05-31,Occasional,3,0,1188,DEV000687,57.64
C000688,DE,2021-03-16,Returning,14,0,1825,DEV000688,1660.33
C000689,IE,2025-12-21,New,2,0,619,DEV000689,239.53
C000690,CA,2024-11-11,Occasional,4,0,728,DEV000690,224.43
C000691,NL,2025-08-26,New,0,0,556,DEV000691,0.0
C000692,DE,2025-02-04,Occasional,6,0,998,DEV000692,899.36
C000693,ES,2019-09-23,Returning,12,1,2798,DEV000693,215.3
C000694,IT,2025-04-23,New,0,0,660,DEV000694,0.0
C000695,IT,2023-08-18,Occasional,1,0,1212,DEV000695,108.74
C000696,NL,2024-08-23,Occasional,5,0,711,DEV000696,452.08
C000697,IT,2024-07-31,Occasional,4,0,1015,DEV000697,120.77
C000698,IE,2022-04-19,Occasional,4,0,1520,DEV000698,121.18
C000699,US,2019-03-15,Returning,23,0,2594,DEV000699,794.4
C000700,GB,2025-02-11,Occasional,2,0,613,DEV000700,181.4
C000701,CA,2022-12-07,Occasional,2,0,1313,DEV000701,96.4
C000702,US,2018-06-01,Loyal,29,0,2888,DEV000702,2767.04
C000703,US,2023-03-06,Occasional,5,0,1562,DEV000703,455.86
C000704,DE,2019-01-04,Returning,7,0,3032,DEV000704,283.49
C000705,US,2020-08-15,Returning,9,0,2335,DEV000705,1495.04
C000706,AU,2020-08-09,Returning,17,0,2321,DEV000706,1961.33
C000707,CA,2024-08-04,Occasional,3,0,620,DEV000707,356.88
C000708,US,2025-03-25,Occasional,4,0,305,DEV000708,469.37
C000709,CA,2023-02-19,Loyal,58,0,1768,DEV000709,1659.78
C000710,GB,2025-10-08,New,1,0,97,DEV000710,33.13
C000711,AU,2017-01-07,Loyal,78,0,3744,DEV000711,6708.11
C000712,ES,2022-03-19,Loyal,22,0,1853,DEV000712,902.44
C000713,IT,2021-08-14,Loyal,31,0,1610,DEV000713,5135.42
C000714,IT,2025-05-07,New,0,0,551,DEV000714,0.0
C000715,US,2020-11-25,Returning,9,0,2251,DEV000715,1325.17
C000716,CA,2025-01-06,New,2,0,841,DEV000716,49.26
C000717,CA,2024-02-12,Returning,18,0,818,DEV000717,2265.19
C000718,DE,2024-05-09,Occasional,2,0,929,DEV000718,264.06
C000719,IE,2023-04-06,Returning,7,0,1183,DEV000719,919.69
C000720,GB,2025-06-22,New,0,0,641,DEV000720,0.0
C000721,CA,2025-05-21,New,1,0,254,DEV000721,126.09
C000722,IE,2025-06-20,New,1,0,909,DEV000722,116.18
C000723,ES,2025-07-06,New,0,0,768,DEV000723,0.0
C000724,ES,2019-02-10,Loyal,76,0,2892,DEV000724,8777.98
C000725,CA,2025-12-10,New,2,0,377,DEV000725,217.07
C000726,FR,2024-02-27,Occasional,4,0,1144,DEV000726,221.38
C000727,AU,2018-10-07,Loyal,39,0,3172,DEV000727,3409.3
C000728,US,2025-10-19,New,2,0,86,DEV000728,73.37
C000729,ES,2023-09-24,Returning,8,0,1455,DEV000729,386.62
C000730,GB,2025-02-22,New,2,0,1030,DEV000730,145.74
C000731,NL,2023-06-18,Returning,6,0,1439,DEV000731,497.68
C000732,FR,2025-10-09,New,1,0,346,DEV000732,69.85
C000733,US,2022-02-10,Returning,7,0,1889,DEV000733,671.02
C000734,IT,2025-08-09,New,0,0,399,DEV000734,0.0
C000735,CA,2017-02-19,Loyal,75,0,3359,DEV000735,1623.14
C000736,ES,2025-05-12,New,1,0,840,DEV000736,158.7
C000737,US,2024-04-29,Occasional,3,0,1097,DEV000737,113.96
C000738,ES,2025-06-07,New,1,0,352,DEV000738,64.53
C000739,CA,2025-02-14,New,1,0,677,DEV000739,71.51
C000740,IT,2020-02-22,Loyal,68,0,2255,DEV000740,8771.77
C000741,FR,2021-03-13,Returning,18,0,2186,DEV000741,2347.9
C000742,CA,2025-04-30,New,2,0,656,DEV000742,82.35
C000743,CA,2020-08-28,Loyal,53,0,2658,DEV000743,6823.97
C000744,NL,2023-08-27,Occasional,4,0,1066,DEV000744,289.91
C000745,DE,2025-08-23,New,1,0,311,DEV000745,68.68
C000746,IE,2019-09-11,Returning,18,0,2852,DEV000746,2077.38
C000747,CA,2025-03-18,New,2,0,886,DEV000747,122.75
C000748,GB,2025-04-07,Occasional,2,0,386,DEV000748,189.66
C000749,GB,2020-01-30,Returning,5,0,2526,DEV000749,502.7
C000750,IE,2019-08-26,Returning,6,0,2532,DEV000750,235.61
C000751,GB,2023-09-23,Occasional,1,0,1440,DEV000751,47.57
C000752,CA,2025-05-08,New,1,0,850,DEV000752,24.38
C000753,AU,2025-09-07,New,1,0,285,DEV000753,123.59
C000754,US,2024-02-18,Returning,6,0,766,DEV000754,373.6
C000755,US,2023-05-24,Returning,12,0,1482,DEV000755,1040.95
C000756,US,2025-11-21,New,0,0,757,DEV000756,0.0
C000757,GB,2022-07-17,Occasional,5,0,1708,DEV000757,586.39
C000758,ES,2024-10-21,Occasional,1,0,957,DEV000758,150.55
C000759,NL,2024-05-03,Returning,21,0,1158,DEV000759,896.71
C000760,CA,2025-09-29,New,0,0,123,DEV000760,0.0
C000761,NL,2024-03-10,Returning,13,0,945,DEV000761,1452.16
C000762,CA,2022-12-29,Occasional,5,0,1357,DEV000762,520.82
C000763,FR,2024-10-03,Occasional,3,0,464,DEV000763,105.75
C000764,CA,2025-10-17,New,0,0,568,DEV000764,0.0
C000765,AU,2025-04-17,New,0,0,913,DEV000765,0.0
C000766,US,2025-09-06,New,1,0,542,DEV000766,115.25
C000767,ES,2022-10-24,Occasional,1,0,1420,DEV000767,144.97
C000768,FR,2022-01-28,Returning,18,0,1703,DEV000768,1493.4
C000769,CA,2024-07-31,Returning,17,0,638,DEV000769,620.73
C000770,DE,2021-01-03,Returning,24,0,2006,DEV000770,3996.58
C000771,US,2025-11-23,New,1,0,422,DEV000771,109.28
C000772,IT,2025-04-01,Occasional,3,0,824,DEV000772,233.22
C000773,AU,2025-03-20,New,2,0,985,DEV000773,55.67
C000774,FR,2025-12-14,New,1,0,473,DEV000774,57.79
C000775,GB,2025-02-05,New,0,0,999,DEV000775,0.0
C000776,NL,2022-01-02,Returning,16,0,1566,DEV000776,902.09
C000777,CA,2025-05-27,Occasional,6,0,685,DEV000777,158.48
C000778,IE,2020-11-11,Returning,8,0,1913,DEV000778,471.1
C000779,ES,2025-06-09,Occasional,4,0,865,DEV000779,542.28
C000780,FR,2025-03-17,New,0,1,912,DEV000780,0.0
C000781,CA,2020-02-27,Returning,20,0,2839,DEV000781,2298.99
C000782,NL,2025-09-24,Occasional,6,0,684,DEV000782,736.32
C000783,NL,2023-02-21,Occasional,5,0,1482,DEV000783,142.43
C000784,GB,2023-06-19,Returning,8,0,1333,DEV000784,342.05
C000785,AU,2022-10-23,Occasional,5,0,1698,DEV000785,633.84
C000786,FR,2025-10-26,New,2,0,787,DEV000786,128.5
C000787,FR,2025-05-17,New,1,0,621,DEV000787,134.36
C000788,AU,2020-12-17,Returning,15,0,2460,DEV000788,1216.02
C000789,AU,2024-02-15,Occasional,3,0,1375,DEV000789,250.17
C000790,DE,2025-04-18,New,0,0,510,DEV000790,0.0
C000791,US,2022-11-17,Occasional,1,0,1210,DEV000791,109.36
C000792,DE,2022-10-23,Returning,18,0,1658,DEV000792,1428.37
C000793,ES,2021-11-11,Loyal,70,1,2152,DEV000793,11079.86
C000794,IE,2025-02-14,New,0,0,756,DEV000794,0.0
C000795,CA,2022-08-10,Occasional,3,0,1844,DEV000795,519.61
C000796,GB,2020-07-27,Loyal,59,0,1996,DEV000796,9416.81
C000797,DE,2023-08-06,Occasional,1,0,1174,DEV000797,112.5
C000798,FR,2023-03-25,Returning,7,0,1732,DEV000798,254.76
C000799,FR,2020-03-06,Returning,22,0,2483,DEV000799,3126.2
C000800,FR,2022-09-27,Occasional,2,0,1873,DEV000800,87.59
C000801,NL,2022-09-06,Occasional,2,0,1448,DEV000801,219.57
C000802,NL,2019-12-20,Returning,20,0,2435,DEV000802,3035.0
C000803,ES,2018-07-01,Loyal,88,0,2924,DEV000803,10686.22
C000804,CA,2019-03-11,Returning,14,0,2608,DEV000804,1552.1
C000805,US,2021-06-18,Returning,17,0,2359,DEV000805,1083.92
C000806,US,2025-03-25,New,0,0,868,DEV000806,0.0
C000807,ES,2021-07-02,Returning,17,0,1923,DEV000807,2286.99
C000808,CA,2025-08-04,Occasional,1,0,525,DEV000808,24.56
C000809,DE,2024-03-12,Occasional,6,0,879,DEV000809,609.58
C000810,ES,2025-11-29,New,0,0,379,DEV000810,0.0
C000811,GB,2021-10-08,Returning,24,0,1942,DEV000811,841.7
C000812,IE,2025-05-06,New,2,0,666,DEV000812,249.5
C000813,GB,2025-01-17,New,0,0,708,DEV000813,0.0
C000814,CA,2023-12-11,Loyal,36,0,1191,DEV000814,5359.31
C000815,GB,2023-12-08,Occasional,1,0,854,DEV000815,72.14
C000816,GB,2024-05-06,Occasional,6,0,1099,DEV000816,704.57
C000817,IE,2023-09-04,Occasional,5,0,1382,DEV000817,728.02
C000818,CA,2024-05-17,Occasional,2,0,681,DEV000818,83.28
C000819,CA,2022-04-15,Returning,17,0,1665,DEV000819,2282.53
C000820,AU,2025-11-08,New,2,0,191,DEV000820,93.51
C000821,IE,2025-12-21,New,0,0,118,DEV000821,0.0
C000822,CA,2022-03-04,Returning,6,0,1974,DEV000822,216.75
C000823,IE,2025-05-23,New,0,0,755,DEV000823,0.0
C000824,ES,2025-10-11,New,1,0,258,DEV000824,42.96
C000825,FR,2019-10-31,Returning,16,0,2445,DEV000825,1919.23
C000826,ES,2020-04-26,Returning,7,0,2087,DEV000826,584.07
C000827,CA,2025-06-15,New,1,0,443,DEV000827,24.63
C000828,US,2025-04-30,New,0,0,464,DEV000828,0.0
C000829,GB,2022-04-23,Returning,8,0,1829,DEV000829,374.87
C000830,ES,2022-05-28,Returning,10,0,1844,DEV000830,1061.23
C000831,GB,2025-05-24,New,2,0,693,DEV000831,48.65
C000832,ES,2025-08-15,New,0,0,612,DEV000832,0.0
C000833,ES,2019-03-30,Returning,5,0,2938,DEV000833,202.98
C000834,AU,2020-03-30,Returning,18,0,2524,DEV000834,775.52
C000835,IT,2025-06-08,New,0,0,546,DEV000835,0.0
C000836,DE,2024-03-24,Occasional,1,0,840,DEV000836,114.79
C000837,CA,2025-09-03,New,2,0,415,DEV000837,149.21
C000838,AU,2023-12-22,Occasional,6,0,1401,DEV000838,225.98
C000839,DE,2020-05-13,Returning,5,0,2256,DEV000839,404.84
C000840,IE,2022-01-04,Returning,22,0,2077,DEV000840,731.73
C000841,ES,2025-07-19,New,0,0,834,DEV000841,0.0
C000842,IT,2025-09-27,New,0,0,547,DEV000842,0.0
C000843,ES,2025-06-26,Occasional,6,0,359,DEV000843,842.04
C000844,FR,2019-03-13,Returning,14,0,2998,DEV000844,2109.59
C000845,IE,2021-07-18,Returning,17,0,2141,DEV000845,501.31
C000846,AU,2023-12-02,Returning,10,0,1025,DEV000846,395.2
C000847,FR,2025-01-02,New,0,0,442,DEV000847,0.0
C000848,ES,2025-07-02,New,1,0,277,DEV000848,94.18
C000849,IT,2023-03-23,Loyal,75,0,1020,DEV000849,11499.07
C000850,IE,2025-01-15,New,1,0,387,DEV000850,21.06
C000851,IE,2023-06-06,Returning,15,0,1297,DEV000851,1851.78
C000852,IE,2024-07-25,Occasional,1,0,959,DEV000852,102.09
C000853,IT,2019-03-19,Returning,12,0,2805,DEV000853,1653.56
C000854,IE,2025-05-05,New,1,0,707,DEV000854,128.18
C000855,IT,2025-06-06,Occasional,6,0,917,DEV000855,626.46
C000856,IT,2022-07-26,Loyal,56,0,1834,DEV000856,6795.45
C000857,GB,2023-09-21,Occasional,1,0,1347,DEV000857,50.57
C000858,CA,2024-01-25,Occasional,5,0,1358,DEV000858,112.19
C000859,DE,2022-03-04,Occasional,2,0,1748,DEV000859,42.84
C000860,DE,2019-03-18,Returning,12,0,3034,DEV000860,1132.14
C000861,AU,2022-11-02,Occasional,2,0,1611,DEV000861,92.37
C000862,ES,2020-05-05,Loyal,59,0,2526,DEV000862,4516.77
C000863,CA,2020-05-22,Returning,21,0,2629,DEV000863,798.16
C000864,NL,2023-06-09,Occasional,1,0,1396,DEV000864,41.83
C000865,IE,2025-05-01,New,2,0,533,DEV000865,212.4
C000866,FR,2024-04-08,Occasional,4,0,1035,DEV000866,214.12
C000867,FR,2025-02-05,New,2,0,978,DEV000867,42.77
C000868,CA,2019-12-18,Returning,6,0,2611,DEV000868,834.07
C000869,IT,2025-08-16,New,2,0,324,DEV000869,344.54
C000870,CA,2020-02-05,Returning,13,0,2728,DEV000870,1227.02
C000871,GB,2025-06-21,Occasional,4,0,233,DEV000871,291.18
C000872,US,2019-10-06,Returning,18,0,2756,DEV000872,1046.16
C000873,ES,2023-03-02,Returning,18,0,1199,DEV000873,2980.73
C000874,GB,2019-07-26,Returning,15,0,2530,DEV000874,1582.52
C000875,IT,2025-08-12,Occasional,1,0,681,DEV000875,116.96
C000876,AU,2021-10-04,Returning,24,0,2015,DEV000876,2600.4
C000877,US,2021-07-21,Returning,18,0,2105,DEV000877,2166.89
C000878,IE,2025-09-19,Occasional,2,0,530,DEV000878,257.7
C000879,DE,2025-07-16,New,1,0,365,DEV000879,110.0
C000880,FR,2019-12-12,Returning,20,0,2366,DEV000880,1416.41
C000881,IT,2017-06-30,Loyal,41,0,3817,DEV000881,4917.37
C000882,AU,2019-08-06,Returning,23,0,2747,DEV000882,1403.01
C000883,GB,2017-03-27,Loyal,62,0,3571,DEV000883,6580.73
C000884,GB,2023-11-03,Returning,17,0,1098,DEV000884,1741.35
C000885,CA,2023-07-24,Occasional,3,0,994,DEV000885,174.88
C000886,IT,2023-07-22,Returning,8,0,1383,DEV000886,896.3
C000887,IT,2020-01-15,Loyal,98,0,2187,DEV000887,9098.97
C000888,CA,2022-02-08,Occasional,1,0,1866,DEV000888,62.19
C000889,US,2020-10-16,Returning,8,0,2518,DEV000889,883.3
C000890,NL,2019-09-16,Returning,22,0,2601,DEV000890,1133.97
C000891,IT,2020-02-05,Returning,16,0,2392,DEV000891,2585.12
C000892,FR,2024-10-03,Occasional,5,0,603,DEV000892,261.96
C000893,IT,2020-08-05,Returning,18,0,2698,DEV000893,1488.03
C000894,AU,2018-04-17,Loyal,71,0,2877,DEV000894,3291.48
C000895,AU,2025-03-08,Occasional,1,0,1027,DEV000895,26.98
C000896,IE,2021-11-17,Returning,23,0,1842,DEV000896,1616.3
C000897,ES,2019-06-21,Loyal,98,0,2598,DEV000897,10841.74
C000898,CA,2019-12-26,Loyal,36,0,2890,DEV000898,4064.72
C000899,CA,2025-06-15,New,1,0,338,DEV000899,82.32
C000900,US,2022-12-26,Occasional,6,0,1636,DEV000900,539.79
C000901,GB,2022-04-03,Occasional,5,0,1762,DEV000901,309.25
C000902,CA,2025-03-04,Occasional,4,0,844,DEV000902,261.96
C000903,NL,2025-09-26,New,0,0,247,DEV000903,0.0
C000904,FR,2025-12-09,New,0,0,70,DEV000904,0.0
C000905,DE,2023-08-27,Occasional,5,1,1003,DEV000905,144.4
C000906,FR,2019-05-22,Returning,12,0,2948,DEV000906,1503.46
C000907,ES,2020-11-22,Returning,6,0,2286,DEV000907,187.37
C000908,US,2023-09-06,Returning,22,0,1343,DEV000908,3245.79
C000909,CA,2022-04-18,Occasional,1,0,1614,DEV000909,86.53
C000910,AU,2025-10-08,New,2,0,410,DEV000910,131.93
C000911,IE,2025-06-02,New,0,0,733,DEV000911,0.0
C000912,FR,2020-02-29,Returning,20,0,2393,DEV000912,2026.3
C000913,IT,2022-08-05,Returning,6,0,1281,DEV000913,416.13
C000914,FR,2025-02-05,New,2,0,807,DEV000914,213.18
C000915,AU,2023-12-30,Loyal,82,0,898,DEV000915,9378.56
C000916,AU,2022-02-01,Occasional,3,0,2140,DEV000916,69.07
C000917,GB,2025-02-10,New,0,0,601,DEV000917,0.0
C000918,IE,2021-12-02,Returning,23,0,2114,DEV000918,3730.25
C000919,IE,2020-08-18,Returning,10,0,2486,DEV000919,1357.65
C000920,IE,2023-05-17,Returning,6,0,979,DEV000920,173.75
C000921,FR,2025-02-21,Occasional,6,0,563,DEV000921,362.8
C000922,US,2024-04-25,Returning,5,0,1177,DEV000922,471.81
C000923,IE,2019-03-23,Loyal,93,0,2954,DEV000923,3246.27
C000924,AU,2025-07-03,New,0,0,632,DEV000924,0.0
C000925,IT,2025-03-22,New,0,0,502,DEV000925,0.0
C000926,DE,2025-02-10,New,2,1,746,DEV000926,211.14
C000927,ES,2025-12-30,New,1,0,707,DEV000927,77.08
C000928,IT,2020-06-06,Returning,11,0,2062,DEV000928,291.9
C000929,FR,2023-08-21,Returning,7,0,1158,DEV000929,642.72
C000930,ES,2025-01-17,New,2,0,585,DEV000930,137.11
C000931,US,2023-02-22,Returning,18,0,1369,DEV000931,1973.28
C000932,GB,2024-08-26,Occasional,1,0,586,DEV000932,20.14
C000933,IE,2025-10-14,New,1,0,670,DEV000933,36.12
C000934,IT,2024-10-10,Occasional,2,0,1157,DEV000934,204.84
C000935,ES,2025-06-21,New,1,0,284,DEV000935,110.67
C000936,GB,2025-09-04,New,1,0,658,DEV000936,53.84
C000937,FR,2019-05-06,Loyal,88,0,2511,DEV000937,4628.33
C000938,FR,2022-02-14,Returning,19,0,2079,DEV000938,1095.69
C000939,AU,2024-03-07,Occasional,2,0,863,DEV000939,55.78
C000940,DE,2025-12-22,New,0,0,280,DEV000940,0.0
C000941,AU,2020-11-11,Loyal,56,0,2014,DEV000941,2417.65
C000942,CA,2025-08-02,Occasional,1,0,776,DEV000942,28.25
C000943,NL,2020-01-06,Returning,15,0,2233,DEV000943,1534.53
C000944,GB,2021-10-19,Returning,20,0,1838,DEV000944,1440.34
C000945,CA,2020-01-28,Returning,13,0,2573,DEV000945,1827.14
C000946,US,2019-01-17,Returning,24,0,2646,DEV000946,931.97
C000947,IE,2023-04-17,Occasional,5,0,1377,DEV000947,355.39
C000948,FR,2020-09-26,Returning,6,0,2109,DEV000948,157.78
C000949,NL,2025-05-12,Occasional,4,0,273,DEV000949,217.15
C000950,CA,2025-10-03,New,1,0,689,DEV000950,63.07
C000951,ES,2024-08-15,Returning,14,0,638,DEV000951,2114.92
C000952,IE,2022-04-04,Returning,12,0,1930,DEV000952,1447.99
C000953,IT,2025-11-25,New,2,0,557,DEV000953,167.66
C000954,FR,2023-03-07,Occasional,4,0,1718,DEV000954,340.8
C000955,ES,2023-10-04,Occasional,6,0,1416,DEV000955,868.04
C000956,NL,2025-08-27,New,1,0,506,DEV000956,62.62
C000957,CA,2023-04-05,Occasional,6,0,1670,DEV000957,706.93
C000958,FR,2025-03-05,New,1,0,380,DEV000958,126.58
C000959,IE,2019-02-07,Returning,19,0,3111,DEV000959,1361.04
C000960,IE,2023-07-23,Occasional,2,0,1101,DEV000960,246.01
C000961,US,2025-06-23,New,1,0,272,DEV000961,161.04
C000962,AU,2025-09-02,New,2,0,228,DEV000962,183.94
C000963,DE,2025-06-05,Occasional,1,0,225,DEV000963,58.83
C000964,CA,2025-03-05,Occasional,3,0,674,DEV000964,259.02
C000965,GB,2024-08-16,Occasional,4,0,1221,DEV000965,173.24
C000966,AU,2025-11-06,New,1,0,741,DEV000966,102.41
C000967,US,2024-02-27,Returning,15,0,1397,DEV000967,627.8
C000968,NL,2024-05-06,Occasional,3,0,693,DEV000968,147.98
C000969,ES,2022-03-29,Occasional,4,0,2011,DEV000969,146.32
C000970,GB,2025-07-29,Occasional,4,0,488,DEV000970,197.65
C000971,IT,2022-11-25,Occasional,4,0,1576,DEV000971,450.6
C000972,ES,2025-06-03,New,2,0,390,DEV000972,54.1
C000973,US,2024-11-27,Occasional,3,0,560,DEV000973,248.16
C000974,FR,2023-04-13,Returning,19,0,1237,DEV000974,1888.49
C000975,CA,2022-03-10,Occasional,2,0,1519,DEV000975,217.82
C000976,FR,2023-01-13,Occasional,3,0,1776,DEV000976,318.03
C000977,IE,2025-02-01,Occasional,4,0,691,DEV000977,385.09
C000978,FR,2021-11-06,Returning,14,0,1627,DEV000978,1721.17
C000979,IE,2024-07-17,Returning,14,0,734,DEV000979,1223.06
C000980,CA,2022-09-30,Returning,17,0,1465,DEV000980,1807.91
C000981,DE,2024-02-25,Occasional,5,0,719,DEV000981,327.2
C000982,NL,2025-04-19,New,1,0,711,DEV000982,132.34
C000983,FR,2023-12-21,Occasional,6,0,873,DEV000983,803.12
C000984,IE,2023-11-12,Occasional,2,0,1425,DEV000984,312.88
C000985,US,2025-08-10,Occasional,3,0,279,DEV000985,231.55
C000986,ES,2023-10-22,Occasional,5,0,1239,DEV000986,135.61
C000987,DE,2025-09-21,New,2,0,316,DEV000987,100.94
C000988,ES,2019-08-11,Returning,24,0,2441,DEV000988,1213.06
C000989,CA,2025-06-26,New,2,0,469,DEV000989,248.77
C000990,DE,2018-01-07,Loyal,98,0,3581,DEV000990,10316.57
C000991,US,2025-08-27,Occasional,3,0,682,DEV000991,391.01
C000992,CA,2023-06-09,Occasional,3,0,1460,DEV000992,313.38
C000993,IT,2024-01-11,Returning,15,0,1106,DEV000993,548.91
C000994,IT,2025-09-05,New,2,0,824,DEV000994,215.89
C000995,IE,2020-11-15,Loyal,80,0,2434,DEV000995,9494.37
C000996,FR,2025-11-07,New,1,0,649,DEV000996,25.53
C000997,DE,2025-01-12,New,1,0,429,DEV000997,93.43
C000998,DE,2020-08-06,Returning,21,0,2111,DEV000998,1097.23
C000999,US,2022-10-11,Occasional,4,0,1695,DEV000999,411.04
C001000,IE,2025-02-27,New,2,0,908,DEV001000,119.98
C001001,AU,2022-11-04,Loyal,29,0,1487,DEV001001,1630.29
C001002,IE,2022-05-07,Returning,18,0,1702,DEV001002,2054.09
C001003,GB,2022-02-19,Loyal,58,0,2103,DEV001003,7287.18
C001004,AU,2025-03-30,New,2,0,304,DEV001004,63.65
C001005,ES,2023-05-22,Occasional,4,0,1631,DEV001005,158.27
C001006,CA,2024-08-16,Occasional,1,0,951,DEV001006,58.28
C001007,AU,2021-02-05,Returning,18,0,2360,DEV001007,1593.79
C001008,IT,2023-02-14,Occasional,3,0,1749,DEV001008,280.0
C001009,CA,2025-11-07,New,2,0,354,DEV001009,39.52
C001010,IT,2025-04-23,New,1,0,749,DEV001010,28.79
C001011,DE,2024-11-26,Occasional,5,0,1056,DEV001011,549.37
C001012,US,2025-06-20,New,0,0,446,DEV001012,0.0
C001013,IE,2021-05-09,Returning,12,0,2092,DEV001013,1114.97
C001014,ES,2022-05-30,Occasional,2,0,1567,DEV001014,308.86
C001015,IE,2025-04-19,Occasional,3,0,858,DEV001015,252.18
C001016,AU,2019-11-07,Returning,18,0,2608,DEV001016,1557.17
C001017,IT,2022-03-14,Occasional,2,0,1832,DEV001017,97.55
C001018,IE,2022-10-10,Occasional,3,0,1823,DEV001018,179.66
C001019,US,2022-08-05,Occasional,2,0,1375,DEV001019,78.99
C001020,FR,2023-02-23,Occasional,2,0,1696,DEV001020,53.34
C001021,DE,2019-07-21,Returning,10,0,2645,DEV001021,424.62
C001022,NL,2023-07-24,Occasional,6,0,1016,DEV001022,598.5
C001023,IE,2021-06-09,Returning,6,0,1866,DEV001023,954.46
C001024,IT,2018-04-12,Loyal,34,0,2820,DEV001024,689.73
C001025,DE,2021-11-25,Returning,6,0,1938,DEV001025,689.43
C001026,DE,2022-08-19,Occasional,2,1,1512,DEV001026,304.88
C001027,FR,2024-11-02,Occasional,5,0,863,DEV001027,342.87
C001028,IE,2025-10-04,New,1,0,692,DEV001028,21.83
C001029,AU,2025-01-22,Occasional,1,0,817,DEV001029,82.48
C001030,DE,2021-01-28,Returning,22,0,2271,DEV001030,1929.83
C001031,IE,2023-10-12,Occasional,6,0,1337,DEV001031,375.57
C001032,ES,2023-09-13,Occasional,3,0,1539,DEV001032,468.96
C001033,NL,2025-01-31,New,1,0,1060,DEV001033,60.35
C001034,CA,2023-12-16,Occasional,3,0,1264,DEV001034,146.02
C001035,FR,2025-06-03,New,2,0,259,DEV001035,129.16
C001036,US,2022-06-14,Returning,8,0,1886,DEV001036,1062.84
C001037,CA,2025-05-07,New,1,0,470,DEV001037,132.7
C001038,DE,2022-03-15,Occasional,4,0,1948,DEV001038,94.48
C001039,US,2022-07-06,Occasional,5,0,1795,DEV001039,420.67
C001040,DE,2025-09-23,New,2,0,469,DEV001040,194.27
C001041,GB,2019-09-25,Returning,16,0,2540,DEV001041,1384.93
C001042,DE,2021-01-07,Returning,12,0,1883,DEV001042,1276.77
C001043,CA,2025-10-24,New,1,0,305,DEV001043,24.5
C001044,DE,2020-12-25,Loyal,26,0,1947,DEV001044,1813.92
C001045,IE,2025-07-28,New,2,0,487,DEV001045,219.47
C001046,ES,2025-10-14,New,2,0,204,DEV001046,184.76
C001047,CA,2022-12-28,Loyal,94,0,1239,DEV001047,7936.95
C001048,FR,2024-05-19,Returning,9,0,833,DEV001048,1190.57
C001049,AU,2023-04-26,Occasional,5,0,1573,DEV001049,120.49
C001050,ES,2023-10-06,Occasional,2,0,971,DEV001050,167.18
C001051,ES,2021-07-24,Loyal,99,1,2148,DEV001051,7920.37
C001052,FR,2019-05-26,Returning,14,0,2476,DEV001052,241.28
C001053,NL,2021-01-17,Returning,8,0,1989,DEV001053,175.39
C001054,IT,2022-05-31,Returning,24,0,1514,DEV001054,442.3
C001055,IE,2021-02-15,Returning,14,0,2139,DEV001055,1694.58
C001056,FR,2024-07-20,Returning,22,0,1179,DEV001056,1345.81
C001057,CA,2023-04-28,Occasional,5,0,1061,DEV001057,471.13
C001058,NL,2024-02-16,Returning,23,0,749,DEV001058,737.76
C001059,IE,2021-06-06,Loyal,45,0,2146,DEV001059,1536.52
C001060,NL,2022-01-26,Occasional,4,0,1813,DEV001060,523.46
C001061,US,2025-04-28,New,2,0,588,DEV001061,225.04
C001062,US,2022-09-21,Occasional,5,0,1509,DEV001062,624.79
C001063,AU,2025-11-30,New,2,0,162,DEV001063,202.24
C001064,NL,2023-07-30,Occasional,5,0,1549,DEV001064,742.78
C001065,DE,2019-06-07,Returning,8,0,3046,DEV001065,286.24
C001066,IT,2022-09-20,Returning,24,0,1411,DEV001066,2873.51
C001067,NL,2025-02-02,Occasional,5,0,350,DEV001067,384.92
C001068,CA,2021-09-25,Loyal,33,0,2257,DEV001068,4063.83
C001069,FR,2023-05-31,Returning,20,0,1530,DEV001069,2957.23
C001070,GB,2024-10-28,Occasional,5,0,835,DEV001070,568.15
C001071,FR,2024-03-31,Returning,8,0,1193,DEV001071,680.7
C001072,AU,2025-05-29,New,1,0,348,DEV001072,47.74
C001073,DE,2025-09-14,New,2,0,427,DEV001073,275.31
C001074,IE,2022-09-11,Occasional,3,0,1854,DEV001074,69.41
C001075,CA,2021-06-02,Returning,10,0,1974,DEV001075,837.43
C001076,IE,2022-03-20,Returning,6,0,2085,DEV001076,979.47
C001077,DE,2024-08-17,Occasional,3,0,1023,DEV001077,75.97
C001078,FR,2020-07-12,Returning,15,0,2668,DEV001078,2460.48
C001079,AU,2022-06-14,Occasional,4,0,1969,DEV001079,158.41
C001080,IE,2018-11-07,Loyal,74,0,2714,DEV001080,8459.25
C001081,IE,2022-08-12,Occasional,5,0,1435,DEV001081,517.71
C001082,IT,2023-12-30,Occasional,2,0,894,DEV001082,201.29
C001083,ES,2023-09-03,Occasional,2,0,1382,DEV001083,303.88
C001084,NL,2025-04-28,New,0,0,653,DEV001084,0.0
C001085,US,2025-08-18,Occasional,3,0,808,DEV001085,60.28
C001086,ES,2025-07-09,New,0,0,567,DEV001086,0.0
C001087,NL,2022-05-02,Occasional,1,0,1772,DEV001087,128.34
C001088,IE,2025-12-20,New,0,0,177,DEV001088,0.0
C001089,GB,2025-08-06,Occasional,3,0,686,DEV001089,135.72
C001090,CA,2023-07-29,Occasional,4,0,1089,DEV001090,91.52
C001091,IE,2022-04-20,Occasional,1,0,1492,DEV001091,139.26
C001092,IE,2025-11-18,New,2,0,750,DEV001092,149.75
C001093,AU,2024-07-02,Occasional,5,0,730,DEV001093,183.07
C001094,GB,2023-07-17,Loyal,21,0,1606,DEV001094,2537.46
C001095,ES,2023-05-17,Occasional,1,0,1440,DEV001095,107.15
C001096,GB,2017-11-12,Loyal,71,0,3296,DEV001096,9967.89
C001097,US,2024-11-13,Returning,18,0,1044,DEV001097,1320.12
C001098,AU,2023-03-07,Occasional,4,0,1129,DEV001098,400.28
C001099,IT,2019-04-02,Returning,19,0,3165,DEV001099,1308.17
C001100,NL,2021-06-10,Loyal,58,0,2363,DEV001100,4129.15
C001101,AU,2020-10-16,Returning,9,0,2265,DEV001101,594.13
C001102,CA,2025-04-15,Occasional,1,0,589,DEV001102,100.86
C001103,ES,2023-06-08,Occasional,6,0,1082,DEV001103,601.29
C001104,GB,2023-05-11,Returning,15,0,1008,DEV001104,1726.3
C001105,GB,2021-08-27,Loyal,47,1,2133,DEV001105,7010.92
C001106,IE,2025-05-04,New,1,0,843,DEV001106,156.77
C001107,GB,2023-10-28,Occasional,4,0,1234,DEV001107,659.95
C001108,IE,2023-06-14,Occasional,1,0,1292,DEV001108,29.42
C001109,CA,2025-05-07,New,2,0,402,DEV001109,164.71
C001110,AU,2022-05-29,Occasional,1,0,1977,DEV001110,44.38
C001111,FR,2023-09-25,Loyal,68,0,869,DEV001111,7084.19
C001112,AU,2022-06-15,Returning,7,0,1816,DEV001112,499.47
C001113,FR,2025-03-11,New,0,0,374,DEV001113,0.0
C001114,FR,2022-03-24,Occasional,3,0,1653,DEV001114,223.69
C001115,IE,2025-03-29,New,1,0,533,DEV001115,94.41
C001116,NL,2020-03-03,Loyal,78,0,2815,DEV001116,11897.15
C001117,DE,2025-05-05,New,2,0,464,DEV001117,125.58
C001118,GB,2024-02-13,Returning,13,0,776,DEV001118,522.2
C001119,CA,2025-03-02,New,1,0,557,DEV001119,128.35
C001120,GB,2020-07-26,Returning,22,0,2149,DEV001120,2035.45
C001121,IT,2025-02-01,New,1,0,342,DEV001121,112.28
C001122,GB,2025-05-09,New,1,0,370,DEV001122,111.46
C001123,NL,2023-12-18,Occasional,3,0,792,DEV001123,226.5
C001124,FR,2025-03-10,Occasional,4,0,858,DEV001124,254.82
C001125,US,2025-12-08,New,1,0,611,DEV001125,68.9
C001126,AU,2025-02-15,New,2,0,333,DEV001126,103.52
C001127,CA,2024-12-20,Returning,20,0,669,DEV001127,782.71
C001128,IE,2022-02-27,Occasional,2,0,1469,DEV001128,226.02
C001129,IE,2023-06-24,Occasional,4,0,1458,DEV001129,478.36
C001130,US,2021-10-19,Returning,12,0,2177,DEV001130,770.55
C001131,DE,2025-03-19,New,2,0,424,DEV001131,72.57
C001132,AU,2025-08-25,New,2,0,550,DEV001132,61.18
C001133,GB,2025-12-12,New,2,0,77,DEV001133,268.02
C001134,FR,2021-07-15,Returning,7,0,2276,DEV001134,542.09
C001135,DE,2025-07-22,Occasional,5,0,849,DEV001135,726.53
C001136,FR,2022-02-06,Returning,16,0,2133,DEV001136,1243.51
C001137,DE,2024-09-12,Occasional,2,0,854,DEV001137,196.51
C001138,FR,2022-11-20,Returning,16,0,1240,DEV001138,1008.63
C001139,CA,2025-11-05,New,0,0,259,DEV001139,0.0
C001140,IT,2019-02-27,Returning,12,0,3020,DEV001140,1748.92
C001141,CA,2020-01-17,Returning,12,0,2577,DEV001141,1003.94
C001142,IE,2024-04-07,Returning,11,0,784,DEV001142,963.23
C001143,CA,2025-04-05,New,0,0,977,DEV001143,0.0
C001144,IE,2025-02-26,New,0,0,980,DEV001144,0.0
C001145,IT,2022-12-11,Occasional,6,0,1235,DEV001145,245.81
C001146,IT,2025-02-10,New,2,0,493,DEV001146,247.41
C001147,US,2022-05-21,Returning,7,0,1496,DEV001147,115.93
C001148,DE,2025-10-25,New,0,0,648,DEV001148,0.0
C001149,CA,2024-01-16,Occasional,3,0,1168,DEV001149,269.1
C001150,GB,2022-02-11,Returning,20,0,1827,DEV001150,938.34
C001151,US,2025-11-16,New,1,0,649,DEV001151,120.32
C001152,NL,2023-04-20,Occasional,3,0,1671,DEV001152,172.73
C001153,DE,2025-01-20,New,2,0,918,DEV001153,91.66
C001154,IE,2021-08-29,Returning,22,0,2296,DEV001154,2971.4
C001155,ES,2023-03-26,Occasional,3,0,1265,DEV001155,148.15
C001156,ES,2025-09-03,New,1,0,543,DEV001156,84.6
C001157,CA,2024-08-21,Returning,24,0,854,DEV001157,1555.17
C001158,AU,2025-12-05,New,0,0,208,DEV001158,0.0
C001159,IE,2021-06-08,Loyal,98,0,2194,DEV001159,4275.52
C001160,FR,2025-07-29,New,2,0,703,DEV001160,203.82
C001161,DE,2025-11-04,New,0,0,493,DEV001161,0.0
C001162,CA,2022-01-06,Returning,14,0,2183,DEV001162,1089.03
C001163,FR,2022-02-05,Occasional,1,0,1873,DEV001163,85.22
C001164,NL,2025-06-14,Occasional,6,0,385,DEV001164,176.75
C001165,DE,2025-10-20,New,1,0,628,DEV001165,83.09
C001166,DE,2024-10-09,Returning,22,0,618,DEV001166,910.33
C001167,GB,2025-09-02,Occasional,4,0,575,DEV001167,675.0
C001168,IE,2025-03-10,New,2,0,622,DEV001168,46.49
C001169,US,2022-05-27,Occasional,3,0,1450,DEV001169,322.86
C001170,GB,2023-07-03,Occasional,6,0,1568,DEV001170,703.36
C001171,DE,2025-06-13,New,2,0,644,DEV001171,273.49
C001172,GB,2023-11-23,Returning,11,0,901,DEV001172,1340.76
C001173,IT,2025-12-24,New,1,0,276,DEV001173,127.35
C001174,AU,2022-09-08,Occasional,3,0,1214,DEV001174,282.76
C001175,ES,2023-06-22,Occasional,4,0,1506,DEV001175,509.07
C001176,IT,2023-05-18,Returning,15,0,1398,DEV001176,1391.74
C001177,AU,2025-09-29,Occasional,1,0,294,DEV001177,161.48
C001178,NL,2019-01-18,Loyal,97,0,2541,DEV001178,8418.01
C001179,CA,2025-05-22,New,2,0,567,DEV001179,211.23
C001180,AU,2025-05-12,New,0,0,589,DEV001180,0.0
C001181,GB,2022-02-23,Occasional,2,0,1798,DEV001181,229.1
C001182,IE,2019-11-26,Returning,10,0,2870,DEV001182,684.52
C001183,DE,2025-06-25,New,1,0,869,DEV001183,95.07
C001184,GB,2021-01-27,Returning,10,0,1914,DEV001184,1451.62
C001185,CA,2022-05-02,Returning,8,0,1690,DEV001185,727.18
C001186,GB,2019-11-08,Loyal,34,0,2932,DEV001186,2102.45
C001187,AU,2025-04-13,New,0,0,808,DEV001187,0.0
C001188,ES,2020-01-11,Returning,14,0,2887,DEV001188,1773.69
C001189,IE,2020-10-15,Loyal,53,0,2595,DEV001189,6263.26
C001190,US,2023-05-10,Returning,11,0,1528,DEV001190,871.67
C001191,FR,2020-11-09,Returning,7,0,2025,DEV001191,252.99
C001192,CA,2019-09-14,Loyal,77,0,2925,DEV001192,8199.95
C001193,NL,2019-07-03,Loyal,65,0,2912,DEV001193,7793.08
C001194,IT,2023-08-17,Occasional,3,0,942,DEV001194,379.85
C001195,DE,2025-01-30,New,1,0,955,DEV001195,47.16
C001196,CA,2021-01-13,Returning,14,0,2299,DEV001196,1029.12
C001197,ES,2025-02-08,Occasional,2,0,685,DEV001197,223.65
C001198,GB,2024-06-11,Occasional,6,0,839,DEV001198,811.35
C001199,GB,2025-11-01,New,1,0,334,DEV001199,52.48
C001200,ES,2025-06-26,New,2,1,559,DEV001200,204.06
C001201,IT,2023-03-24,Occasional,5,0,1552,DEV001201,222.6
C001202,AU,2025-10-28,New,2,0,121,DEV001202,103.15
C001203,IE,2022-09-05,Occasional,1,0,1579,DEV001203,143.12
C001204,FR,2025-02-05,New,2,0,651,DEV001204,230.68
C001205,IE,2025-04-14,Occasional,2,0,454,DEV001205,113.56
C001206,ES,2024-11-21,Occasional,5,0,676,DEV001206,465.56
C001207,AU,2022-11-01,Occasional,2,0,1201,DEV001207,234.01
C001208,FR,2025-08-17,Occasional,4,0,702,DEV001208,573.13
C001209,FR,2024-03-15,Occasional,3,0,1384,DEV001209,225.67
C001210,CA,2024-08-05,Occasional,4,0,891,DEV001210,218.11
C001211,AU,2018-12-14,Loyal,57,0,3205,DEV001211,9793.47
C001212,US,2023-12-31,Loyal,30,1,1257,DEV001212,2065.2
C001213,DE,2025-02-28,Occasional,3,0,507,DEV001213,208.01
C001214,GB,2024-04-07,Occasional,6,0,1228,DEV001214,405.24
C001215,ES,2024-02-03,Occasional,1,1,776,DEV001215,61.08
C001216,ES,2025-10-19,New,1,0,480,DEV001216,67.61
C001217,US,2022-01-16,Occasional,1,0,1589,DEV001217,97.97
C001218,ES,2025-05-01,New,0,0,540,DEV001218,0.0
C001219,IE,2025-04-26,Occasional,1,0,938,DEV001219,103.94
C001220,AU,2025-06-15,New,1,0,646,DEV001220,130.46
C001221,AU,2025-01-17,New,1,2,428,DEV001221,102.2
C001222,DE,2022-05-12,Occasional,3,0,1981,DEV001222,229.66
C001223,GB,2025-07-16,New,1,0,613,DEV001223,123.11
C001224,IT,2022-07-21,Returning,10,0,1698,DEV001224,1182.88
C001225,CA,2021-02-05,Returning,12,0,2408,DEV001225,728.99
C001226,US,2021-10-12,Loyal,63,0,1787,DEV001226,3089.37
C001227,US,2020-01-14,Loyal,38,0,2749,DEV001227,4592.22
C001228,AU,2025-12-19,New,1,0,12,DEV001228,118.86
C001229,AU,2023-02-22,Returning,8,0,1374,DEV001229,369.06
C001230,NL,2025-07-23,New,2,0,761,DEV001230,166.89
C001231,NL,2024-11-13,Occasional,4,0,459,DEV001231,371.16
C001232,GB,2022-12-06,Occasional,4,2,1827,DEV001232,694.91
C001233,NL,2024-05-26,Returning,22,0,836,DEV001233,1622.92
C001234,AU,2022-11-08,Returning,9,0,1496,DEV001234,707.14
C001235,US,2023-07-23,Occasional,6,0,1615,DEV001235,583.73
C001236,IE,2025-10-11,New,2,0,232,DEV001236,148.5
C001237,IE,2021-04-29,Returning,17,0,2436,DEV001237,455.38
C001238,IE,2022-07-11,Occasional,5,0,1931,DEV001238,366.2
C001239,DE,2025-01-28,New,0,0,446,DEV001239,0.0
C001240,US,2023-11-19,Occasional,5,0,1122,DEV001240,195.42
C001241,US,2023-12-26,Occasional,3,0,1297,DEV001241,280.3
C001242,US,2025-11-13,New,2,0,375,DEV001242,236.3
C001243,FR,2019-11-27,Loyal,96,0,2511,DEV001243,2909.29
C001244,ES,2023-07-02,Occasional,4,0,1640,DEV001244,438.22
C001245,FR,2020-11-28,Returning,17,0,2072,DEV001245,1636.11
C001246,ES,2024-07-11,Returning,5,0,680,DEV001246,550.1
C001247,US,2025-06-14,New,1,0,778,DEV001247,73.39
C001248,FR,2024-10-10,Returning,16,0,857,DEV001248,1058.24
C001249,IT,2025-09-17,New,2,0,731,DEV001249,85.72
C001250,GB,2025-08-01,New,2,0,397,DEV001250,256.92
C001251,GB,2024-05-04,Returning,12,0,1003,DEV001251,1247.01
C001252,DE,2025-08-28,Occasional,4,0,186,DEV001252,397.73
C001253,ES,2022-09-01,Returning,12,0,1729,DEV001253,1531.57
C001254,US,2024-06-23,Returning,11,0,1239,DEV001254,1803.68
C001255,NL,2022-09-26,Occasional,1,0,1501,DEV001255,58.37
C001256,AU,2025-05-25,Occasional,3,0,354,DEV001256,370.57
C001257,AU,2022-04-15,Occasional,5,0,1871,DEV001257,652.23
C001258,GB,2024-06-17,Returning,17,0,620,DEV001258,2104.25
C001259,FR,2025-05-25,New,0,0,703,DEV001259,0.0
C001260,US,2024-06-29,Occasional,3,0,1209,DEV001260,415.36
C001261,AU,2024-11-01,Occasional,4,0,1056,DEV001261,399.53
C001262,GB,2024-11-06,Occasional,5,0,982,DEV001262,597.54
C001263,ES,2022-08-30,Returning,10,0,1776,DEV001263,548.82
C001264,FR,2024-02-27,Occasional,1,0,1118,DEV001264,50.81
C001265,GB,2023-09-28,Occasional,3,0,1213,DEV001265,401.46
C001266,IT,2022-09-15,Returning,18,0,1820,DEV001266,2451.04
C001267,ES,2019-06-28,Returning,18,0,2435,DEV001267,694.05
C001268,FR,2025-12-30,New,0,0,674,DEV001268,0.0
C001269,CA,2021-04-12,Loyal,57,0,2422,DEV001269,8829.28
C001270,IT,2023-10-26,Occasional,3,0,1175,DEV001270,453.32
C001271,CA,2020-06-04,Returning,20,1,2038,DEV001271,2363.6
C001272,GB,2023-06-19,Returning,7,0,1133,DEV001272,828.28
C001273,CA,2023-03-27,Occasional,2,0,1549,DEV001273,141.98
C001274,ES,2021-08-29,Returning,22,0,1790,DEV001274,1422.53
C001275,FR,2022-12-12,Occasional,5,0,1594,DEV001275,592.72
C001276,FR,2021-05-12,Returning,12,0,2353,DEV001276,1099.6
C001277,AU,2025-12-24,New,1,1,667,DEV001277,61.62
C001278,GB,2017-09-08,Loyal,73,0,3568,DEV001278,8961.96
C001279,ES,2024-02-07,Occasional,6,0,1348,DEV001279,411.04
C001280,CA,2017-12-16,Loyal,50,0,2953,DEV001280,3424.04
C001281,GB,2025-09-16,New,1,0,601,DEV001281,80.04
C001282,US,2024-07-03,Returning,10,0,685,DEV001282,1350.51
C001283,IT,2022-12-17,Returning,9,0,1595,DEV001283,364.71
C001284,CA,2024-12-13,Returning,5,0,787,DEV001284,227.95
C001285,NL,2023-09-09,Occasional,4,0,1122,DEV001285,333.7
C001286,IT,2023-07-07,Occasional,1,1,1031,DEV001286,106.45
C001287,CA,2021-02-28,Returning,15,0,2196,DEV001287,382.91
C001288,FR,2024-01-25,Occasional,1,0,1221,DEV001288,50.47
C001289,AU,2025-01-23,Occasional,3,0,883,DEV001289,235.64
C001290,DE,2022-10-16,Occasional,2,0,1619,DEV001290,334.36
C001291,AU,2024-08-31,Occasional,4,0,934,DEV001291,255.47
C001292,NL,2020-05-21,Returning,7,0,2326,DEV001292,436.07
C001293,AU,2024-07-25,Returning,12,0,643,DEV001293,1681.35
C001294,US,2025-01-07,New,2,0,815,DEV001294,64.23
C001295,AU,2025-08-22,New,0,0,614,DEV001295,0.0
C001296,GB,2023-11-18,Occasional,4,0,1250,DEV001296,173.35
C001297,US,2025-06-26,New,0,0,853,DEV001297,0.0
C001298,CA,2023-03-18,Returning,8,0,1674,DEV001298,1090.69
C001299,US,2025-05-23,New,2,0,715,DEV001299,286.67
C001300,CA,2025-09-07,New,2,0,261,DEV001300,41.79
C001301,GB,2025-08-19,Occasional,4,0,815,DEV001301,447.09
C001302,US,2023-11-18,Occasional,5,0,1227,DEV001302,106.19
C001303,IE,2024-11-08,Occasional,4,0,493,DEV001303,173.43
C001304,AU,2023-08-05,Occasional,2,0,1163,DEV001304,299.29
C001305,ES,2025-07-10,Occasional,2,0,615,DEV001305,193.08
C001306,FR,2025-11-11,New,1,0,252,DEV001306,108.22
C001307,IE,2022-07-30,Occasional,1,0,1848,DEV001307,32.45
C001308,US,2025-08-10,Occasional,6,0,595,DEV001308,136.18
C001309,IT,2024-04-17,Occasional,4,0,984,DEV001309,174.94
C001310,CA,2024-03-30,Returning,24,0,1188,DEV001310,1772.28
C001311,CA,2023-05-01,Returning,7,0,1517,DEV001311,665.98
C001312,CA,2024-09-01,Occasional,3,0,767,DEV001312,519.11
C001313,FR,2025-05-23,New,0,0,828,DEV001313,0.0
C001314,CA,2022-12-29,Occasional,4,0,1557,DEV001314,147.57
C001315,NL,2021-01-27,Returning,19,0,1958,DEV001315,1731.71
C001316,FR,2023-06-01,Returning,23,0,1661,DEV001316,917.19
C001317,ES,2025-07-11,New,1,0,570,DEV001317,152.65
C001318,ES,2022-01-19,Occasional,6,0,1806,DEV001318,861.2
C001319,CA,2022-07-05,Returning,14,0,1510,DEV001319,2303.21
C001320,FR,2023-06-03,Occasional,3,0,1618,DEV001320,199.72
C001321,DE,2025-05-20,Occasional,1,0,865,DEV001321,128.41
C001322,DE,2024-09-29,Returning,22,0,712,DEV001322,2533.51
C001323,NL,2020-07-07,Returning,14,0,2357,DEV001323,2301.53
C001324,IT,2023-12-14,Occasional,4,0,867,DEV001324,203.33
C001325,ES,2023-02-28,Occasional,3,0,1190,DEV001325,149.48
C001326,CA,2025-02-10,Occasional,2,0,350,DEV001326,150.23
C001327,NL,2025-10-30,New,0,0,509,DEV001327,0.0
C001328,FR,2019-03-08,Returning,16,0,2869,DEV001328,2176.99
C001329,NL,2023-04-26,Returning,16,0,1443,DEV001329,1066.0
C001330,ES,2024-11-19,Returning,16,0,921,DEV001330,1812.37
C001331,IE,2022-03-15,Returning,22,0,1882,DEV001331,894.08
C001332,IT,2019-09-28,Returning,15,0,2648,DEV001332,2181.78
C001333,FR,2020-03-23,Returning,5,0,2257,DEV001333,427.37
C001334,NL,2022-07-25,Returning,9,0,1548,DEV001334,771.65
C001335,CA,2019-03-29,Returning,14,0,2784,DEV001335,2061.11
C001336,NL,2024-10-04,Occasional,5,1,519,DEV001336,177.11
C001337,ES,2022-01-24,Returning,15,0,1756,DEV001337,1105.99
C001338,IE,2019-01-19,Returning,15,0,2862,DEV001338,1776.98
C001339,ES,2024-09-26,Returning,11,0,731,DEV001339,1805.42
C001340,FR,2020-11-17,Returning,5,0,2380,DEV001340,182.96
C001341,CA,2025-11-19,New,2,0,139,DEV001341,196.34
C001342,DE,2018-10-03,Loyal,81,0,3144,DEV001342,5102.11
C001343,NL,2025-09-14,Occasional,1,0,275,DEV001343,145.29
C001344,DE,2024-03-14,Occasional,1,0,1349,DEV001344,58.15
C001345,DE,2023-06-18,Occasional,2,0,1622,DEV001345,257.58
C001346,US,2025-01-22,New,1,0,710,DEV001346,126.24
C001347,ES,2023-12-13,Returning,12,0,1265,DEV001347,1795.71
C001348,DE,2024-10-06,Returning,7,0,1007,DEV001348,907.18
C001349,AU,2024-04-05,Returning,7,0,1265,DEV001349,329.04
C001350,DE,2025-07-12,Occasional,1,0,446,DEV001350,35.34
C001351,NL,2021-09-06,Returning,15,0,1628,DEV001351,2319.21
C001352,US,2022-11-08,Returning,12,0,1206,DEV001352,1214.31
C001353,DE,2023-03-19,Returning,24,0,1190,DEV001353,3406.85
C001354,FR,2023-10-04,Occasional,2,0,1254,DEV001354,154.43
C001355,ES,2025-07-18,Occasional,2,0,794,DEV001355,171.07
C001356,DE,2025-06-25,Occasional,3,0,302,DEV001356,349.49
C001357,AU,2023-10-12,Occasional,5,0,1279,DEV001357,433.42
C001358,DE,2025-09-04,New,1,1,450,DEV001358,23.05
C001359,US,2023-02-03,Occasional,1,0,1192,DEV001359,19.25
C001360,CA,2025-03-20,New,0,0,622,DEV001360,0.0
C001361,IT,2025-05-10,Occasional,4,0,964,DEV001361,105.39
C001362,AU,2025-11-25,New,2,0,695,DEV001362,52.22
C001363,AU,2020-01-31,Returning,18,0,2865,DEV001363,2423.81
C001364,IE,2025-07-23,New,0,0,461,DEV001364,0.0
C001365,IT,2019-09-25,Returning,21,0,2467,DEV001365,658.53
C001366,DE,2024-09-17,Occasional,5,0,1174,DEV001366,90.5
C001367,CA,2025-05-09,New,2,0,365,DEV001367,158.49
C001368,NL,2019-11-29,Returning,22,0,2342,DEV001368,2309.57
C001369,AU,2022-04-19,Occasional,3,0,1717,DEV001369,262.67
C001370,NL,2024-10-03,Returning,8,0,895,DEV001370,1002.44
C001371,IE,2019-01-25,Returning,11,0,2590,DEV001371,1195.29
C001372,ES,2019-04-13,Returning,7,0,2589,DEV001372,1120.54
C001373,AU,2024-05-19,Returning,24,0,1057,DEV001373,3013.38
C001374,IE,2025-05-17,New,1,0,290,DEV001374,54.16
C001375,IT,2022-09-01,Occasional,3,0,1916,DEV001375,347.65
C001376,NL,2019-03-17,Loyal,45,0,3024,DEV001376,6288.07
C001377,ES,2024-08-16,Occasional,4,0,1124,DEV001377,559.43
C001378,DE,2024-11-22,Returning,19,0,787,DEV001378,1290.15
C001379,IE,2024-01-04,Occasional,5,0,975,DEV001379,311.45
C001380,NL,2025-12-02,New,1,0,271,DEV001380,76.89
C001381,CA,2024-04-06,Occasional,2,0,1328,DEV001381,199.94
C001382,IT,2025-08-23,New,1,0,486,DEV001382,121.79
C001383,GB,2025-07-03,Occasional,4,0,287,DEV001383,199.52
C001384,IE,2021-09-24,Loyal,65,0,2108,DEV001384,4884.12
C001385,FR,2024-12-25,Occasional,4,0,377,DEV001385,352.99
C001386,GB,2025-03-05,New,2,0,921,DEV001386,163.91
C001387,DE,2019-05-06,Returning,9,0,2609,DEV001387,1246.65
C001388,US,2025-10-07,New,2,0,469,DEV001388,294.41
C001389,NL,2025-01-16,New,2,0,558,DEV001389,193.64
C001390,CA,2023-07-09,Returning,22,0,1158,DEV001390,1402.91
C001391,IT,2017-05-29,Loyal,33,0,3631,DEV001391,2440.06
C001392,AU,2017-08-14,Loyal,49,0,3465,DEV001392,6951.81
C001393,AU,2025-09-08,Occasional,4,0,786,DEV001393,191.87
C001394,FR,2023-03-14,Occasional,4,0,1624,DEV001394,354.81
C001395,ES,2025-01-31,New,0,0,978,DEV001395,0.0
C001396,IE,2025-12-29,New,0,0,43,DEV001396,0.0
C001397,ES,2021-06-07,Returning,6,0,2372,DEV001397,259.23
C001398,CA,2019-06-27,Returning,14,0,2401,DEV001398,1181.5
C001399,CA,2025-08-20,Occasional,5,2,434,DEV001399,658.52
C001400,IT,2025-08-07,Occasional,4,0,258,DEV001400,174.87
C001401,IE,2019-07-18,Returning,24,0,2904,DEV001401,2458.45
C001402,IT,2022-04-12,Returning,21,0,1690,DEV001402,1482.02
C001403,AU,2022-02-02,Occasional,3,0,2117,DEV001403,149.84
C001404,IT,2023-09-20,Returning,18,0,899,DEV001404,1579.04
C001405,GB,2024-03-27,Returning,10,0,1041,DEV001405,427.98
C001406,US,2022-09-13,Returning,23,0,1496,DEV001406,2318.25
C001407,GB,2022-01-13,Occasional,2,0,2135,DEV001407,125.18
C001408,AU,2019-06-16,Loyal,60,0,3096,DEV001408,4172.64
C001409,IT,2023-06-05,Occasional,4,0,1450,DEV001409,313.54
C001410,DE,2022-03-17,Returning,17,0,1862,DEV001410,1800.59
C001411,IE,2017-01-29,Loyal,47,0,3948,DEV001411,4129.35
C001412,IE,2025-10-14,New,2,0,676,DEV001412,233.28
C001413,FR,2023-09-02,Returning,18,0,1132,DEV001413,1395.36
C001414,US,2021-07-28,Returning,8,0,2209,DEV001414,1293.42
C001415,AU,2025-07-09,Occasional,3,0,255,DEV001415,293.05
C001416,GB,2025-02-18,New,0,0,770,DEV001416,0.0
C001417,US,2022-12-19,Occasional,4,0,1411,DEV001417,362.71
C001418,US,2022-07-20,Returning,7,0,1523,DEV001418,911.8
C001419,IT,2024-02-13,Occasional,6,0,790,DEV001419,364.69
C001420,CA,2023-08-24,Returning,21,0,1456,DEV001420,2584.34
C001421,IT,2023-05-07,Returning,8,0,1436,DEV001421,385.93
C001422,IT,2022-09-26,Loyal,54,0,1271,DEV001422,2287.42
C001423,ES,2022-03-11,Occasional,5,0,2064,DEV001423,429.47
C001424,ES,2025-07-02,Occasional,5,0,726,DEV001424,232.93
C001425,AU,2024-10-11,Returning,7,0,892,DEV001425,230.74
C001426,CA,2024-11-05,Returning,8,0,865,DEV001426,681.69
C001427,IT,2024-06-13,Returning,19,0,657,DEV001427,1667.48
C001428,ES,2019-09-02,Returning,18,0,2590,DEV001428,721.21
C001429,NL,2025-04-12,Occasional,3,0,685,DEV001429,272.05
C001430,IT,2023-06-15,Occasional,5,0,1015,DEV001430,271.74
C001431,US,2025-10-27,New,2,0,662,DEV001431,47.41
C001432,GB,2025-05-19,Occasional,6,0,309,DEV001432,433.83
C001433,ES,2025-02-25,Occasional,2,0,554,DEV001433,154.09
C001434,IE,2025-08-06,New,2,0,405,DEV001434,356.85
C001435,AU,2023-07-16,Occasional,3,0,1559,DEV001435,153.81
C001436,DE,2020-07-31,Returning,18,0,2302,DEV001436,1503.78
C001437,CA,2025-01-03,New,2,0,580,DEV001437,272.1
C001438,IT,2025-12-19,New,1,0,465,DEV001438,57.78
C001439,US,2022-03-20,Occasional,5,0,1498,DEV001439,228.27
C001440,AU,2025-05-04,Occasional,1,0,800,DEV001440,105.62
C001441,FR,2022-09-09,Occasional,2,0,1651,DEV001441,190.03
C001442,DE,2025-01-07,New,0,0,997,DEV001442,0.0
C001443,AU,2025-12-27,New,1,0,392,DEV001443,36.56
C001444,IT,2025-02-25,New,0,0,1033,DEV001444,0.0
C001445,AU,2024-01-18,Returning,7,0,1415,DEV001445,1133.4
C001446,US,2022-08-13,Occasional,1,0,1704,DEV001446,29.07
C001447,US,2024-07-15,Occasional,1,0,1010,DEV001447,126.21
C001448,ES,2025-01-25,New,1,0,516,DEV001448,67.47
C001449,DE,2024-12-20,Occasional,6,0,520,DEV001449,265.08
C001450,FR,2023-03-31,Occasional,5,0,1411,DEV001450,636.74
C001451,ES,2024-10-11,Occasional,3,0,762,DEV001451,139.32
C001452,NL,2025-07-18,New,0,0,552,DEV001452,0.0
C001453,AU,2023-07-21,Occasional,1,0,1496,DEV001453,119.85
C001454,GB,2020-04-13,Returning,6,0,2518,DEV001454,577.37
C001455,IE,2019-03-25,Returning,16,0,2782,DEV001455,943.64
C001456,IT,2025-02-03,Occasional,4,0,502,DEV001456,239.21
C001457,DE,2024-07-26,Returning,10,0,676,DEV001457,306.89
C001458,NL,2022-02-08,Occasional,4,0,1742,DEV001458,421.85
C001459,GB,2023-06-16,Occasional,2,0,1471,DEV001459,193.17
C001460,DE,2025-03-07,New,0,0,459,DEV001460,0.0
C001461,IE,2022-07-07,Returning,21,0,1550,DEV001461,2214.87
C001462,CA,2025-07-15,New,2,0,870,DEV001462,61.2
C001463,CA,2021-07-15,Returning,15,0,2309,DEV001463,673.29
C001464,NL,2025-07-02,New,2,0,561,DEV001464,201.51
C001465,CA,2025-07-12,New,1,0,219,DEV001465,110.63
C001466,NL,2023-01-25,Returning,16,0,1278,DEV001466,955.43
C001467,DE,2025-04-28,New,1,0,283,DEV001467,101.52
C001468,IE,2024-07-08,Occasional,2,0,996,DEV001468,119.96
C001469,FR,2023-01-15,Occasional,6,0,1197,DEV001469,808.37
C001470,DE,2020-12-14,Returning,23,0,1959,DEV001470,1886.03
C001471,DE,2025-02-26,Occasional,6,0,908,DEV001471,365.12
C001472,IE,2024-04-18,Occasional,1,0,1054,DEV001472,54.74
C001473,CA,2022-07-14,Occasional,1,0,1836,DEV001473,48.84
C001474,GB,2020-11-09,Returning,16,0,2097,DEV001474,1992.37
C001475,IE,2022-03-04,Occasional,2,0,1827,DEV001475,48.8
C001476,CA,2025-03-09,Occasional,2,0,315,DEV001476,237.3
C001477,DE,2022-07-18,Occasional,5,0,1666,DEV001477,537.0
C001478,NL,2021-04-08,Returning,14,0,1856,DEV001478,486.73
C001479,GB,2021-07-24,Returning,9,0,2105,DEV001479,663.44
C001480,ES,2022-12-06,Occasional,2,0,1298,DEV001480,220.79
C001481,IT,2023-09-09,Occasional,5,0,932,DEV001481,218.69
C001482,NL,2024-06-11,Occasional,3,0,1244,DEV001482,174.41
C001483,DE,2024-10-21,Occasional,6,0,1058,DEV001483,191.34
C001484,IE,2025-07-03,New,2,0,421,DEV001484,52.92
C001485,IE,2025-01-01,Occasional,4,0,977,DEV001485,331.74
C001486,FR,2025-06-18,New,0,0,852,DEV001486,0.0
C001487,DE,2022-06-02,Occasional,5,0,2036,DEV001487,623.87
C001488,GB,2024-11-20,Returning,22,0,856,DEV001488,677.58
C001489,US,2025-07-02,New,0,0,251,DEV001489,0.0
C001490,CA,2025-07-02,New,0,0,515,DEV001490,0.0
C001491,DE,2025-06-07,New,0,0,777,DEV001491,0.0
C001492,IT,2023-11-27,Occasional,4,0,937,DEV001492,507.0
C001493,DE,2024-08-20,Returning,10,0,1096,DEV001493,293.98
C001494,IT,2025-09-15,New,0,0,138,DEV001494,0.0
C001495,DE,2024-02-10,Occasional,2,0,1311,DEV001495,286.63
C001496,AU,2025-01-01,New,2,0,550,DEV001496,308.99
C001497,IT,2022-01-30,Occasional,6,0,2049,DEV001497,134.04
C001498,NL,2024-06-09,Occasional,5,0,1288,DEV001498,171.73
C001499,ES,2023-12-10,Occasional,5,0,1071,DEV001499,457.33
C001500,GB,2025-08-05,Occasional,1,0,332,DEV001500,43.03
C001501,IE,2022-07-21,Returning,13,0,1426,DEV001501,520.79
C001502,NL,2024-07-18,Occasional,4,0,1159,DEV001502,89.43
C001503,FR,2022-01-31,Returning,13,0,1897,DEV001503,538.59
C001504,AU,2018-02-07,Loyal,51,0,3490,DEV001504,5753.68
C001505,US,2025-05-27,New,1,0,891,DEV001505,137.09
C001506,AU,2021-05-25,Returning,6,0,2242,DEV001506,964.77
C001507,DE,2018-12-28,Loyal,68,1,3233,DEV001507,6309.14
C001508,IE,2019-10-14,Returning,9,0,2501,DEV001508,761.74
C001509,IE,2019-11-16,Returning,16,0,2656,DEV001509,763.75
C001510,ES,2022-07-27,Occasional,5,0,1877,DEV001510,736.86
C001511,AU,2025-11-17,New,0,0,514,DEV001511,0.0
C001512,US,2025-01-07,New,2,0,554,DEV001512,167.47
C001513,GB,2022-02-05,Occasional,4,0,1781,DEV001513,419.51
C001514,AU,2022-03-30,Occasional,4,0,2094,DEV001514,347.84
C001515,GB,2025-12-01,New,0,0,152,DEV001515,0.0
C001516,IE,2024-01-10,Occasional,6,0,735,DEV001516,339.36
C001517,DE,2021-02-27,Loyal,71,0,2322,DEV001517,5847.84
C001518,NL,2024-12-19,Returning,23,0,861,DEV001518,2270.13
C001519,ES,2023-09-16,Returning,23,0,1048,DEV001519,1538.73
C001520,NL,2023-11-15,Loyal,39,0,1244,DEV001520,2627.09
C001521,FR,2019-07-08,Returning,18,0,2594,DEV001521,1689.79
C001522,CA,2025-06-08,New,2,0,913,DEV001522,93.01
C001523,DE,2024-06-01,Returning,13,0,954,DEV001523,938.98
C001524,US,2022-06-11,Occasional,5,0,2023,DEV001524,650.11
C001525,DE,2023-07-28,Occasional,3,0,1311,DEV001525,127.89
C001526,FR,2025-08-27,Occasional,1,0,561,DEV001526,71.79
C001527,CA,2022-07-03,Occasional,4,0,1799,DEV001527,484.27
C001528,DE,2025-05-01,New,1,0,437,DEV001528,53.13
C001529,IT,2025-05-19,New,1,0,688,DEV001529,174.86
C001530,IT,2021-01-09,Returning,17,0,2198,DEV001530,1662.68
C001531,ES,2023-05-02,Loyal,90,0,1111,DEV001531,9703.2
C001532,GB,2023-10-11,Returning,7,0,1406,DEV001532,367.34
C001533,NL,2025-06-26,New,2,0,505,DEV001533,222.93
C001534,DE,2023-01-06,Occasional,4,0,1798,DEV001534,453.74
C001535,IE,2021-09-13,Returning,21,0,1961,DEV001535,908.85
C001536,US,2025-09-28,Occasional,5,0,141,DEV001536,214.4
C001537,AU,2017-04-19,Loyal,44,0,3258,DEV001537,1954.17
C001538,IE,2024-08-08,Occasional,6,0,1172,DEV001538,678.57
C001539,AU,2025-10-25,New,1,0,723,DEV001539,107.35
C001540,FR,2025-12-12,New,1,0,568,DEV001540,165.93
C001541,US,2025-09-16,New,2,0,382,DEV001541,238.9
C001542,IT,2021-01-20,Returning,21,0,2377,DEV001542,1926.43
C001543,US,2025-05-14,Occasional,1,0,501,DEV001543,106.8
C001544,FR,2019-03-04,Returning,23,0,2848,DEV001544,871.81
C001545,DE,2024-09-27,Occasional,6,0,1055,DEV001545,691.11
C001546,IE,2022-03-17,Occasional,2,0,1699,DEV001546,214.53
C001547,IT,2020-09-30,Returning,9,0,2324,DEV001547,1026.96
C001548,NL,2025-07-16,New,2,0,204,DEV001548,157.16
C001549,FR,2024-06-08,Occasional,6,0,637,DEV001549,892.03
C001550,US,2024-08-12,Occasional,1,0,633,DEV001550,78.62
C001551,IE,2022-03-03,Occasional,5,0,1665,DEV001551,391.97
C001552,CA,2024-04-08,Returning,8,0,893,DEV001552,292.18
C001553,AU,2022-07-02,Occasional,1,0,1403,DEV001553,79.82
C001554,AU,2025-08-25,New,2,0,786,DEV001554,296.66
C001555,AU,2020-03-05,Returning,8,0,2293,DEV001555,544.95
C001556,NL,2022-08-25,Occasional,3,0,1675,DEV001556,322.48
C001557,FR,2019-08-22,Returning,15,0,3030,DEV001557,1177.92
C001558,ES,2023-12-11,Occasional,4,0,1427,DEV001558,620.73
C001559,AU,2023-02-01,Occasional,3,0,1507,DEV001559,70.45
C001560,FR,2022-04-02,Loyal,29,0,1572,DEV001560,1020.22
C001561,US,2023-04-10,Occasional,2,0,1662,DEV001561,68.59
C001562,IE,2025-05-24,Occasional,1,0,641,DEV001562,75.69
C001563,NL,2025-06-11,New,2,0,669,DEV001563,94.87
C001564,ES,2023-09-20,Occasional,2,0,1205,DEV001564,141.6
C001565,IE,2024-02-28,Returning,16,0,903,DEV001565,1779.95
C001566,CA,2021-10-12,Loyal,68,0,1918,DEV001566,7370.24
C001567,IE,2022-04-16,Occasional,4,0,2006,DEV001567,383.06
C001568,NL,2023-01-17,Occasional,2,0,1581,DEV001568,170.17
C001569,DE,2025-04-30,New,2,0,816,DEV001569,281.09
C001570,NL,2022-07-29,Returning,11,0,1948,DEV001570,1168.85
C001571,AU,2023-12-29,Occasional,6,0,1009,DEV001571,355.21
C001572,AU,2025-09-27,New,1,0,297,DEV001572,134.74
C001573,US,2022-08-10,Occasional,2,1,1894,DEV001573,196.78
C001574,NL,2023-06-04,Occasional,1,0,1569,DEV001574,79.55
C001575,GB,2022-11-10,Occasional,4,0,1782,DEV001575,224.75
C001576,ES,2021-03-14,Returning,5,0,1931,DEV001576,535.43
C001577,AU,2023-01-12,Loyal,22,0,1391,DEV001577,2579.43
C001578,DE,2025-06-08,New,2,0,710,DEV001578,238.25
C001579,US,2025-11-25,New,2,0,416,DEV001579,301.53
C001580,IE,2024-10-14,Returning,19,0,581,DEV001580,1267.31
C001581,FR,2021-08-14,Returning,7,0,1847,DEV001581,765.19
C001582,IT,2021-01-14,Loyal,65,0,2524,DEV001582,2249.85
C001583,GB,2025-01-11,New,1,0,804,DEV001583,120.65
C001584,IE,2023-02-06,Occasional,3,0,1151,DEV001584,177.18
C001585,AU,2024-08-19,Occasional,2,0,1170,DEV001585,104.98
C001586,ES,2023-09-14,Occasional,1,0,1472,DEV001586,101.17
C001587,FR,2018-03-06,Loyal,63,0,3202,DEV001587,9375.08
C001588,IT,2021-07-15,Returning,6,0,2065,DEV001588,441.64
C001589,AU,2024-05-30,Occasional,4,0,1099,DEV001589,423.76
C001590,CA,2022-10-24,Occasional,3,0,1256,DEV001590,439.91
C001591,CA,2022-11-01,Occasional,1,0,1275,DEV001591,122.01
C001592,CA,2025-06-13,Occasional,5,0,656,DEV001592,94.05
C001593,CA,2025-06-02,Occasional,2,0,405,DEV001593,203.96
C001594,ES,2017-05-28,Loyal,46,0,3591,DEV001594,6182.87
C001595,ES,2017-09-22,Loyal,34,0,3743,DEV001595,3274.62
C001596,GB,2019-09-09,Loyal,26,0,2911,DEV001596,1856.45
C001597,IE,2017-05-21,Loyal,21,0,3740,DEV001597,673.45
C001598,GB,2025-07-18,New,0,0,350,DEV001598,0.0
C001599,US,2019-11-26,Returning,24,0,2616,DEV001599,2500.91
C001600,GB,2018-08-29,Loyal,22,0,3250,DEV001600,2136.72
C001601,US,2023-08-06,Occasional,2,0,1502,DEV001601,305.1
C001602,US,2025-09-09,New,0,0,662,DEV001602,0.0
C001603,US,2022-04-14,Returning,12,0,1752,DEV001603,379.37
C001604,IT,2019-02-08,Returning,15,0,2621,DEV001604,2224.65
C001605,DE,2024-02-24,Occasional,3,0,1265,DEV001605,73.39
C001606,IE,2022-10-05,Returning,18,0,1314,DEV001606,629.43
C001607,NL,2022-11-14,Occasional,5,0,1253,DEV001607,635.94
C001608,NL,2022-12-31,Returning,6,0,1359,DEV001608,609.59
C001609,AU,2023-09-16,Returning,23,0,1345,DEV001609,2961.47
C001610,CA,2023-08-17,Returning,10,0,1224,DEV001610,946.99
C001611,FR,2019-05-01,Returning,5,0,3087,DEV001611,503.77
C001612,NL,2021-07-18,Returning,19,0,1936,DEV001612,3143.69
C001613,GB,2023-07-20,Occasional,1,0,1503,DEV001613,103.32
C001614,US,2024-11-21,Occasional,4,0,407,DEV001614,127.82
C001615,DE,2020-06-12,Loyal,67,0,2243,DEV001615,2567.27
C001616,DE,2018-09-10,Loyal,43,0,3048,DEV001616,1569.75
C001617,FR,2022-10-17,Occasional,2,0,1892,DEV001617,126.74
C001618,US,2024-11-29,Occasional,3,0,488,DEV001618,302.63
C001619,DE,2024-12-12,Occasional,3,0,463,DEV001619,440.53
C001620,FR,2022-12-15,Returning,24,0,1654,DEV001620,2942.4
C001621,IT,2022-07-05,Loyal,50,0,1996,DEV001621,6205.29
C001622,FR,2024-05-12,Occasional,1,0,954,DEV001622,77.78
C001623,GB,2022-02-02,Occasional,6,0,1653,DEV001623,468.16
C001624,NL,2025-07-24,Occasional,1,0,171,DEV001624,100.33
C001625,FR,2025-08-25,New,0,0,603,DEV001625,0.0
C001626,US,2025-03-23,New,1,0,621,DEV001626,139.04
C001627,GB,2023-09-26,Returning,11,0,1088,DEV001627,1221.21
C001628,IE,2025-09-25,New,0,0,147,DEV001628,0.0
C001629,DE,2022-02-13,Returning,20,1,1758,DEV001629,1054.31
C001630,CA,2025-05-09,Occasional,2,0,921,DEV001630,250.6
C001631,ES,2023-02-02,Returning,19,0,1710,DEV001631,2089.5
C001632,IT,2025-03-01,Occasional,2,0,807,DEV001632,287.1
C001633,AU,2025-05-30,New,2,0,608,DEV001633,106.0
C001634,AU,2024-11-20,Returning,18,0,960,DEV001634,1445.63
C001635,IT,2025-12-17,New,1,0,738,DEV001635,99.12
C001636,DE,2023-07-14,Occasional,2,0,1487,DEV001636,139.78
C001637,AU,2025-12-26,New,1,0,405,DEV001637,94.36
C001638,US,2025-03-19,New,2,0,361,DEV001638,242.94
C001639,FR,2023-03-31,Returning,18,0,1510,DEV001639,2303.9
C001640,NL,2021-03-21,Returning,9,0,2086,DEV001640,1111.44
C001641,FR,2025-06-30,Occasional,5,0,485,DEV001641,660.3
C001642,NL,2025-09-05,New,0,0,393,DEV001642,0.0
C001643,IT,2022-12-10,Occasional,4,0,1671,DEV001643,514.03
C001644,CA,2025-07-20,New,2,0,676,DEV001644,229.63
C001645,AU,2023-09-22,Returning,12,0,928,DEV001645,1434.19
C001646,US,2023-01-26,Returning,19,0,1524,DEV001646,1368.04
C001647,CA,2025-08-04,Occasional,6,0,307,DEV001647,606.49
C001648,FR,2022-03-15,Occasional,2,0,1606,DEV001648,59.89
C001649,GB,2023-12-26,Returning,16,0,1219,DEV001649,764.72
C001650,DE,2023-04-30,Returning,7,0,1604,DEV001650,970.7
C001651,US,2021-07-15,Returning,15,0,1676,DEV001651,711.71
C001652,ES,2025-03-09,New,1,0,887,DEV001652,74.17
C001653,DE,2019-04-06,Returning,21,0,2638,DEV001653,2182.45
C001654,DE,2025-01-20,New,2,0,544,DEV001654,219.64
C001655,IE,2024-01-10,Occasional,4,0,777,DEV001655,369.26
C001656,ES,2017-01-29,Loyal,25,0,3796,DEV001656,506.92
C001657,CA,2023-11-30,Occasional,1,0,941,DEV001657,52.41
C001658,DE,2020-03-29,Returning,22,0,2741,DEV001658,1491.89
C001659,IT,2019-01-08,Returning,5,0,2871,DEV001659,254.64
C001660,CA,2023-11-04,Loyal,59,0,1010,DEV001660,2899.04
C001661,FR,2022-07-22,Returning,8,0,1804,DEV001661,802.4
C001662,NL,2025-07-22,New,2,0,317,DEV001662,158.52
C001663,US,2024-12-18,Returning,9,0,705,DEV001663,233.71
C001664,ES,2025-06-25,New,1,0,640,DEV001664,144.55
C001665,FR,2024-05-20,Occasional,2,0,978,DEV001665,200.97
C001666,US,2022-07-07,Returning,21,0,1916,DEV001666,625.65
C001667,DE,2025-06-13,New,0,0,472,DEV001667,0.0
C001668,AU,2023-05-19,Occasional,3,0,1430,DEV001668,236.17
C001669,NL,2023-06-17,Occasional,5,0,1316,DEV001669,246.38
C001670,CA,2023-05-29,Occasional,1,0,1505,DEV001670,100.73
C001671,FR,2025-01-14,Occasional,5,0,955,DEV001671,223.38
C001672,NL,2025-08-31,New,1,0,827,DEV001672,161.62
C001673,NL,2024-03-08,Occasional,6,0,1157,DEV001673,599.7
C001674,NL,2023-06-17,Occasional,1,0,1501,DEV001674,109.26
C001675,DE,2025-02-16,New,1,0,573,DEV001675,134.44
C001676,CA,2024-01-04,Returning,15,0,1036,DEV001676,918.25
C001677,ES,2024-03-31,Returning,22,0,669,DEV001677,2655.82
C001678,NL,2025-01-18,Occasional,4,0,1002,DEV001678,190.2
C001679,NL,2025-07-04,Occasional,4,0,604,DEV001679,407.48
C001680,AU,2025-05-06,Occasional,3,0,384,DEV001680,413.72
C001681,ES,2025-08-04,New,0,0,181,DEV001681,0.0
C001682,CA,2022-02-07,Occasional,4,0,1446,DEV001682,223.34
C001683,CA,2023-10-28,Loyal,96,0,1230,DEV001683,3056.22
C001684,GB,2023-03-28,Occasional,3,0,1271,DEV001684,91.78
C001685,CA,2025-10-07,New,0,0,341,DEV001685,0.0
C001686,FR,2025-10-30,New,2,0,476,DEV001686,123.69
C001687,AU,2025-09-01,New,0,0,400,DEV001687,0.0
C001688,IT,2023-06-10,Occasional,2,0,1355,DEV001688,77.9
C001689,NL,2023-09-17,Returning,23,0,1244,DEV001689,2795.02
C001690,AU,2022-11-10,Occasional,4,0,1406,DEV001690,284.4
C001691,ES,2022-10-27,Occasional,4,0,1527,DEV001691,527.76
C001692,IE,2023-12-28,Loyal,92,0,906,DEV001692,5843.69
C001693,DE,2022-03-15,Loyal,75,0,2071,DEV001693,4752.61
C001694,IE,2025-09-04,Occasional,6,0,677,DEV001694,730.64
C001695,US,2025-05-16,New,1,0,942,DEV001695,24.42
C001696,AU,2022-09-15,Returning,13,0,1623,DEV001696,1431.25
C001697,US,2022-11-23,Occasional,4,0,1136,DEV001697,132.34
C001698,IE,2022-12-19,Occasional,6,0,1415,DEV001698,463.79
C001699,ES,2025-04-18,New,2,0,686,DEV001699,282.77
C001700,DE,2024-01-19,Occasional,6,0,1268,DEV001700,648.79
C001701,ES,2019-05-25,Returning,12,0,2653,DEV001701,973.2
C001702,FR,2021-07-20,Returning,10,0,1716,DEV001702,504.68
C001703,AU,2023-11-08,Occasional,1,0,1178,DEV001703,96.82
C001704,IT,2025-09-24,New,2,0,418,DEV001704,224.88
C001705,ES,2025-12-19,New,0,0,611,DEV001705,0.0
C001706,GB,2019-05-25,Loyal,60,0,2854,DEV001706,3059.27
C001707,ES,2025-03-14,New,2,0,881,DEV001707,100.65
C001708,ES,2022-05-17,Occasional,4,0,1468,DEV001708,320.93
C001709,GB,2024-07-08,Occasional,1,0,651,DEV001709,105.79
C001710,US,2025-09-15,Occasional,5,0,463,DEV001710,527.3
C001711,GB,2023-02-03,Returning,12,0,1778,DEV001711,880.49
C001712,US,2021-03-11,Loyal,29,0,2447,DEV001712,1760.71
C001713,AU,2024-11-08,Occasional,5,0,669,DEV001713,370.79
C001714,GB,2025-04-25,Occasional,4,0,936,DEV001714,345.6
C001715,US,2019-12-23,Returning,6,0,2780,DEV001715,213.06
C001716,IT,2024-06-25,Occasional,5,0,879,DEV001716,224.8
C001717,CA,2024-10-21,Occasional,6,0,469,DEV001717,428.02
C001718,IE,2025-08-12,New,1,0,597,DEV001718,81.45
C001719,GB,2024-11-17,Occasional,1,0,1031,DEV001719,113.6
C001720,FR,2022-12-02,Occasional,3,0,1575,DEV001720,479.98
C001721,FR,2023-07-14,Returning,17,0,1325,DEV001721,723.2
C001722,ES,2025-11-01,New,0,0,627,DEV001722,0.0
C001723,FR,2017-01-29,Loyal,43,0,3526,DEV001723,3111.18
C001724,IE,2023-08-30,Loyal,50,0,1559,DEV001724,6426.18
C001725,IT,2024-07-15,Occasional,1,0,941,DEV001725,113.43
C001726,CA,2025-02-03,New,1,0,967,DEV001726,111.42
C001727,ES,2021-10-23,Returning,16,0,1835,DEV001727,1242.71
C001728,NL,2022-09-25,Occasional,3,0,1567,DEV001728,278.0
C001729,CA,2024-02-13,Occasional,2,0,906,DEV001729,187.47
C001730,IE,2023-09-13,Occasional,5,0,873,DEV001730,325.12
C001731,ES,2025-12-12,New,0,0,240,DEV001731,0.0
C001732,IT,2025-02-09,New,2,0,336,DEV001732,60.79
C001733,GB,2025-12-26,New,0,0,71,DEV001733,0.0
C001734,ES,2024-09-26,Returning,18,0,544,DEV001734,1441.09
C001735,GB,2024-09-07,Occasional,2,0,877,DEV001735,183.94
C001736,ES,2021-07-19,Loyal,87,0,1733,DEV001736,3885.04
C001737,ES,2025-03-06,New,0,0,473,DEV001737,0.0
C001738,IE,2023-11-07,Returning,17,0,1497,DEV001738,1314.17
C001739,US,2020-01-02,Returning,7,0,2472,DEV001739,917.57
C001740,ES,2025-10-09,New,1,0,426,DEV001740,127.01
C001741,IE,2025-03-28,New,2,0,341,DEV001741,306.41
C001742,ES,2025-08-07,Occasional,2,0,407,DEV001742,288.05
C001743,AU,2024-02-04,Occasional,6,0,789,DEV001743,229.69
C001744,DE,2023-10-07,Occasional,2,0,908,DEV001744,274.59
C001745,AU,2025-12-15,New,1,0,73,DEV001745,125.64
C001746,DE,2025-06-23,New,1,0,520,DEV001746,64.3
C001747,ES,2024-12-03,Occasional,3,0,1068,DEV001747,364.03
C001748,IT,2024-02-18,Returning,7,0,1024,DEV001748,932.64
C001749,GB,2018-03-14,Loyal,44,0,3452,DEV001749,4451.46
C001750,AU,2022-03-08,Occasional,2,0,1862,DEV001750,134.05
C001751,CA,2025-06-28,Occasional,5,0,693,DEV001751,325.1
C001752,DE,2025-05-16,Occasional,2,0,457,DEV001752,50.6
C001753,FR,2025-02-10,Occasional,3,0,824,DEV001753,382.38
C001754,NL,2020-07-23,Returning,23,0,2146,DEV001754,1472.43
C001755,ES,2024-08-29,Occasional,4,0,876,DEV001755,373.65
C001756,CA,2025-12-30,New,1,0,152,DEV001756,85.53
C001757,IT,2025-03-04,Occasional,4,0,1017,DEV001757,423.94
C001758,CA,2025-11-20,New,0,0,485,DEV001758,0.0
C001759,IE,2025-06-08,Occasional,4,0,352,DEV001759,334.64
C001760,NL,2022-10-07,Returning,11,0,1811,DEV001760,1682.41
C001761,GB,2023-09-15,Returning,5,0,924,DEV001761,465.09
C001762,NL,2025-03-31,New,1,0,942,DEV001762,141.82
C001763,ES,2022-01-21,Returning,17,0,1455,DEV001763,1897.66
C001764,GB,2024-02-08,Returning,19,0,900,DEV001764,1165.01
C001765,NL,2025-09-22,New,0,0,712,DEV001765,0.0
C001766,ES,2020-10-15,Returning,6,0,2530,DEV001766,896.09
C001767,NL,2024-08-16,Occasional,2,0,1062,DEV001767,233.04
C001768,ES,2023-06-19,Returning,14,0,968,DEV001768,757.95
C001769,ES,2017-11-15,Loyal,58,0,3570,DEV001769,2508.71
C001770,GB,2021-09-07,Loyal,50,0,1855,DEV001770,2414.26
C001771,ES,2021-10-11,Returning,18,0,2004,DEV001771,1097.08
C001772,AU,2019-01-04,Returning,8,0,3143,DEV001772,221.19
C001773,IT,2025-09-29,Occasional,3,0,758,DEV001773,274.48
C001774,IT,2025-01-30,Occasional,1,0,406,DEV001774,160.06
C001775,US,2023-10-30,Occasional,4,0,1405,DEV001775,584.82
C001776,CA,2019-10-24,Returning,22,0,2314,DEV001776,1434.52
C001777,ES,2025-04-11,Occasional,4,0,272,DEV001777,211.63
C001778,DE,2024-01-14,Returning,6,0,1252,DEV001778,460.46
C001779,DE,2019-06-25,Returning,23,0,2673,DEV001779,3371.25
C001780,IE,2025-08-20,New,0,1,718,DEV001780,0.0
C001781,DE,2024-11-15,Returning,18,0,669,DEV001781,2395.69
C001782,FR,2025-11-14,New,2,0,616,DEV001782,161.01
C001783,IE,2019-10-22,Returning,24,0,2340,DEV001783,2251.03
C001784,FR,2025-03-26,New,2,0,447,DEV001784,149.0
C001785,FR,2025-12-30,New,2,0,531,DEV001785,163.64
C001786,ES,2025-02-09,New,0,0,436,DEV001786,0.0
C001787,FR,2024-01-12,Returning,22,0,1222,DEV001787,892.71
C001788,FR,2020-03-26,Returning,8,0,2771,DEV001788,405.23
C001789,US,2025-07-25,New,1,0,172,DEV001789,104.32
C001790,CA,2024-09-24,Returning,16,0,1174,DEV001790,443.13
C001791,DE,2025-02-18,Occasional,3,0,624,DEV001791,329.04
C001792,GB,2025-06-25,New,1,0,439,DEV001792,27.57
C001793,IE,2023-04-08,Occasional,2,0,1322,DEV001793,210.62
C001794,AU,2024-12-19,Occasional,6,0,1048,DEV001794,152.98
C001795,DE,2022-03-31,Returning,15,0,2047,DEV001795,851.47
C001796,FR,2021-12-01,Returning,12,0,2023,DEV001796,761.3
C001797,IT,2020-08-06,Loyal,44,0,2042,DEV001797,6509.71
C001798,US,2023-10-22,Occasional,3,0,1484,DEV001798,431.22
C001799,US,2022-12-11,Returning,10,0,1592,DEV001799,842.24
C001800,NL,2022-06-09,Occasional,3,0,1445,DEV001800,342.61
C001801,GB,2024-10-14,Occasional,4,0,669,DEV001801,264.81
C001802,GB,2022-09-24,Occasional,2,0,1743,DEV001802,222.56
C001803,ES,2018-03-21,Loyal,62,0,3055,DEV001803,8089.52
C001804,NL,2025-07-02,New,2,0,851,DEV001804,256.35
C001805,ES,2021-06-10,Returning,12,0,1963,DEV001805,294.92
C001806,IE,2023-06-05,Occasional,2,0,1086,DEV001806,236.61
C001807,NL,2024-11-26,Returning,11,0,483,DEV001807,1787.35
C001808,AU,2019-05-17,Returning,23,0,3135,DEV001808,1402.98
C001809,GB,2022-05-26,Occasional,2,0,1821,DEV001809,237.22
C001810,NL,2025-11-05,New,0,0,96,DEV001810,0.0
C001811,IT,2021-07-27,Returning,15,0,2139,DEV001811,362.13
C001812,IT,2025-04-10,New,1,0,676,DEV001812,103.94
C001813,ES,2024-06-26,Occasional,6,0,730,DEV001813,257.66
C001814,AU,2023-07-02,Occasional,2,0,1076,DEV001814,45.12
C001815,NL,2024-08-19,Occasional,5,0,1173,DEV001815,687.98
C001816,CA,2025-06-04,New,2,0,401,DEV001816,139.59
C001817,ES,2023-06-28,Returning,14,0,1327,DEV001817,1788.49
C001818,US,2023-11-02,Returning,18,0,1214,DEV001818,2765.09
C001819,DE,2024-07-13,Occasional,5,0,621,DEV001819,449.08
C001820,CA,2025-01-21,Occasional,1,0,745,DEV001820,49.05
C001821,FR,2021-03-24,Loyal,87,0,2094,DEV001821,5019.79
C001822,FR,2018-01-13,Loyal,53,0,3286,DEV001822,4817.38
C001823,GB,2025-07-09,Occasional,4,0,605,DEV001823,289.0
C001824,US,2023-06-27,Occasional,4,0,1323,DEV001824,443.99
C001825,CA,2025-10-06,New,2,0,312,DEV001825,90.55
C001826,ES,2025-09-14,Occasional,4,0,669,DEV001826,246.34
C001827,CA,2025-06-01,New,0,0,605,DEV001827,0.0
C001828,US,2023-12-29,Occasional,2,0,876,DEV001828,326.3
C001829,IE,2021-07-17,Loyal,99,0,1747,DEV001829,9800.27
C001830,NL,2017-01-01,Loyal,75,0,3707,DEV001830,5501.42
C001831,AU,2022-05-07,Occasional,5,0,1778,DEV001831,248.59
C001832,IT,2020-03-25,Loyal,33,0,2523,DEV001832,3734.91
C001833,IT,2023-05-10,Returning,6,0,1025,DEV001833,210.16
C001834,IE,2020-05-02,Returning,22,0,2178,DEV001834,389.44
C001835,CA,2025-03-21,New,1,0,558,DEV001835,119.24
C001836,GB,2025-10-28,New,1,0,537,DEV001836,115.85
C001837,GB,2025-08-14,New,0,0,748,DEV001837,0.0
C001838,ES,2025-02-15,New,2,0,536,DEV001838,52.36
C001839,ES,2017-03-29,Loyal,93,0,3464,DEV001839,14504.26
C001840,GB,2025-08-09,New,0,0,630,DEV001840,0.0
C001841,ES,2020-05-07,Loyal,99,0,2161,DEV001841,11135.34
C001842,GB,2022-10-19,Returning,12,0,1612,DEV001842,1371.45
C001843,IT,2025-05-14,Occasional,2,0,557,DEV001843,218.03
C001844,DE,2020-04-25,Returning,8,0,2357,DEV001844,592.88
C001845,US,2025-04-27,Occasional,4,0,489,DEV001845,113.9
C001846,GB,2022-09-23,Returning,22,0,1327,DEV001846,874.39
C001847,NL,2020-11-23,Returning,15,0,2302,DEV001847,1000.59
C001848,CA,2025-02-21,New,1,0,438,DEV001848,87.26
C001849,FR,2025-05-23,New,1,0,898,DEV001849,103.49
C001850,ES,2025-02-02,New,2,0,550,DEV001850,74.66
C001851,IE,2024-07-17,Returning,22,0,676,DEV001851,390.31
C001852,CA,2025-02-05,New,1,0,1032,DEV001852,102.53
C001853,US,2024-05-15,Occasional,3,0,1220,DEV001853,264.78
C001854,ES,2021-05-28,Returning,5,0,2393,DEV001854,257.75
C001855,AU,2025-03-12,New,2,0,482,DEV001855,268.79
C001856,NL,2024-09-21,Occasional,4,0,1143,DEV001856,120.21
C001857,CA,2019-10-15,Returning,9,0,2435,DEV001857,909.65
C001858,ES,2025-11-21,New,1,0,634,DEV001858,119.17
C001859,AU,2021-01-06,Returning,20,0,2221,DEV001859,470.66
C001860,GB,2023-11-23,Occasional,4,0,916,DEV001860,327.12
C001861,US,2024-07-14,Returning,17,0,1143,DEV001861,528.97
C001862,NL,2022-12-06,Occasional,4,0,1160,DEV001862,512.41
C001863,AU,2025-04-11,New,0,0,675,DEV001863,0.0
C001864,CA,2023-06-30,Occasional,3,0,1066,DEV001864,209.52
C001865,AU,2022-06-20,Returning,18,0,1502,DEV001865,854.35
C001866,IT,2022-07-11,Loyal,81,0,1353,DEV001866,4674.03
C001867,ES,2025-06-10,Occasional,5,0,645,DEV001867,746.62
C001868,IT,2025-10-24,New,2,0,750,DEV001868,128.5
C001869,NL,2022-10-18,Returning,9,0,1775,DEV001869,1255.31
C001870,AU,2021-11-06,Returning,14,0,1752,DEV001870,816.77
C001871,ES,2024-08-18,Returning,10,0,987,DEV001871,1274.81
C001872,IE,2024-12-25,Returning,7,0,848,DEV001872,417.99
C001873,NL,2024-12-13,Occasional,6,0,902,DEV001873,289.75
C001874,FR,2025-02-25,New,1,0,933,DEV001874,119.27
C001875,DE,2022-12-18,Returning,8,0,1256,DEV001875,809.98
C001876,NL,2025-10-28,New,0,0,772,DEV001876,0.0
C001877,ES,2025-12-18,New,1,0,275,DEV001877,65.69
C001878,US,2022-12-11,Occasional,4,0,1486,DEV001878,316.53
C001879,IE,2024-08-03,Occasional,1,0,651,DEV001879,96.25
C001880,NL,2019-03-20,Returning,17,0,3180,DEV001880,2893.52
C001881,ES,2022-02-18,Occasional,4,0,1674,DEV001881,398.5
C001882,IT,2025-05-13,Occasional,1,0,526,DEV001882,86.35
C001883,US,2021-03-30,Loyal,40,0,2168,DEV001883,1863.92
C001884,NL,2020-02-11,Returning,7,0,2709,DEV001884,903.58
C001885,DE,2023-06-04,Occasional,4,0,965,DEV001885,208.31
C001886,DE,2019-12-19,Returning,5,0,2425,DEV001886,356.96
C001887,DE,2021-05-07,Returning,22,0,2003,DEV001887,2131.68
C001888,NL,2022-12-31,Occasional,1,0,1644,DEV001888,117.48
C001889,US,2022-03-11,Returning,18,0,1431,DEV001889,2444.11
C001890,NL,2023-10-23,Occasional,1,0,1014,DEV001890,51.81
C001891,IT,2021-02-27,Returning,15,0,1974,DEV001891,552.2
C001892,NL,2024-10-07,Occasional,3,0,954,DEV001892,343.2
C001893,FR,2023-08-20,Returning,8,0,1196,DEV001893,1138.83
C001894,IE,2025-07-29,New,0,0,712,DEV001894,0.0
C001895,IT,2025-03-21,New,0,0,778,DEV001895,0.0
C001896,IT,2024-07-04,Occasional,3,0,1150,DEV001896,369.53
C001897,FR,2024-08-24,Returning,22,0,882,DEV001897,3588.02
C001898,GB,2023-10-14,Occasional,5,0,1192,DEV001898,313.75
C001899,US,2025-09-16,New,1,1,560,DEV001899,77.41
C001900,CA,2020-08-31,Returning,10,0,2406,DEV001900,527.47
C001901,ES,2025-09-17,New,2,0,702,DEV001901,312.38
C001902,IT,2023-02-25,Returning,5,0,1290,DEV001902,536.64
C001903,GB,2025-09-05,Occasional,4,0,380,DEV001903,427.97
C001904,NL,2023-01-22,Occasional,1,0,1362,DEV001904,93.3
C001905,DE,2023-12-26,Returning,15,1,966,DEV001905,1190.51
C001906,CA,2023-01-08,Loyal,52,0,1240,DEV001906,5963.48
C001907,FR,2023-04-08,Occasional,2,0,1407,DEV001907,192.92
C001908,ES,2023-02-26,Occasional,6,0,1746,DEV001908,352.21
C001909,CA,2025-01-22,Occasional,3,0,499,DEV001909,248.87
C001910,GB,2023-05-15,Returning,5,0,1297,DEV001910,153.14
C001911,CA,2025-05-04,Occasional,1,0,856,DEV001911,99.0
C001912,NL,2025-07-28,New,1,0,274,DEV001912,30.78
C001913,NL,2022-10-06,Returning,19,0,1635,DEV001913,497.33
C001914,ES,2024-03-01,Occasional,2,0,1053,DEV001914,300.26
C001915,FR,2025-08-11,Occasional,1,0,493,DEV001915,61.34
C001916,NL,2017-02-13,Loyal,94,0,3628,DEV001916,11734.54
C001917,GB,2025-10-31,New,0,0,425,DEV001917,0.0
C001918,ES,2017-02-03,Loyal,29,0,3416,DEV001918,1482.42
C001919,US,2025-03-22,New,1,0,721,DEV001919,146.64
C001920,DE,2023-06-28,Loyal,27,1,1449,DEV001920,4525.37
C001921,ES,2019-07-04,Loyal,23,0,2937,DEV001921,2770.65
C001922,NL,2024-10-25,Occasional,5,0,987,DEV001922,562.19
C001923,GB,2023-12-04,Occasional,2,0,1140,DEV001923,222.77
C001924,CA,2023-07-25,Occasional,1,0,1617,DEV001924,130.21
C001925,AU,2023-05-06,Returning,20,0,1261,DEV001925,2138.85
C001926,NL,2020-07-23,Loyal,86,0,2058,DEV001926,3804.19
C001927,FR,2022-03-03,Occasional,6,0,1995,DEV001927,904.81
C001928,NL,2019-02-27,Returning,18,0,2676,DEV001928,876.39
C001929,IT,2025-10-11,New,0,0,423,DEV001929,0.0
C001930,GB,2021-02-12,Loyal,96,0,2170,DEV001930,11375.24
C001931,NL,2025-08-10,New,2,0,207,DEV001931,198.98
C001932,CA,2025-05-26,New,2,0,473,DEV001932,55.63
C001933,DE,2019-03-16,Loyal,21,0,3079,DEV001933,2691.11
C001934,FR,2025-11-06,New,0,0,747,DEV001934,0.0
C001935,AU,2025-07-05,Occasional,2,0,634,DEV001935,275.91
C001936,NL,2024-04-25,Occasional,2,0,1249,DEV001936,50.36
C001937,NL,2025-04-10,Occasional,4,0,678,DEV001937,227.72
C001938,NL,2023-04-17,Returning,8,0,1177,DEV001938,345.63
C001939,IT,2022-09-23,Returning,24,0,1759,DEV001939,1421.82
C001940,CA,2022-11-06,Returning,5,0,1363,DEV001940,266.5
C001941,NL,2024-05-30,Occasional,6,0,776,DEV001941,220.95
C001942,DE,2021-06-01,Returning,19,0,2359,DEV001942,2333.07
C001943,ES,2022-08-31,Returning,12,0,1525,DEV001943,289.23
C001944,DE,2023-03-10,Occasional,5,0,1127,DEV001944,141.19
C001945,IE,2025-10-11,New,0,0,364,DEV001945,0.0
C001946,NL,2025-06-21,New,0,0,574,DEV001946,0.0
C001947,ES,2025-05-23,Occasional,4,0,408,DEV001947,491.04
C001948,ES,2023-03-24,Returning,21,0,1087,DEV001948,1843.99
C001949,ES,2018-07-25,Loyal,37,0,3163,DEV001949,4244.91
C001950,DE,2025-11-11,New,2,0,263,DEV001950,108.83
C001951,US,2025-08-21,New,1,0,622,DEV001951,24.99
C001952,AU,2022-02-06,Occasional,4,0,2073,DEV001952,552.08
C001953,DE,2024-12-24,Returning,15,0,591,DEV001953,1154.65
C001954,IT,2025-08-30,New,2,0,658,DEV001954,188.24
C001955,ES,2025-05-20,Occasional,4,0,482,DEV001955,359.65
C001956,AU,2025-06-12,New,2,0,546,DEV001956,88.79
C001957,CA,2023-05-30,Occasional,3,0,1586,DEV001957,159.02
C001958,CA,2022-10-23,Occasional,1,0,1837,DEV001958,125.54
C001959,ES,2024-12-01,Occasional,3,0,777,DEV001959,283.53
C001960,CA,2025-11-30,New,0,0,241,DEV001960,0.0
C001961,DE,2025-03-03,New,2,0,990,DEV001961,64.39
C001962,US,2022-03-08,Loyal,55,0,1755,DEV001962,5758.22
C001963,CA,2023-04-25,Occasional,2,0,1264,DEV001963,59.44
C001964,DE,2025-12-20,New,1,0,680,DEV001964,130.42
C001965,AU,2025-07-23,New,0,0,246,DEV001965,0.0
C001966,IE,2022-03-10,Occasional,3,0,1542,DEV001966,159.1
C001967,DE,2025-01-07,New,0,0,945,DEV001967,0.0
C001968,IT,2023-07-02,Returning,19,0,1404,DEV001968,647.73
C001969,IE,2022-05-04,Occasional,2,0,1640,DEV001969,180.46
C001970,ES,2019-11-17,Returning,13,0,2959,DEV001970,1179.86
C001971,IE,2020-01-18,Returning,21,0,2323,DEV001971,1000.93
C001972,NL,2020-06-23,Returning,17,0,2715,DEV001972,2186.83
C001973,DE,2025-10-17,New,0,0,526,DEV001973,0.0
C001974,IE,2023-04-24,Occasional,4,0,1428,DEV001974,308.87
C001975,IE,2025-03-10,New,2,0,387,DEV001975,80.06
C001976,US,2019-12-17,Loyal,61,0,2794,DEV001976,2479.4
C001977,IT,2025-05-30,New,1,0,641,DEV001977,31.99
C001978,ES,2024-08-24,Occasional,1,0,1041,DEV001978,128.34
C001979,IE,2023-11-06,Returning,21,0,1312,DEV001979,536.25
C001980,CA,2021-02-26,Loyal,84,0,2031,DEV001980,4393.37
C001981,IT,2024-07-09,Occasional,5,0,668,DEV001981,670.09
C001982,GB,2025-01-02,New,2,0,666,DEV001982,209.04
C001983,FR,2023-10-23,Occasional,2,0,945,DEV001983,189.38
C001984,IT,2023-11-25,Occasional,2,0,1400,DEV001984,142.48
C001985,IT,2023-08-27,Occasional,6,0,1368,DEV001985,135.83
C001986,NL,2020-11-12,Returning,11,0,2516,DEV001986,559.06
C001987,CA,2023-06-04,Occasional,4,0,1637,DEV001987,332.61
C001988,DE,2025-06-10,New,0,0,362,DEV001988,0.0
C001989,AU,2025-06-10,New,2,0,586,DEV001989,112.79
C001990,AU,2025-08-24,New,1,0,550,DEV001990,90.74
C001991,US,2023-12-17,Occasional,3,0,942,DEV001991,188.53
C001992,GB,2021-08-02,Loyal,80,0,2106,DEV001992,3735.75
C001993,GB,2025-05-31,Occasional,5,0,376,DEV001993,232.48
C001994,CA,2025-11-05,New,1,0,128,DEV001994,79.62
C001995,US,2022-06-09,Occasional,5,0,1567,DEV001995,599.84
C001996,CA,2025-07-29,New,1,0,659,DEV001996,23.07
C001997,US,2022-05-17,Returning,7,0,2000,DEV001997,519.21
C001998,DE,2025-07-11,New,2,0,267,DEV001998,162.84
C001999,DE,2022-11-09,Returning,24,0,1594,DEV001999,3294.47
C002000,IE,2020-06-14,Returning,14,1,2619,DEV002000,456.15
C002001,IT,2022-03-01,Occasional,6,0,1429,DEV002001,633.48
C002002,DE,2023-09-09,Returning,18,0,1492,DEV002002,1526.17
C002003,IT,2022-10-13,Occasional,1,0,1884,DEV002003,113.36
C002004,DE,2023-06-19,Occasional,5,0,1181,DEV002004,735.04
C002005,IE,2019-02-05,Returning,11,0,3107,DEV002005,1079.88
C002006,FR,2025-11-16,New,1,0,173,DEV002006,100.59
C002007,DE,2025-11-13,New,2,0,691,DEV002007,147.15
C002008,CA,2023-08-31,Returning,12,0,1422,DEV002008,344.52
C002009,IT,2023-12-05,Loyal,65,0,1101,DEV002009,4211.96
C002010,US,2025-10-24,New,0,0,286,DEV002010,0.0
C002011,FR,2025-09-11,New,2,0,143,DEV002011,182.8
C002012,IT,2024-01-31,Occasional,6,0,1321,DEV002012,468.64
C002013,IE,2021-11-19,Returning,10,0,1815,DEV002013,853.42
C002014,ES,2025-06-20,Occasional,6,0,727,DEV002014,344.1
C002015,IT,2023-08-14,Occasional,4,0,977,DEV002015,300.14
C002016,GB,2025-04-02,New,0,0,814,DEV002016,0.0
C002017,FR,2025-11-21,New,2,0,686,DEV002017,110.47
C002018,GB,2019-03-28,Loyal,89,1,2667,DEV002018,12390.8
C002019,IE,2025-08-31,New,0,0,613,DEV002019,0.0
C002020,FR,2020-04-17,Returning,6,0,2228,DEV002020,612.26
C002021,FR,2022-09-10,Occasional,2,0,1750,DEV002021,139.11
C002022,AU,2017-06-10,Loyal,35,0,3210,DEV002022,5726.55
C002023,DE,2023-06-22,Loyal,76,0,1579,DEV002023,4054.49
C002024,ES,2025-05-09,New,0,0,417,DEV002024,0.0
C002025,CA,2022-09-28,Occasional,6,0,1685,DEV002025,740.76
C002026,AU,2024-01-05,Occasional,1,0,913,DEV002026,79.21
C002027,AU,2025-03-09,New,1,0,925,DEV002027,62.56
C002028,GB,2025-02-15,New,2,0,341,DEV002028,245.89
C002029,AU,2024-12-26,Returning,5,0,1029,DEV002029,840.97
C002030,IT,2020-09-02,Returning,24,0,2139,DEV002030,1381.52
C002031,IE,2020-04-07,Returning,23,0,2590,DEV002031,2875.3
C002032,ES,2023-09-24,Returning,17,0,1434,DEV002032,1464.85
C002033,ES,2025-01-21,Occasional,6,0,843,DEV002033,502.91
C002034,IT,2023-12-12,Occasional,3,0,1045,DEV002034,303.09
C002035,AU,2024-10-20,Occasional,6,0,913,DEV002035,661.04
C002036,IT,2024-04-27,Occasional,6,0,886,DEV002036,471.96
C002037,CA,2020-09-19,Returning,10,0,1937,DEV002037,1340.29
C002038,ES,2025-04-28,New,0,0,976,DEV002038,0.0
C002039,NL,2023-09-10,Occasional,5,0,1325,DEV002039,125.36
C002040,AU,2020-07-11,Loyal,27,0,2628,DEV002040,1442.83
C002041,US,2020-09-22,Returning,23,0,2284,DEV002041,542.33
C002042,DE,2023-03-27,Occasional,4,0,1255,DEV002042,215.83
C002043,IT,2023-12-04,Occasional,5,0,1098,DEV002043,270.2
C002044,NL,2023-08-19,Returning,10,0,1576,DEV002044,691.89
C002045,IT,2025-01-30,New,2,0,452,DEV002045,219.44
C002046,CA,2024-05-31,Occasional,1,0,1200,DEV002046,167.32
C002047,US,2025-01-27,Occasional,2,0,923,DEV002047,156.66
C002048,NL,2025-10-15,New,0,0,95,DEV002048,0.0
C002049,ES,2020-09-15,Returning,23,0,2039,DEV002049,1163.19
C002050,IE,2020-07-17,Returning,7,0,2313,DEV002050,141.48
C002051,CA,2022-04-06,Returning,10,0,2072,DEV002051,675.3
C002052,DE,2022-06-07,Returning,10,0,1746,DEV002052,693.84
C002053,AU,2022-09-02,Occasional,3,0,1788,DEV002053,69.88
C002054,AU,2025-04-13,Occasional,1,0,602,DEV002054,48.44
C002055,DE,2019-10-12,Loyal,33,0,2968,DEV002055,3780.77
C002056,NL,2018-08-04,Loyal,73,0,3319,DEV002056,5048.32
C002057,IT,2022-01-06,Occasional,5,0,1722,DEV002057,388.08
C002058,AU,2024-09-09,Returning,7,0,684,DEV002058,370.43
C002059,ES,2024-04-26,Occasional,3,0,1018,DEV002059,307.42
C002060,CA,2019-12-10,Returning,21,0,2544,DEV002060,822.89
C002061,DE,2021-08-23,Returning,11,0,1639,DEV002061,1636.28
C002062,AU,2022-05-24,Occasional,3,0,1547,DEV002062,92.17
C002063,FR,2020-03-05,Returning,6,0,2355,DEV002063,826.61
C002064,IT,2025-07-11,New,1,0,428,DEV002064,81.95
C002065,US,2024-03-26,Occasional,6,0,1249,DEV002065,304.48
C002066,FR,2022-11-20,Occasional,1,0,1324,DEV002066,27.85
C002067,US,2025-09-05,Occasional,3,0,763,DEV002067,331.91
C002068,IT,2023-11-22,Occasional,2,0,811,DEV002068,216.85
C002069,IT,2024-03-13,Occasional,5,0,1283,DEV002069,543.33
C002070,AU,2022-10-28,Occasional,2,0,1799,DEV002070,240.95
C002071,NL,2023-05-14,Returning,8,0,1435,DEV002071,421.48
C002072,CA,2019-11-24,Loyal,68,0,2636,DEV002072,6571.66
C002073,IT,2025-07-16,New,0,0,358,DEV002073,0.0
C002074,NL,2025-06-02,New,2,0,327,DEV002074,306.39
C002075,CA,2022-02-17,Occasional,4,0,1583,DEV002075,601.74
C002076,CA,2025-06-22,Occasional,5,0,276,DEV002076,538.95
C002077,NL,2022-12-29,Returning,10,0,1271,DEV002077,1238.2
C002078,US,2024-01-10,Occasional,2,0,1356,DEV002078,345.11
C002079,NL,2020-10-12,Returning,22,0,1934,DEV002079,3067.26
C002080,AU,2020-07-28,Returning,24,0,2255,DEV002080,2423.44
C002081,CA,2022-09-23,Returning,13,0,1428,DEV002081,1180.45
C002082,NL,2022-03-13,Occasional,2,0,2033,DEV002082,215.32
C002083,US,2020-01-02,Loyal,100,0,2642,DEV002083,13003.53
C002084,CA,2020-10-09,Returning,9,0,2119,DEV002084,980.13
C002085,DE,2024-01-18,Occasional,1,0,852,DEV002085,163.26
C002086,FR,2022-02-23,Returning,5,0,1927,DEV002086,145.0
C002087,IT,2023-12-08,Occasional,6,0,930,DEV002087,599.4
C002088,IE,2023-07-26,Returning,17,0,1519,DEV002088,2149.12
C002089,IT,2023-04-25,Loyal,97,0,1569,DEV002089,9435.45
C002090,AU,2023-02-26,Occasional,3,0,1102,DEV002090,187.73
C002091,IT,2025-03-14,New,2,0,469,DEV002091,162.55
C002092,FR,2023-11-19,Occasional,5,0,1146,DEV002092,186.78
C002093,US,2025-08-23,New,1,0,434,DEV002093,118.77
C002094,DE,2020-07-13,Returning,10,0,2144,DEV002094,1114.61
C002095,IE,2021-06-08,Returning,24,0,1872,DEV002095,1011.88
C002096,FR,2019-10-06,Loyal,21,0,2730,DEV002096,2585.18
C002097,NL,2023-02-02,Occasional,3,0,1209,DEV002097,482.03
C002098,GB,2021-05-03,Returning,12,0,2347,DEV002098,353.88
C002099,GB,2025-07-25,Occasional,2,0,304,DEV002099,265.74
C002100,IT,2025-06-17,New,0,0,411,DEV002100,0.0
C002101,IT,2024-04-29,Occasional,3,0,1147,DEV002101,112.14
C002102,IT,2021-05-04,Returning,23,0,1937,DEV002102,797.17
C002103,GB,2025-09-21,New,2,0,676,DEV002103,237.11
C002104,GB,2023-02-05,Occasional,1,0,1119,DEV002104,23.06
C002105,IE,2023-07-08,Returning,18,0,1319,DEV002105,1092.77
C002106,DE,2025-08-05,New,0,0,417,DEV002106,0.0
C002107,IT,2020-09-12,Returning,8,0,2331,DEV002107,1161.07
C002108,DE,2025-05-23,New,0,0,583,DEV002108,0.0
C002109,IT,2020-04-26,Returning,9,0,2714,DEV002109,1051.77
C002110,AU,2021-09-28,Returning,16,0,2279,DEV002110,1362.9
C002111,FR,2021-11-08,Loyal,67,0,1655,DEV002111,3207.97
C002112,GB,2023-12-16,Returning,12,0,1468,DEV002112,286.67
C002113,AU,2019-04-12,Loyal,94,0,2808,DEV002113,6506.64
C002114,IE,2023-04-15,Returning,21,0,1214,DEV002114,643.77
C002115,NL,2023-08-16,Returning,5,0,1593,DEV002115,161.08
C002116,US,2022-08-17,Occasional,1,0,1255,DEV002116,117.5
C002117,CA,2023-06-12,Occasional,5,0,1320,DEV002117,600.82
C002118,IT,2025-10-31,New,1,0,270,DEV002118,60.6
C002119,NL,2025-11-05,New,1,0,340,DEV002119,149.11
C002120,DE,2021-02-28,Loyal,27,0,2257,DEV002120,3183.42
C002121,ES,2022-02-08,Occasional,5,0,1556,DEV002121,368.95
C002122,FR,2025-07-14,New,1,0,524,DEV002122,137.67
C002123,ES,2025-01-16,New,1,0,369,DEV002123,125.14
C002124,FR,2023-09-05,Loyal,21,0,1376,DEV002124,3224.12
C002125,IE,2021-05-11,Returning,19,0,2369,DEV002125,2584.99
C002126,US,2020-01-15,Loyal,22,0,2403,DEV002126,3084.03
C002127,AU,2024-09-09,Returning,20,0,640,DEV002127,2201.76
C002128,DE,2025-03-09,New,0,0,748,DEV002128,0.0
C002129,AU,2021-02-06,Returning,7,0,2338,DEV002129,475.57
C002130,DE,2024-04-14,Occasional,6,0,1261,DEV002130,138.31
C002131,IE,2023-05-25,Returning,16,0,1270,DEV002131,1704.55
C002132,ES,2025-10-12,New,0,0,319,DEV002132,0.0
C002133,ES,2025-02-24,New,2,0,844,DEV002133,182.94
C002134,ES,2019-07-01,Returning,15,0,2743,DEV002134,1508.49
C002135,CA,2023-08-05,Occasional,2,0,1234,DEV002135,280.54
C002136,DE,2025-05-06,New,2,0,861,DEV002136,214.63
C002137,CA,2025-12-11,New,0,0,525,DEV002137,0.0
C002138,FR,2022-10-28,Returning,8,0,1483,DEV002138,789.35
C002139,NL,2025-01-04,Occasional,3,0,956,DEV002139,326.43
C002140,IE,2022-05-20,Occasional,1,0,1845,DEV002140,106.18
C002141,US,2022-12-11,Occasional,2,0,1415,DEV002141,249.44
C002142,US,2022-02-03,Returning,22,0,2099,DEV002142,2030.04
C002143,ES,2023-05-10,Occasional,4,0,1066,DEV002143,511.4
C002144,IE,2025-09-04,New,2,0,628,DEV002144,186.79
C002145,DE,2022-08-24,Occasional,2,0,1470,DEV002145,80.88
C002146,AU,2025-01-18,Occasional,4,0,428,DEV002146,416.49
C002147,CA,2025-03-01,New,1,0,489,DEV002147,148.26
C002148,IE,2019-09-27,Returning,7,0,2731,DEV002148,195.88
C002149,CA,2020-07-06,Returning,14,0,2056,DEV002149,2383.75
C002150,IT,2025-08-13,New,2,0,615,DEV002150,147.23
C002151,GB,2022-06-09,Occasional,2,0,1914,DEV002151,312.42
C002152,FR,2024-05-19,Returning,5,0,890,DEV002152,799.86
C002153,ES,2022-09-14,Returning,11,0,1776,DEV002153,1534.03
C002154,ES,2023-05-10,Occasional,5,0,1610,DEV002154,171.26
C002155,FR,2023-02-11,Occasional,3,0,1650,DEV002155,309.16
C002156,DE,2022-04-24,Occasional,6,0,1546,DEV002156,168.17
C002157,ES,2023-11-03,Returning,15,0,1013,DEV002157,526.38
C002158,AU,2022-05-07,Occasional,3,0,2004,DEV002158,230.69
C002159,IE,2023-08-11,Returning,14,0,1436,DEV002159,1658.6
C002160,GB,2024-08-12,Returning,6,0,545,DEV002160,585.71
C002161,FR,2025-09-29,Occasional,5,0,626,DEV002161,523.11
C002162,DE,2025-08-16,Occasional,5,0,232,DEV002162,149.78
C002163,FR,2025-04-09,New,1,0,365,DEV002163,65.21
C002164,IT,2024-04-12,Occasional,2,0,1184,DEV002164,94.79
C002165,NL,2023-12-13,Occasional,5,0,821,DEV002165,254.12
C002166,AU,2025-10-07,New,2,0,614,DEV002166,261.94
C002167,AU,2025-08-20,New,2,0,728,DEV002167,133.54
C002168,AU,2025-01-20,New,0,0,705,DEV002168,0.0
C002169,CA,2025-05-10,New,2,0,733,DEV002169,58.86
C002170,ES,2020-12-22,Loyal,21,0,2159,DEV002170,1539.21
C002171,CA,2023-03-21,Loyal,75,0,1511,DEV002171,2257.78
C002172,GB,2024-12-29,Returning,11,0,429,DEV002172,1156.53
C002173,IT,2022-09-20,Returning,22,0,1423,DEV002173,1982.29
C002174,CA,2024-02-12,Occasional,2,0,1027,DEV002174,111.54
C002175,AU,2025-03-17,Occasional,4,0,975,DEV002175,167.5
C002176,FR,2019-10-19,Returning,18,0,2421,DEV002176,2191.37
C002177,CA,2024-07-26,Returning,7,0,771,DEV002177,464.01
C002178,NL,2025-03-30,New,2,0,1000,DEV002178,63.21
C002179,CA,2023-01-26,Occasional,5,0,1219,DEV002179,444.11
C002180,US,2023-10-30,Occasional,3,0,1494,DEV002180,59.22
C002181,IE,2021-01-29,Loyal,76,0,2217,DEV002181,10877.51
C002182,DE,2022-12-01,Occasional,2,0,1201,DEV002182,167.05
C002183,NL,2025-06-29,New,0,0,894,DEV002183,0.0
C002184,IT,2025-08-24,Occasional,6,0,198,DEV002184,233.16
C002185,CA,2024-09-08,Occasional,2,0,877,DEV002185,102.3
C002186,CA,2025-02-21,New,1,0,610,DEV002186,93.72
C002187,GB,2022-10-29,Occasional,2,0,1793,DEV002187,190.63
C002188,AU,2022-07-23,Returning,20,0,1968,DEV002188,1958.22
C002189,FR,2022-06-22,Returning,6,0,1656,DEV002189,886.97
C002190,IT,2023-04-29,Occasional,2,0,1173,DEV002190,122.4
C002191,DE,2019-09-06,Returning,21,1,2437,DEV002191,913.2
C002192,US,2024-02-08,Occasional,3,0,777,DEV002192,187.33
C002193,IT,2023-03-18,Returning,15,0,1631,DEV002193,1212.19
C002194,ES,2025-11-22,New,0,0,177,DEV002194,0.0
C002195,NL,2022-11-03,Occasional,6,0,1515,DEV002195,241.61
C002196,IT,2021-12-07,Returning,7,0,1745,DEV002196,809.2
C002197,IT,2023-10-02,Returning,17,0,1394,DEV002197,1187.99
C002198,CA,2024-06-19,Returning,8,0,906,DEV002198,1158.58
C002199,DE,2019-12-27,Returning,13,0,2543,DEV002199,1740.7
C002200,US,2023-05-04,Returning,16,0,1595,DEV002200,733.59
C002201,NL,2025-09-20,Occasional,5,0,368,DEV002201,681.3
C002202,CA,2025-03-22,Occasional,4,0,915,DEV002202,170.44
C002203,GB,2025-06-18,New,1,0,730,DEV002203,76.25
C002204,IE,2025-03-11,New,1,0,569,DEV002204,64.53
C002205,AU,2023-04-01,Returning,7,0,1123,DEV002205,122.87
C002206,US,2022-02-11,Occasional,6,0,1523,DEV002206,187.97
C002207,AU,2024-08-10,Occasional,1,0,1218,DEV002207,140.44
C002208,NL,2023-10-13,Returning,6,0,1272,DEV002208,942.13
C002209,CA,2020-07-29,Returning,22,0,2544,DEV002209,2919.47
C002210,NL,2025-08-03,New,2,0,532,DEV002210,63.36
C002211,FR,2024-04-09,Returning,14,0,1105,DEV002211,1237.46
C002212,GB,2019-10-27,Returning,5,0,2888,DEV002212,583.65
C002213,ES,2024-10-27,Returning,21,0,1132,DEV002213,1698.38
C002214,GB,2024-11-18,Occasional,1,0,1030,DEV002214,68.97
C002215,US,2024-11-21,Occasional,5,0,1029,DEV002215,286.84
C002216,US,2022-04-06,Returning,23,0,2028,DEV002216,1502.26
C002217,IT,2024-08-01,Occasional,6,0,786,DEV002217,692.83
C002218,US,2019-01-09,Loyal,54,0,2660,DEV002218,4239.37
C002219,DE,2025-04-06,New,1,0,554,DEV002219,25.89
C002220,GB,2025-06-28,New,2,0,406,DEV002220,329.87
C002221,DE,2023-04-13,Occasional,4,0,1133,DEV002221,620.65
C002222,FR,2025-06-08,Occasional,6,0,701,DEV002222,156.74
C002223,ES,2025-12-09,New,0,0,567,DEV002223,0.0
C002224,DE,2020-05-19,Returning,16,0,2290,DEV002224,1662.91
C002225,IT,2024-10-08,Occasional,6,0,585,DEV002225,705.15
C002226,IE,2022-05-17,Occasional,5,0,1657,DEV002226,792.02
C002227,IT,2022-09-15,Loyal,28,0,1549,DEV002227,3699.17
C002228,US,2019-07-04,Returning,21,0,2387,DEV002228,513.18
C002229,ES,2019-06-10,Returning,12,0,2437,DEV002229,641.36
C002230,AU,2024-01-28,Occasional,2,0,1104,DEV002230,207.9
C002231,GB,2025-10-04,New,1,0,721,DEV002231,82.67
C002232,AU,2025-08-23,New,1,0,130,DEV002232,123.57
C002233,NL,2023-03-13,Occasional,4,0,1489,DEV002233,114.05
C002234,US,2025-05-25,New,1,0,871,DEV002234,46.09
C002235,ES,2020-07-04,Loyal,49,0,2571,DEV002235,8166.5
C002236,GB,2020-09-02,Returning,11,0,2514,DEV002236,793.29
C002237,CA,2022-07-19,Loyal,62,0,1385,DEV002237,5370.65
C002238,FR,2025-10-18,New,1,0,406,DEV002238,109.08
C002239,GB,2025-04-16,Occasional,4,0,576,DEV002239,194.98
C002240,AU,2024-06-29,Occasional,2,0,1205,DEV002240,51.48
C002241,CA,2025-11-09,New,2,0,187,DEV002241,233.19
C002242,IE,2022-06-24,Occasional,2,0,1374,DEV002242,80.77
C002243,US,2022-02-07,Returning,17,0,1910,DEV002243,356.74
C002244,US,2022-07-30,Returning,12,0,1783,DEV002244,350.8
C002245,GB,2020-10-31,Returning,23,0,2230,DEV002245,1710.73
C002246,IE,2025-03-21,Occasional,2,0,315,DEV002246,65.49
C002247,US,2024-11-02,Occasional,4,0,1133,DEV002247,282.29
C002248,CA,2025-12-25,New,0,0,577,DEV002248,0.0
C002249,DE,2025-03-05,New,0,0,582,DEV002249,0.0
C002250,FR,2025-02-13,Occasional,6,0,427,DEV002250,527.23
C002251,AU,2017-11-16,Loyal,47,0,3504,DEV002251,4162.76
C002252,US,2022-07-06,Occasional,4,0,1276,DEV002252,273.35
C002253,GB,2025-07-09,Occasional,1,0,430,DEV002253,80.93
C002254,IE,2023-11-09,Loyal,70,0,1189,DEV002254,4381.45
C002255,IT,2019-05-16,Returning,15,0,2871,DEV002255,1207.39
C002256,IE,2022-12-01,Loyal,91,0,1801,DEV002256,10734.18
C002257,US,2022-07-31,Occasional,6,0,1734,DEV002257,573.65
C002258,CA,2022-12-31,Occasional,1,0,1191,DEV002258,118.07
C002259,IT,2025-07-13,New,0,0,253,DEV002259,0.0
C002260,GB,2022-04-03,Returning,13,1,1647,DEV002260,1361.71
C002261,DE,2022-12-03,Loyal,55,0,1805,DEV002261,3481.2
C002262,NL,2022-12-02,Occasional,5,0,1420,DEV002262,269.02
C002263,CA,2024-07-03,Returning,14,0,1098,DEV002263,951.13
C002264,ES,2020-04-17,Returning,10,0,2593,DEV002264,652.6
C002265,IT,2024-02-23,Returning,21,0,1148,DEV002265,1383.4
C002266,GB,2025-06-11,New,1,0,659,DEV002266,86.88
C002267,ES,2025-09-24,New,2,0,508,DEV002267,61.18
C002268,ES,2022-10-17,Occasional,3,0,1688,DEV002268,381.78
C002269,FR,2022-04-17,Returning,18,0,1788,DEV002269,2073.0
C002270,CA,2019-03-25,Returning,20,0,2663,DEV002270,1348.83
C002271,ES,2025-03-12,New,1,0,755,DEV002271,99.91
C002272,US,2020-06-02,Returning,16,0,2417,DEV002272,1523.64
C002273,GB,2022-09-27,Occasional,4,0,1622,DEV002273,344.74
C002274,GB,2022-12-16,Returning,5,0,1443,DEV002274,148.91
C002275,GB,2022-11-05,Occasional,6,0,1762,DEV002275,422.65
C002276,FR,2023-10-26,Occasional,2,0,1324,DEV002276,232.93
C002277,DE,2021-01-22,Loyal,29,0,1940,DEV002277,2284.3
C002278,AU,2018-02-02,Loyal,98,0,3598,DEV002278,10975.72
C002279,GB,2024-06-20,Occasional,5,0,762,DEV002279,627.92
C002280,US,2023-09-12,Loyal,61,0,1497,DEV002280,7650.22
C002281,GB,2025-04-28,Occasional,6,0,757,DEV002281,903.5
C002282,FR,2024-02-20,Occasional,5,0,846,DEV002282,377.22
C002283,FR,2019-09-10,Loyal,30,0,2338,DEV002283,2206.51
C002284,FR,2023-06-23,Occasional,6,0,1421,DEV002284,628.9
C002285,IT,2019-01-01,Loyal,39,0,2809,DEV002285,2613.1
C002286,IE,2023-05-22,Occasional,4,0,1244,DEV002286,600.08
C002287,US,2022-08-28,Returning,14,0,1685,DEV002287,881.31
C002288,IT,2025-02-02,New,1,0,681,DEV002288,95.63
C002289,DE,2022-01-07,Occasional,5,0,2105,DEV002289,740.85
C002290,IT,2022-05-04,Returning,15,0,1349,DEV002290,1670.18
C002291,GB,2021-03-04,Returning,10,0,1775,DEV002291,914.35
C002292,GB,2019-05-03,Loyal,69,0,3153,DEV002292,2098.93
C002293,FR,2021-07-16,Returning,22,0,1700,DEV002293,1786.45
C002294,FR,2017-05-08,Loyal,86,0,3800,DEV002294,3364.25
C002295,ES,2023-03-15,Occasional,4,0,1328,DEV002295,532.6
C002296,AU,2022-12-17,Occasional,6,0,1797,DEV002296,534.54
C002297,IE,2022-10-08,Returning,23,0,1670,DEV002297,1557.13
C002298,AU,2023-12-13,Returning,16,1,1462,DEV002298,1698.49
C002299,FR,2021-03-07,Returning,5,0,2280,DEV002299,290.47
C002300,IT,2025-11-13,New,0,0,250,DEV002300,0.0
C002301,US,2025-01-16,New,1,0,413,DEV002301,55.25
C002302,NL,2023-09-03,Returning,14,0,1064,DEV002302,545.34
C002303,ES,2025-08-23,New,1,0,787,DEV002303,145.73
C002304,NL,2023-06-21,Returning,17,0,971,DEV002304,2156.54
C002305,ES,2025-08-28,New,1,0,640,DEV002305,80.03
C002306,GB,2022-10-26,Returning,9,0,1484,DEV002306,829.59
C002307,CA,2025-03-24,New,0,0,771,DEV002307,0.0
C002308,AU,2024-06-26,Returning,18,0,864,DEV002308,1254.72
C002309,IT,2025-10-22,New,1,0,574,DEV002309,26.89
C002310,IE,2023-03-13,Returning,13,1,1607,DEV002310,1154.62
C002311,FR,2023-11-03,Occasional,6,0,928,DEV002311,701.72
C002312,NL,2025-12-17,New,0,0,553,DEV002312,0.0
C002313,DE,2021-02-24,Returning,10,0,2155,DEV002313,435.64
C002314,AU,2023-06-21,Returning,23,0,1625,DEV002314,2925.44
C002315,ES,2023-04-03,Returning,13,0,1328,DEV002315,632.08
C002316,GB,2023-02-13,Occasional,6,0,1095,DEV002316,452.64
C002317,ES,2021-07-05,Returning,15,0,1645,DEV002317,1786.46
C002318,NL,2025-03-06,New,1,0,998,DEV002318,122.3
C002319,IE,2025-10-13,New,1,0,651,DEV002319,93.71
C002320,IE,2025-03-04,New,1,0,428,DEV002320,120.67
C002321,FR,2024-07-31,Occasional,2,0,909,DEV002321,171.74
C002322,DE,2022-07-31,Returning,14,0,1829,DEV002322,1711.45
C002323,NL,2025-07-30,Occasional,4,0,423,DEV002323,376.77
C002324,FR,2023-06-04,Occasional,1,0,1310,DEV002324,128.22
C002325,US,2019-06-05,Returning,23,0,2914,DEV002325,3349.02
C002326,IE,2025-02-01,New,2,0,342,DEV002326,81.59
C002327,US,2024-05-13,Occasional,4,0,779,DEV002327,320.58
C002328,AU,2024-02-09,Occasional,2,1,961,DEV002328,85.32
C002329,DE,2024-07-30,Occasional,4,0,943,DEV002329,430.42
C002330,DE,2024-04-09,Occasional,6,0,1161,DEV002330,332.66
C002331,AU,2023-05-21,Loyal,40,0,1544,DEV002331,3453.55
C002332,DE,2022-03-23,Occasional,4,0,1805,DEV002332,148.09
C002333,ES,2025-01-07,New,1,0,929,DEV002333,53.94
C002334,AU,2025-10-16,New,2,0,407,DEV002334,215.75
C002335,AU,2020-12-25,Loyal,50,0,1974,DEV002335,8769.97
C002336,ES,2022-12-06,Occasional,2,0,1619,DEV002336,113.62
C002337,IE,2022-08-02,Returning,10,0,1790,DEV002337,1417.04
C002338,ES,2019-12-19,Returning,10,0,2732,DEV002338,1150.08
C002339,US,2018-03-01,Loyal,99,0,3110,DEV002339,5330.08
C002340,US,2023-12-12,Loyal,87,0,1445,DEV002340,2609.22
C002341,IT,2025-06-10,Occasional,4,0,373,DEV002341,104.91
C002342,ES,2021-02-19,Returning,7,0,2332,DEV002342,976.93
C002343,GB,2023-04-24,Returning,18,0,1399,DEV002343,1448.34
C002344,IT,2022-01-29,Occasional,5,0,1505,DEV002344,597.58
C002345,GB,2022-04-04,Occasional,6,0,1543,DEV002345,530.82
C002346,AU,2025-10-09,New,2,0,624,DEV002346,255.78
C002347,IT,2023-01-12,Returning,13,0,1193,DEV002347,1122.52
C002348,AU,2022-10-16,Returning,20,0,1503,DEV002348,2070.69
C002349,CA,2023-10-21,Occasional,6,0,816,DEV002349,652.88
C002350,CA,2024-03-30,Returning,23,0,1314,DEV002350,760.35
C002351,IE,2020-10-30,Returning,19,0,2465,DEV002351,2414.85
C002352,NL,2022-10-19,Occasional,2,0,1885,DEV002352,244.64
C002353,IT,2025-10-27,New,2,0,689,DEV002353,195.56
C002354,NL,2025-07-25,New,0,0,796,DEV002354,0.0
C002355,ES,2024-06-21,Returning,12,0,854,DEV002355,921.18
C002356,NL,2023-02-05,Occasional,5,0,1560,DEV002356,575.62
C002357,IE,2024-09-03,Occasional,2,0,947,DEV002357,223.22
C002358,IE,2025-01-04,Occasional,6,0,762,DEV002358,344.96
C002359,CA,2022-09-14,Returning,7,0,1557,DEV002359,551.5
C002360,ES,2023-10-05,Occasional,3,0,1138,DEV002360,423.13
C002361,GB,2023-07-03,Occasional,2,0,1488,DEV002361,225.26
C002362,AU,2021-04-14,Returning,17,0,2170,DEV002362,1209.31
C002363,AU,2022-12-31,Returning,9,0,1498,DEV002363,829.07
C002364,US,2024-10-15,Occasional,5,0,481,DEV002364,466.58
C002365,IT,2024-11-18,Occasional,3,0,995,DEV002365,479.44
C002366,ES,2025-02-11,New,2,0,880,DEV002366,136.34
C002367,US,2025-03-31,New,2,0,704,DEV002367,167.19
C002368,DE,2025-07-26,New,0,0,805,DEV002368,0.0
C002369,US,2024-08-18,Occasional,2,0,722,DEV002369,56.11
C002370,ES,2023-03-24,Returning,12,0,1271,DEV002370,1609.98
C002371,AU,2021-05-05,Returning,13,0,1794,DEV002371,1524.69
C002372,IT,2024-07-05,Occasional,4,0,658,DEV002372,357.57
C002373,DE,2022-09-09,Loyal,54,0,1635,DEV002373,2403.51
C002374,IE,2025-07-03,New,2,0,898,DEV002374,150.06
C002375,GB,2023-09-18,Occasional,2,0,1452,DEV002375,159.78
C002376,FR,2019-11-19,Returning,14,0,2735,DEV002376,669.41
C002377,GB,2025-10-29,New,2,0,566,DEV002377,84.43
C002378,DE,2022-05-04,Returning,16,0,1562,DEV002378,1986.8
C002379,IE,2020-08-22,Returning,14,0,2329,DEV002379,2465.46
C002380,DE,2024-03-14,Occasional,3,0,1074,DEV002380,245.61
C002381,GB,2025-03-10,New,1,0,298,DEV002381,45.07
C002382,CA,2020-05-30,Returning,18,0,2597,DEV002382,687.34
C002383,FR,2023-08-17,Occasional,5,0,1112,DEV002383,383.55
C002384,AU,2022-10-29,Occasional,4,0,1529,DEV002384,637.19
C002385,FR,2023-10-30,Occasional,6,0,1078,DEV002385,476.2
C002386,FR,2025-03-12,New,1,0,298,DEV002386,121.47
C002387,IT,2023-02-17,Occasional,2,0,1734,DEV002387,247.1
C002388,NL,2023-03-06,Occasional,5,0,1147,DEV002388,514.62
C002389,AU,2023-03-28,Occasional,4,0,1061,DEV002389,287.07
C002390,NL,2020-02-13,Returning,9,0,2337,DEV002390,1066.82
C002391,NL,2023-12-24,Loyal,55,0,1043,DEV002391,2778.7
C002392,NL,2025-10-30,New,0,0,690,DEV002392,0.0
C002393,ES,2022-01-28,Returning,19,0,2065,DEV002393,2097.86
C002394,AU,2023-04-13,Returning,19,0,1500,DEV002394,2867.32
C002395,IE,2022-01-28,Loyal,91,0,1912,DEV002395,10317.06
C002396,IE,2022-10-25,Returning,9,0,1500,DEV002396,421.95
C002397,CA,2024-03-24,Returning,19,0,1082,DEV002397,2288.87
C002398,ES,2019-05-19,Loyal,22,0,3096,DEV002398,663.01
C002399,FR,2024-10-01,Returning,5,0,562,DEV002399,411.46
C002400,DE,2020-11-18,Returning,18,0,2577,DEV002400,1766.95
C002401,NL,2023-12-20,Occasional,3,0,1389,DEV002401,231.24
C002402,NL,2023-01-11,Returning,21,0,1295,DEV002402,2004.18
C002403,ES,2022-05-29,Returning,12,0,1987,DEV002403,541.21
C002404,NL,2025-08-04,New,1,0,287,DEV002404,149.81
C002405,CA,2023-04-03,Occasional,4,0,1388,DEV002405,351.36
C002406,IE,2025-12-05,New,0,0,228,DEV002406,0.0
C002407,GB,2022-03-19,Occasional,6,0,1814,DEV002407,509.32
C002408,AU,2022-08-11,Occasional,5,0,1494,DEV002408,540.15
C002409,IE,2020-04-04,Loyal,31,0,2639,DEV002409,3206.77
C002410,FR,2021-03-22,Returning,20,0,2279,DEV002410,730.04
C002411,GB,2019-05-07,Returning,21,0,2959,DEV002411,554.94
C002412,IT,2020-01-18,Loyal,98,0,2794,DEV002412,3821.81
C002413,DE,2020-11-29,Loyal,59,0,1968,DEV002413,3642.21
C002414,GB,2017-12-10,Loyal,73,0,2976,DEV002414,5632.58
C002415,US,2025-10-09,New,1,0,283,DEV002415,156.92
C002416,CA,2025-09-04,New,1,0,819,DEV002416,123.46
C002417,DE,2021-01-09,Returning,16,0,2505,DEV002417,2505.82
C002418,NL,2024-09-18,Occasional,1,0,1192,DEV002418,53.25
C002419,FR,2025-07-22,New,2,0,255,DEV002419,292.05
C002420,NL,2023-04-03,Occasional,1,0,1493,DEV002420,45.73
C002421,IE,2020-06-17,Returning,11,0,2246,DEV002421,516.42
C002422,ES,2019-10-06,Returning,10,0,2942,DEV002422,762.15
C002423,FR,2020-06-03,Loyal,35,0,2654,DEV002423,755.21
C002424,US,2017-06-03,Loyal,79,0,3261,DEV002424,9322.64
C002425,NL,2023-08-07,Returning,14,0,1023,DEV002425,1313.78
C002426,GB,2024-02-11,Occasional,2,0,1090,DEV002426,130.99
C002427,ES,2025-07-19,New,1,0,752,DEV002427,101.35
C002428,NL,2024-01-11,Occasional,3,0,1291,DEV002428,136.32
C002429,DE,2019-08-26,Loyal,95,0,2895,DEV002429,8135.6
C002430,DE,2023-01-10,Occasional,1,0,1637,DEV002430,153.07
C002431,IE,2024-01-27,Occasional,2,0,1164,DEV002431,148.11
C002432,IT,2023-08-22,Returning,13,1,1368,DEV002432,1203.41
C002433,US,2025-10-03,New,0,0,115,DEV002433,0.0
C002434,NL,2024-10-02,Returning,18,0,945,DEV002434,2603.58
C002435,IE,2022-07-20,Occasional,6,0,1274,DEV002435,604.22
C002436,DE,2023-02-22,Occasional,1,0,1620,DEV002436,122.51
C002437,GB,2025-01-22,Occasional,6,0,692,DEV002437,786.49
C002438,ES,2024-11-04,Returning,22,1,1143,DEV002438,2298.77
C002439,GB,2025-01-27,New,0,0,783,DEV002439,0.0
C002440,DE,2024-01-08,Occasional,2,0,1164,DEV002440,180.2
C002441,CA,2022-12-02,Returning,22,0,1546,DEV002441,502.58
C002442,IT,2025-02-18,New,2,0,578,DEV002442,79.28
C002443,NL,2023-04-08,Returning,11,0,1258,DEV002443,911.33
C002444,US,2022-09-30,Loyal,96,0,1657,DEV002444,3913.05
C002445,US,2020-09-09,Returning,15,0,2615,DEV002445,1372.44
C002446,CA,2025-03-14,New,0,0,675,DEV002446,0.0
C002447,IE,2023-05-22,Occasional,5,0,1167,DEV002447,151.38
C002448,AU,2022-08-29,Occasional,5,0,1911,DEV002448,175.63
C002449,GB,2025-05-28,New,0,0,221,DEV002449,0.0
C002450,AU,2023-06-10,Occasional,6,0,1626,DEV002450,423.94
C002451,NL,2025-08-08,New,2,0,570,DEV002451,214.64
C002452,IE,2019-10-22,Returning,12,0,2568,DEV002452,412.17
C002453,CA,2023-03-10,Occasional,5,0,1543,DEV002453,458.71
C002454,GB,2022-05-08,Returning,16,0,1995,DEV002454,1119.54
C002455,IT,2023-12-30,Occasional,5,0,1133,DEV002455,712.55
C002456,NL,2023-06-11,Occasional,4,0,1027,DEV002456,414.05
C002457,CA,2019-04-21,Returning,10,0,2737,DEV002457,658.41
C002458,CA,2024-07-20,Returning,14,0,909,DEV002458,437.34
C002459,DE,2022-06-27,Occasional,3,0,1295,DEV002459,277.1
C002460,NL,2025-03-16,New,1,0,979,DEV002460,80.22
C002461,IT,2023-04-04,Returning,23,0,1272,DEV002461,2724.34
C002462,GB,2025-07-23,New,2,0,583,DEV002462,292.73
C002463,GB,2017-01-20,Loyal,52,0,3649,DEV002463,5227.8
C002464,US,2021-09-14,Returning,23,0,1624,DEV002464,2273.91
C002465,AU,2025-12-21,New,1,0,728,DEV002465,70.63
C002466,IT,2025-10-04,New,0,0,717,DEV002466,0.0
C002467,ES,2020-02-09,Returning,23,0,2851,DEV002467,3705.36
C002468,IT,2025-01-06,Occasional,2,0,417,DEV002468,279.76
C002469,ES,2023-09-21,Occasional,1,0,1166,DEV002469,109.69
C002470,NL,2019-09-30,Returning,23,0,2605,DEV002470,2189.52
C002471,GB,2023-01-04,Loyal,61,0,1124,DEV002471,9897.07
C002472,CA,2023-02-23,Occasional,4,0,1573,DEV002472,406.47
C002473,FR,2024-10-20,Occasional,5,0,942,DEV002473,330.48
C002474,AU,2025-02-14,Occasional,2,0,846,DEV002474,191.59
C002475,ES,2022-06-20,Occasional,6,0,1813,DEV002475,729.78
C002476,GB,2020-01-18,Returning,14,0,2887,DEV002476,427.61
C002477,CA,2025-02-16,New,2,0,770,DEV002477,100.46
C002478,ES,2022-03-21,Occasional,2,0,1779,DEV002478,159.75
C002479,FR,2021-12-10,Returning,7,0,2140,DEV002479,843.95
C002480,US,2024-12-30,Occasional,5,0,867,DEV002480,235.11
C002481,FR,2020-12-29,Loyal,49,0,2162,DEV002481,3042.06
C002482,US,2024-11-10,Returning,11,0,1027,DEV002482,260.62
C002483,CA,2024-12-14,Occasional,3,0,653,DEV002483,425.04
C002484,FR,2024-01-18,Returning,18,0,1152,DEV002484,1494.83
C002485,FR,2019-08-20,Loyal,59,0,3029,DEV002485,1737.85
C002486,FR,2024-03-06,Occasional,2,0,1205,DEV002486,245.22
C002487,IE,2023-09-01,Occasional,1,0,856,DEV002487,29.23
C002488,IE,2025-06-15,Occasional,2,0,828,DEV002488,49.06
C002489,ES,2025-05-10,New,1,0,583,DEV002489,102.98
C002490,FR,2022-07-10,Occasional,5,0,1868,DEV002490,498.45
C002491,DE,2025-11-20,New,2,0,579,DEV002491,219.25
C002492,IT,2025-09-10,New,2,0,429,DEV002492,112.7
C002493,DE,2024-10-05,Occasional,1,0,674,DEV002493,111.74
C002494,GB,2025-09-25,Occasional,5,0,347,DEV002494,418.05
C002495,DE,2023-02-25,Occasional,3,0,1699,DEV002495,280.54
C002496,FR,2025-06-07,New,1,0,684,DEV002496,138.48
C002497,FR,2025-09-26,New,0,0,282,DEV002497,0.0
C002498,CA,2019-06-13,Returning,15,0,2625,DEV002498,339.6
C002499,NL,2022-04-17,Occasional,6,0,1583,DEV002499,600.01
C002500,US,2017-04-25,Loyal,83,0,3608,DEV002500,7046.65
C002501,US,2024-12-26,Returning,17,0,856,DEV002501,1879.45
C002502,FR,2025-01-23,Occasional,1,0,721,DEV002502,37.26
C002503,NL,2024-01-25,Returning,8,0,1263,DEV002503,1081.93
C002504,AU,2023-11-08,Occasional,1,0,1284,DEV002504,22.23
C002505,IE,2022-06-10,Occasional,6,0,1689,DEV002505,546.14
C002506,GB,2022-10-11,Occasional,5,0,1383,DEV002506,370.25
C002507,IE,2023-08-06,Occasional,4,0,1361,DEV002507,115.26
C002508,DE,2023-06-27,Occasional,3,0,943,DEV002508,301.01
C002509,IE,2025-08-28,Occasional,2,0,601,DEV002509,273.33
C002510,NL,2022-12-27,Returning,9,0,1208,DEV002510,505.94
C002511,AU,2018-07-28,Loyal,89,0,2942,DEV002511,5780.95
C002512,GB,2020-10-03,Returning,9,0,1991,DEV002512,834.3
C002513,ES,2019-11-26,Returning,19,0,2374,DEV002513,3174.02
C002514,FR,2025-06-18,New,1,0,303,DEV002514,27.56
C002515,GB,2025-08-25,New,0,0,540,DEV002515,0.0
C002516,GB,2024-07-01,Occasional,2,0,664,DEV002516,75.65
C002517,FR,2022-04-08,Returning,10,0,1879,DEV002517,710.2
C002518,US,2024-05-30,Occasional,6,0,1038,DEV002518,523.43
C002519,US,2025-07-07,Occasional,4,0,420,DEV002519,600.66
C002520,GB,2023-03-31,Returning,15,1,1064,DEV002520,1143.16
C002521,NL,2025-03-28,Occasional,5,0,576,DEV002521,358.66
C002522,US,2024-02-25,Occasional,6,0,736,DEV002522,345.2
C002523,CA,2022-07-21,Occasional,5,0,1769,DEV002523,145.72
C002524,NL,2021-03-03,Returning,14,0,2314,DEV002524,999.72
C002525,CA,2018-11-11,Loyal,42,0,3257,DEV002525,2085.04
C002526,ES,2024-04-20,Occasional,3,0,677,DEV002526,404.06
C002527,FR,2024-05-13,Returning,11,0,748,DEV002527,885.19
C002528,DE,2025-05-10,Occasional,2,0,634,DEV002528,269.8
C002529,DE,2025-06-17,New,1,0,875,DEV002529,54.9
C002530,US,2020-05-11,Returning,15,0,2233,DEV002530,1672.17
C002531,CA,2020-01-26,Returning,7,0,2781,DEV002531,391.82
C002532,GB,2023-11-29,Returning,19,0,935,DEV002532,662.42
C002533,GB,2023-10-13,Occasional,2,0,885,DEV002533,98.36
C002534,CA,2021-01-15,Loyal,61,0,2468,DEV002534,5301.88
C002535,DE,2018-02-22,Loyal,84,0,3121,DEV002535,10376.4
C002536,CA,2019-11-04,Returning,15,0,2741,DEV002536,1243.83
C002537,IT,2020-01-19,Loyal,88,0,2330,DEV002537,1713.85
C002538,US,2025-08-10,New,0,0,552,DEV002538,0.0
C002539,AU,2023-07-31,Occasional,2,0,1043,DEV002539,46.13
C002540,FR,2025-08-25,Occasional,6,0,639,DEV002540,969.71
C002541,DE,2025-03-30,New,1,0,516,DEV002541,30.65
C002542,CA,2025-04-16,New,0,0,279,DEV002542,0.0
C002543,IT,2025-07-02,New,1,0,681,DEV002543,56.57
C002544,NL,2025-03-13,New,2,0,907,DEV002544,218.03
C002545,DE,2023-08-17,Returning,10,0,1191,DEV002545,815.46
C002546,CA,2025-03-09,Occasional,1,0,753,DEV002546,58.71
C002547,CA,2021-11-11,Returning,7,0,1653,DEV002547,765.64
C002548,CA,2025-05-02,Occasional,5,0,569,DEV002548,338.12
C002549,GB,2025-11-29,New,1,0,569,DEV002549,88.51
C002550,AU,2025-03-04,New,0,0,611,DEV002550,0.0
C002551,DE,2025-06-19,New,0,0,873,DEV002551,0.0
C002552,FR,2025-09-06,New,1,0,171,DEV002552,41.42
C002553,DE,2025-09-15,New,1,0,285,DEV002553,83.43
C002554,US,2022-11-21,Occasional,2,0,1465,DEV002554,98.53
C002555,GB,2024-05-29,Returning,11,0,614,DEV002555,503.74
C002556,FR,2021-08-02,Returning,12,0,2237,DEV002556,1665.34
C002557,ES,2025-02-06,Occasional,6,0,998,DEV002557,177.77
C002558,GB,2022-09-12,Occasional,3,0,1514,DEV002558,118.08
C002559,FR,2022-12-21,Returning,20,0,1379,DEV002559,2291.45
C002560,ES,2023-07-19,Returning,9,0,1175,DEV002560,358.94
C002561,FR,2025-04-17,Occasional,6,0,370,DEV002561,426.12
C002562,US,2025-02-07,New,2,0,767,DEV002562,127.23
C002563,FR,2025-09-18,New,1,0,752,DEV002563,22.12
C002564,GB,2025-12-10,New,2,0,116,DEV002564,199.48
C002565,DE,2023-05-12,Loyal,26,0,1423,DEV002565,3868.38
C002566,AU,2023-07-27,Occasional,2,0,1353,DEV002566,106.12
C002567,AU,2025-05-24,Occasional,1,0,858,DEV002567,121.93
C002568,GB,2025-12-29,New,0,0,710,DEV002568,0.0
C002569,IT,2020-02-05,Returning,13,0,2276,DEV002569,1219.02
C002570,IE,2025-06-29,New,2,0,764,DEV002570,195.42
C002571,IT,2024-12-25,Occasional,1,0,972,DEV002571,64.42
C002572,CA,2022-11-07,Occasional,5,0,1692,DEV002572,587.82
C002573,AU,2025-01-08,New,2,0,1024,DEV002573,43.84
C002574,DE,2023-05-01,Returning,20,0,1682,DEV002574,1577.99
C002575,GB,2025-05-26,New,2,0,674,DEV002575,310.26
C002576,GB,2020-09-05,Returning,6,0,2012,DEV002576,246.98
C002577,FR,2022-06-21,Occasional,2,0,1634,DEV002577,170.95
C002578,DE,2024-08-24,Occasional,6,0,1198,DEV002578,814.78
C002579,GB,2025-03-12,New,1,0,699,DEV002579,67.45
C002580,AU,2019-12-07,Returning,21,0,2532,DEV002580,943.73
C002581,AU,2022-01-05,Loyal,59,0,1930,DEV002581,1923.63
C002582,AU,2023-06-26,Returning,13,0,1026,DEV002582,916.09
C002583,ES,2024-09-25,Occasional,5,0,1027,DEV002583,592.72
C002584,US,2019-09-11,Returning,15,0,2819,DEV002584,1499.62
C002585,DE,2023-05-21,Occasional,2,0,1042,DEV002585,303.65
C002586,US,2025-11-24,New,1,0,141,DEV002586,93.24
C002587,NL,2023-08-14,Occasional,5,0,1012,DEV002587,123.15
C002588,GB,2025-03-19,Occasional,1,0,904,DEV002588,101.28
C002589,IT,2022-04-21,Returning,23,0,1428,DEV002589,3226.37
C002590,CA,2022-08-27,Returning,6,0,1322,DEV002590,1024.28
C002591,CA,2017-02-15,Loyal,38,0,3246,DEV002591,4562.46
C002592,CA,2019-01-29,Returning,17,0,3199,DEV002592,2031.41
C002593,AU,2025-07-13,New,2,0,308,DEV002593,111.18
C002594,CA,2023-08-25,Returning,8,0,1437,DEV002594,757.3
C002595,CA,2024-10-13,Occasional,6,0,727,DEV002595,561.91
C002596,GB,2019-06-24,Returning,14,0,2800,DEV002596,1356.23
C002597,IT,2023-03-27,Occasional,2,0,1682,DEV002597,93.81
C002598,AU,2020-11-01,Returning,5,0,2126,DEV002598,106.74
C002599,GB,2023-03-02,Occasional,1,0,1122,DEV002599,99.28
C002600,AU,2025-08-31,Occasional,1,1,278,DEV002600,136.29
C002601,FR,2023-10-14,Occasional,4,0,1278,DEV002601,470.2
C002602,IT,2022-01-16,Occasional,2,0,1533,DEV002602,78.72
C002603,ES,2023-01-03,Occasional,4,0,1339,DEV002603,220.06
C002604,FR,2021-11-04,Returning,16,0,2192,DEV002604,775.72
C002605,IT,2022-10-02,Occasional,5,0,1585,DEV002605,158.49
C002606,IE,2019-10-05,Returning,22,0,2814,DEV002606,1961.62
C002607,US,2024-04-29,Occasional,2,0,1167,DEV002607,200.27
C002608,IT,2024-04-23,Returning,24,0,1002,DEV002608,2499.25
C002609,AU,2022-09-13,Occasional,1,0,1924,DEV002609,46.81
C002610,IE,2022-04-12,Occasional,6,0,1972,DEV002610,532.15
C002611,IT,2021-04-24,Returning,16,0,1721,DEV002611,1329.58
C002612,FR,2025-09-16,New,2,1,397,DEV002612,159.16
C002613,GB,2024-04-30,Occasional,1,0,1138,DEV002613,25.55
C002614,CA,2024-03-23,Returning,15,0,923,DEV002614,329.65
C002615,IT,2025-09-27,New,2,0,415,DEV002615,232.08
C002616,CA,2022-11-03,Returning,14,0,1361,DEV002616,1060.11
C002617,IT,2023-05-03,Occasional,2,0,1589,DEV002617,109.48
C002618,FR,2025-10-27,New,1,0,282,DEV002618,82.88
C002619,GB,2025-06-23,New,2,0,518,DEV002619,239.69
C002620,ES,2019-11-29,Returning,17,0,2604,DEV002620,1741.42
C002621,ES,2022-04-12,Loyal,79,0,1507,DEV002621,3327.43
C002622,IT,2022-07-08,Returning,19,0,1632,DEV002622,1135.0
C002623,AU,2020-01-16,Returning,20,0,2536,DEV002623,1131.54
C002624,IE,2025-07-11,New,1,0,224,DEV002624,92.77
C002625,CA,2025-08-07,New,2,0,510,DEV002625,87.66
C002626,US,2019-10-04,Returning,18,0,2433,DEV002626,678.67
C002627,IE,2024-08-04,Returning,11,0,832,DEV002627,1064.16
C002628,DE,2025-11-01,New,1,0,241,DEV002628,133.02
C002629,CA,2022-10-07,Returning,6,0,1473,DEV002629,317.33
C002630,US,2022-10-06,Occasional,4,0,1288,DEV002630,118.55
C002631,NL,2023-03-09,Occasional,3,0,1343,DEV002631,222.52
C002632,GB,2024-12-09,Returning,6,0,897,DEV002632,402.24
C002633,IT,2025-06-26,New,0,0,291,DEV002633,0.0
C002634,NL,2025-04-16,New,1,0,725,DEV002634,140.3
C002635,DE,2024-11-28,Returning,22,0,978,DEV002635,1387.51
C002636,FR,2022-11-21,Occasional,5,0,1264,DEV002636,484.25
C002637,AU,2025-01-28,Occasional,2,0,818,DEV002637,279.62
C002638,IT,2025-10-29,New,1,0,758,DEV002638,72.24
C002639,CA,2022-05-30,Returning,13,0,1461,DEV002639,1286.41
C002640,FR,2024-07-07,Occasional,4,0,898,DEV002640,629.5
C002641,IE,2025-10-18,New,1,0,159,DEV002641,82.02
C002642,US,2025-01-22,New,2,0,885,DEV002642,151.27
C002643,CA,2022-06-02,Returning,24,0,1973,DEV002643,1076.43
C002644,ES,2022-03-09,Occasional,4,0,1455,DEV002644,595.01
C002645,US,2022-11-25,Occasional,3,0,1316,DEV002645,279.51
C002646,US,2021-01-13,Returning,18,0,2495,DEV002646,944.38
C002647,CA,2022-04-21,Returning,16,0,1715,DEV002647,474.1
C002648,NL,2025-10-22,New,1,0,728,DEV002648,114.7
C002649,IE,2025-02-16,New,1,0,804,DEV002649,60.73
C002650,GB,2022-06-15,Returning,8,1,1321,DEV002650,265.52
C002651,ES,2025-07-04,New,2,0,451,DEV002651,128.89
C002652,GB,2025-05-14,Occasional,6,0,340,DEV002652,382.28
C002653,CA,2025-05-31,New,1,0,748,DEV002653,100.01
C002654,ES,2017-03-14,Loyal,71,0,3889,DEV002654,1877.2
C002655,ES,2025-07-17,Occasional,6,0,475,DEV002655,304.9
C002656,US,2021-11-11,Returning,12,0,1926,DEV002656,1930.37
C002657,ES,2025-07-30,Occasional,6,0,455,DEV002657,462.42
C002658,GB,2022-10-17,Returning,23,1,1672,DEV002658,685.5
C002659,IT,2025-10-13,New,1,0,368,DEV002659,71.21
C002660,CA,2022-12-12,Returning,12,0,1770,DEV002660,1246.25
C002661,US,2023-11-14,Loyal,41,0,1131,DEV002661,3149.71
C002662,IT,2025-11-08,New,0,0,158,DEV002662,0.0
C002663,IE,2025-10-14,New,0,0,94,DEV002663,0.0
C002664,AU,2024-10-15,Returning,9,0,935,DEV002664,990.27
C002665,NL,2025-12-10,New,2,0,287,DEV002665,167.38
C002666,DE,2025-11-01,New,2,0,668,DEV002666,309.57
C002667,IE,2022-11-03,Occasional,1,0,1159,DEV002667,84.59
C002668,GB,2025-08-09,New,2,0,148,DEV002668,254.12
C002669,US,2025-01-23,Occasional,1,0,650,DEV002669,29.25
C002670,NL,2025-01-31,New,1,0,563,DEV002670,32.9
C002671,GB,2023-08-12,Occasional,2,0,1005,DEV002671,196.81
C002672,FR,2022-08-28,Returning,21,0,1594,DEV002672,585.21
C002673,CA,2020-01-13,Returning,21,0,2661,DEV002673,578.31
C002674,IT,2025-03-11,Occasional,4,0,809,DEV002674,523.95
C002675,IT,2025-05-20,New,1,0,826,DEV002675,110.03
C002676,IT,2022-07-17,Returning,6,0,1544,DEV002676,468.58
C002677,NL,2022-06-03,Occasional,2,0,1822,DEV002677,146.1
C002678,AU,2019-05-12,Returning,10,0,3008,DEV002678,1207.17
C002679,DE,2019-02-25,Returning,13,0,2712,DEV002679,877.26
C002680,US,2024-01-22,Returning,19,0,1233,DEV002680,834.69
C002681,US,2025-06-13,New,2,0,438,DEV002681,115.67
C002682,IT,2025-04-15,New,0,0,749,DEV002682,0.0
C002683,GB,2025-12-15,New,1,0,397,DEV002683,87.42
C002684,CA,2022-07-06,Returning,6,0,1941,DEV002684,806.14
C002685,NL,2024-01-19,Occasional,3,0,1129,DEV002685,112.49
C002686,IT,2025-07-19,Occasional,2,0,432,DEV002686,118.65
C002687,GB,2025-01-24,New,0,0,498,DEV002687,0.0
C002688,ES,2023-01-17,Returning,21,0,1725,DEV002688,2812.25
C002689,ES,2022-11-22,Returning,22,0,1583,DEV002689,2566.46
C002690,AU,2021-12-14,Returning,6,0,1786,DEV002690,635.05
C002691,DE,2021-12-29,Returning,14,0,2132,DEV002691,1756.62
C002692,CA,2023-06-15,Occasional,6,0,1278,DEV002692,608.73
C002693,ES,2023-06-19,Occasional,4,0,1153,DEV002693,164.5
C002694,US,2024-01-04,Returning,10,0,1357,DEV002694,462.96
C002695,IT,2025-04-06,New,2,0,332,DEV002695,230.2
C002696,IT,2022-02-16,Occasional,4,0,1818,DEV002696,603.75
C002697,IE,2023-03-24,Returning,5,0,1317,DEV002697,299.35
C002698,CA,2023-10-17,Occasional,5,0,986,DEV002698,344.12
C002699,ES,2022-12-01,Occasional,4,0,1245,DEV002699,231.32
C002700,NL,2025-09-03,New,1,0,626,DEV002700,21.86
C002701,ES,2019-02-23,Returning,23,0,2582,DEV002701,719.58
C002702,IE,2025-09-26,New,0,0,595,DEV002702,0.0
C002703,NL,2025-06-26,New,0,0,463,DEV002703,0.0
C002704,GB,2023-02-24,Occasional,6,0,1750,DEV002704,431.15
C002705,NL,2021-01-15,Loyal,22,0,2051,DEV002705,2935.37
C002706,AU,2023-10-03,Returning,12,0,1251,DEV002706,289.05
C002707,IE,2024-01-13,Occasional,6,0,1040,DEV002707,486.6
C002708,CA,2024-01-25,Returning,5,0,1131,DEV002708,542.25
C002709,GB,2023-02-10,Returning,14,0,1197,DEV002709,927.66
C002710,ES,2022-02-25,Loyal,53,0,1899,DEV002710,5887.4
C002711,GB,2022-09-30,Occasional,1,0,1609,DEV002711,62.91
C002712,DE,2025-01-01,New,1,0,871,DEV002712,110.02
C002713,FR,2021-08-30,Loyal,28,0,2157,DEV002713,848.81
C002714,US,2020-09-13,Loyal,97,0,2119,DEV002714,4228.43
C002715,FR,2019-04-23,Returning,11,0,2973,DEV002715,1054.73
C002716,NL,2024-09-09,Occasional,5,0,982,DEV002716,529.45
C002717,AU,2019-01-22,Returning,23,0,2793,DEV002717,801.46
C002718,ES,2025-12-15,New,2,0,533,DEV002718,182.15
C002719,AU,2020-07-30,Returning,22,0,2201,DEV002719,578.71
C002720,NL,2019-11-09,Returning,22,0,2830,DEV002720,2725.85
C002721,DE,2025-02-10,Occasional,5,0,504,DEV002721,542.87
C002722,US,2019-05-07,Returning,12,0,2606,DEV002722,1924.91
C002723,ES,2025-05-26,New,1,0,949,DEV002723,84.9
C002724,AU,2023-01-22,Occasional,6,0,1524,DEV002724,199.06
C002725,FR,2025-04-03,New,2,0,710,DEV002725,165.71
C002726,ES,2024-10-08,Occasional,5,0,615,DEV002726,232.02
C002727,FR,2020-08-27,Returning,15,0,1958,DEV002727,1434.24
C002728,FR,2023-09-23,Occasional,5,0,1198,DEV002728,373.29
C002729,NL,2021-09-11,Returning,6,0,1815,DEV002729,445.14
C002730,IT,2025-01-09,New,1,0,396,DEV002730,38.06
C002731,GB,2022-01-16,Occasional,4,0,1925,DEV002731,232.44
C002732,IE,2024-07-21,Occasional,3,0,690,DEV002732,189.28
C002733,US,2025-05-11,New,2,0,533,DEV002733,137.45
C002734,IE,2020-07-16,Loyal,61,0,2474,DEV002734,2842.85
C002735,US,2023-09-07,Returning,22,0,1403,DEV002735,1046.64
C002736,US,2019-09-04,Returning,24,0,2881,DEV002736,1087.54
C002737,AU,2019-05-24,Returning,21,0,3006,DEV002737,1844.24
C002738,DE,2024-06-29,Occasional,2,0,752,DEV002738,113.04
C002739,ES,2024-01-07,Returning,11,0,972,DEV002739,934.8
C002740,GB,2025-03-02,Occasional,2,0,727,DEV002740,103.87
C002741,ES,2019-03-10,Loyal,62,0,2556,DEV002741,6439.27
C002742,GB,2023-05-03,Occasional,4,0,1097,DEV002742,307.74
C002743,ES,2020-01-27,Returning,19,0,2324,DEV002743,2327.58
C002744,IT,2023-04-22,Returning,23,0,1194,DEV002744,2262.92
C002745,DE,2022-12-24,Returning,5,0,1285,DEV002745,459.76
C002746,FR,2025-01-12,New,2,0,365,DEV002746,120.09
C002747,AU,2025-11-17,New,0,0,385,DEV002747,0.0
C002748,IT,2025-05-16,New,0,0,356,DEV002748,0.0
C002749,AU,2024-10-23,Returning,23,0,961,DEV002749,3543.26
C002750,AU,2022-12-16,Returning,21,0,1796,DEV002750,2011.31
C002751,IE,2025-09-29,Occasional,6,0,222,DEV002751,171.69
C002752,NL,2025-11-24,New,1,0,446,DEV002752,157.63
C002753,US,2023-03-03,Occasional,6,0,1761,DEV002753,127.65
C002754,IE,2025-07-26,Occasional,1,0,555,DEV002754,60.12
C002755,AU,2025-08-16,New,1,0,818,DEV002755,35.85
C002756,CA,2023-10-06,Occasional,5,0,981,DEV002756,832.22
C002757,CA,2024-12-25,Occasional,2,0,969,DEV002757,84.38
C002758,DE,2023-12-13,Returning,23,0,1349,DEV002758,2417.9
C002759,ES,2025-12-17,New,2,0,422,DEV002759,91.03
C002760,FR,2023-06-19,Occasional,5,0,1354,DEV002760,146.17
C002761,NL,2020-05-02,Loyal,30,0,2089,DEV002761,2682.51
C002762,US,2024-08-01,Occasional,6,0,985,DEV002762,272.97
C002763,CA,2022-02-06,Occasional,6,0,1932,DEV002763,520.28
C002764,IT,2022-06-03,Occasional,3,0,1362,DEV002764,283.14
C002765,GB,2025-06-02,New,0,0,764,DEV002765,0.0
C002766,AU,2023-07-07,Occasional,2,0,1508,DEV002766,142.14
C002767,NL,2024-12-27,Occasional,2,0,722,DEV002767,41.73
C002768,AU,2025-12-01,New,2,0,136,DEV002768,125.14
C002769,DE,2022-06-01,Occasional,5,0,1847,DEV002769,400.14
C002770,CA,2025-11-16,New,0,0,230,DEV002770,0.0
C002771,AU,2019-02-17,Returning,17,0,3063,DEV002771,461.69
C002772,AU,2025-11-11,New,1,0,158,DEV002772,113.77
C002773,IE,2025-06-30,New,0,0,770,DEV002773,0.0
C002774,IE,2025-08-19,Occasional,2,0,165,DEV002774,53.06
C002775,FR,2025-07-04,Occasional,6,0,220,DEV002775,545.73
C002776,FR,2025-02-06,New,2,0,762,DEV002776,153.25
C002777,IE,2019-05-12,Returning,13,0,2986,DEV002777,693.45
C002778,AU,2025-10-14,New,1,0,690,DEV002778,40.63
C002779,AU,2023-11-29,Occasional,5,0,1340,DEV002779,774.36
C002780,FR,2025-09-11,Occasional,2,0,684,DEV002780,173.71
C002781,DE,2019-10-16,Returning,24,0,2333,DEV002781,2130.61
C002782,AU,2025-11-15,New,0,0,562,DEV002782,0.0
C002783,GB,2022-12-22,Occasional,1,0,1153,DEV002783,31.08
C002784,AU,2022-11-09,Returning,5,0,1287,DEV002784,306.08
C002785,GB,2022-01-16,Occasional,4,0,1625,DEV002785,177.82
C002786,US,2025-04-24,New,0,0,603,DEV002786,0.0
C002787,NL,2021-09-14,Returning,9,0,1690,DEV002787,965.3
C002788,CA,2025-06-05,New,1,0,310,DEV002788,35.88
C002789,DE,2023-04-16,Returning,11,0,1151,DEV002789,1138.35
C002790,IE,2019-07-06,Returning,7,0,2791,DEV002790,942.08
C002791,NL,2025-07-05,New,1,0,325,DEV002791,128.65
C002792,ES,2022-01-10,Returning,6,0,1786,DEV002792,741.83
C002793,ES,2022-10-12,Returning,19,0,1355,DEV002793,484.14
C002794,IT,2025-06-06,Occasional,6,0,298,DEV002794,277.99
C002795,CA,2024-12-22,Occasional,1,0,1021,DEV002795,97.01
C002796,DE,2020-03-20,Returning,24,0,2834,DEV002796,782.38
C002797,AU,2021-12-20,Loyal,80,0,1781,DEV002797,12644.53
C002798,IT,2024-12-26,Returning,24,0,503,DEV002798,971.38
C002799,NL,2025-07-23,New,0,0,251,DEV002799,0.0
C002800,FR,2022-04-12,Occasional,6,0,1761,DEV002800,273.47
C002801,US,2024-08-02,Returning,24,0,655,DEV002801,2366.18
C002802,US,2019-07-13,Returning,17,0,2811,DEV002802,895.77
C002803,US,2025-06-20,New,2,0,544,DEV002803,43.36
C002804,US,2025-08-06,New,2,0,163,DEV002804,217.69
C002805,IT,2021-10-21,Returning,15,0,1728,DEV002805,706.05
C002806,IE,2022-03-31,Returning,21,0,1581,DEV002806,494.83
C002807,GB,2021-10-06,Returning,12,0,1594,DEV002807,820.5
C002808,US,2022-01-09,Loyal,35,0,1945,DEV002808,3475.41
C002809,US,2024-07-09,Occasional,4,0,755,DEV002809,471.37
C002810,GB,2024-03-14,Occasional,6,0,887,DEV002810,313.15
C002811,GB,2023-11-10,Occasional,1,0,1228,DEV002811,70.09
C002812,NL,2025-09-17,New,1,0,344,DEV002812,152.06
C002813,NL,2025-09-05,New,1,0,610,DEV002813,54.05
C002814,DE,2025-03-23,Occasional,6,0,510,DEV002814,496.39
C002815,GB,2019-08-04,Returning,8,0,2834,DEV002815,570.49
C002816,FR,2024-10-20,Occasional,3,0,841,DEV002816,86.59
C002817,FR,2021-06-12,Returning,14,0,1899,DEV002817,1787.91
C002818,US,2025-01-01,Occasional,1,0,788,DEV002818,102.79
C002819,NL,2025-05-26,New,2,0,811,DEV002819,114.17
C002820,FR,2023-07-24,Loyal,77,0,1430,DEV002820,3250.46
C002821,FR,2025-03-30,New,0,0,369,DEV002821,0.0
C002822,IE,2023-03-28,Occasional,2,0,1310,DEV002822,157.95
C002823,CA,2025-03-09,New,2,0,505,DEV002823,131.92
C002824,US,2025-09-25,New,1,0,783,DEV002824,54.93
C002825,IT,2025-07-19,New,2,0,420,DEV002825,234.19
C002826,US,2020-01-30,Returning,15,0,2234,DEV002826,678.2
C002827,FR,2024-09-25,Occasional,3,0,983,DEV002827,387.06
C002828,AU,2023-05-15,Occasional,6,0,1687,DEV002828,401.85
C002829,IE,2025-04-25,New,2,0,820,DEV002829,258.37
C002830,IT,2023-03-20,Returning,19,0,1614,DEV002830,2317.48
C002831,IE,2024-12-12,Returning,11,0,644,DEV002831,195.94
C002832,AU,2025-05-15,New,2,0,288,DEV002832,220.4
C002833,GB,2022-12-07,Occasional,3,0,1135,DEV002833,259.43
C002834,AU,2025-04-08,New,0,0,849,DEV002834,0.0
C002835,DE,2025-09-25,New,1,0,421,DEV002835,93.08
C002836,IE,2024-12-21,Occasional,1,0,479,DEV002836,161.47
C002837,IT,2023-04-01,Loyal,39,0,1034,DEV002837,6692.73
C002838,CA,2025-03-16,New,2,0,854,DEV002838,207.64
C002839,US,2022-10-21,Occasional,4,0,1651,DEV002839,602.09
C002840,FR,2025-04-20,New,0,0,754,DEV002840,0.0
C002841,CA,2024-01-30,Returning,11,0,1009,DEV002841,1456.08
C002842,IT,2023-07-28,Occasional,2,0,1429,DEV002842,175.03
C002843,US,2025-03-05,New,1,0,825,DEV002843,89.7
C002844,ES,2023-04-28,Returning,19,0,1165,DEV002844,2001.63
C002845,IT,2023-03-02,Returning,16,0,1593,DEV002845,2204.15
C002846,FR,2019-10-24,Returning,11,0,2579,DEV002846,1150.88
C002847,DE,2020-05-28,Returning,6,0,2608,DEV002847,680.81
C002848,ES,2024-08-17,Occasional,6,0,675,DEV002848,610.77
C002849,CA,2024-09-06,Occasional,1,0,1062,DEV002849,73.93
C002850,AU,2025-11-27,New,0,0,207,DEV002850,0.0
C002851,IE,2023-08-25,Occasional,1,0,1238,DEV002851,77.63
C002852,US,2022-05-06,Occasional,3,0,2032,DEV002852,317.17
C002853,AU,2020-12-31,Returning,24,0,1871,DEV002853,1729.45
C002854,FR,2024-04-02,Occasional,1,0,992,DEV002854,63.82
C002855,GB,2017-07-31,Loyal,49,0,3257,DEV002855,6218.73
C002856,AU,2023-10-14,Occasional,2,0,843,DEV002856,48.15
C002857,US,2024-05-03,Returning,20,0,1022,DEV002857,769.25
C002858,DE,2025-03-11,New,1,0,840,DEV002858,24.21
C002859,IE,2023-01-18,Returning,16,0,1263,DEV002859,282.67
C002860,IE,2019-03-17,Returning,7,0,2760,DEV002860,462.88
C002861,IT,2023-08-10,Occasional,2,0,1434,DEV002861,133.38
C002862,US,2022-09-23,Returning,13,0,1768,DEV002862,1247.22
C002863,NL,2023-06-21,Returning,19,0,1231,DEV002863,2821.97
C002864,DE,2020-12-23,Returning,7,0,2458,DEV002864,795.93
C002865,CA,2025-06-24,New,0,0,771,DEV002865,0.0
C002866,GB,2024-02-18,Returning,13,0,1318,DEV002866,566.22
C002867,DE,2019-06-22,Returning,9,0,3027,DEV002867,402.84
C002868,US,2025-04-03,Occasional,6,0,603,DEV002868,411.35
C002869,GB,2022-01-12,Loyal,31,0,1786,DEV002869,1449.86
C002870,FR,2024-08-10,Returning,15,0,802,DEV002870,2085.83
C002871,CA,2022-05-19,Loyal,95,0,1960,DEV002871,2751.23
C002872,IT,2024-05-18,Returning,24,0,649,DEV002872,2495.64
C002873,AU,2022-10-11,Occasional,4,0,1761,DEV002873,187.84
C002874,NL,2024-12-26,Occasional,3,0,1074,DEV002874,406.37
C002875,FR,2024-03-14,Occasional,6,0,1082,DEV002875,165.45
C002876,IT,2025-07-07,New,2,0,545,DEV002876,75.91
C002877,AU,2025-01-06,New,0,0,370,DEV002877,0.0
C002878,FR,2020-06-17,Loyal,94,0,2545,DEV002878,9825.98
C002879,DE,2020-12-09,Returning,19,0,2480,DEV002879,1289.35
C002880,ES,2020-06-15,Returning,10,0,2309,DEV002880,660.64
C002881,IE,2022-07-27,Loyal,25,0,1597,DEV002881,1035.23
C002882,GB,2025-07-27,Occasional,5,0,412,DEV002882,137.68
C002883,US,2024-03-11,Occasional,2,0,1324,DEV002883,153.43
C002884,AU,2021-09-15,Returning,7,0,2176,DEV002884,498.92
C002885,IT,2022-11-02,Occasional,6,0,1351,DEV002885,866.26
C002886,US,2025-11-07,New,0,0,347,DEV002886,0.0
C002887,NL,2024-10-25,Returning,18,0,520,DEV002887,2063.23
C002888,US,2021-08-26,Loyal,45,0,1953,DEV002888,6518.0
C002889,ES,2023-11-20,Occasional,6,0,955,DEV002889,174.82
C002890,DE,2025-09-10,New,0,0,794,DEV002890,0.0
C002891,CA,2025-07-19,New,1,0,409,DEV002891,72.01
C002892,US,2020-10-04,Returning,17,0,2537,DEV002892,1564.7
C002893,IT,2023-01-01,Returning,8,0,1279,DEV002893,484.05
C002894,US,2018-06-07,Loyal,62,0,3278,DEV002894,6535.21
C002895,NL,2023-01-02,Occasional,3,0,1240,DEV002895,499.28
C002896,IE,2024-08-14,Returning,13,0,617,DEV002896,1418.69
C002897,ES,2025-10-20,New,0,0,665,DEV002897,0.0
C002898,DE,2025-12-19,New,2,0,455,DEV002898,227.85
C002899,AU,2025-08-07,New,2,0,626,DEV002899,214.98
C002900,IT,2024-01-14,Occasional,4,0,1074,DEV002900,218.49
C002901,IE,2025-06-06,New,1,0,516,DEV002901,87.99
C002902,NL,2022-05-24,Returning,17,0,1354,DEV002902,1495.28
C002903,CA,2025-01-10,Occasional,4,0,830,DEV002903,472.47
C002904,CA,2025-01-27,New,0,0,1037,DEV002904,0.0
C002905,DE,2023-04-28,Occasional,3,0,1554,DEV002905,275.32
C002906,ES,2023-05-17,Occasional,2,0,1215,DEV002906,193.91
C002907,ES,2024-12-02,Returning,12,0,1097,DEV002907,829.15
C002908,US,2023-04-17,Returning,19,0,1130,DEV002908,2369.36
C002909,GB,2022-05-23,Occasional,4,0,1876,DEV002909,146.77
C002910,US,2019-06-10,Loyal,85,0,3019,DEV002910,2489.03
C002911,FR,2020-01-11,Loyal,82,0,2555,DEV002911,3809.48
C002912,NL,2018-11-24,Loyal,88,0,2763,DEV002912,11397.4
C002913,ES,2025-05-07,New,2,0,696,DEV002913,200.51
C002914,IT,2023-07-07,Loyal,59,0,1044,DEV002914,2265.17
C002915,DE,2022-04-14,Returning,15,0,1935,DEV002915,1523.27
C002916,CA,2020-09-14,Returning,22,0,2231,DEV002916,2191.03
C002917,DE,2025-05-08,Occasional,4,0,869,DEV002917,238.34
C002918,GB,2025-06-09,Occasional,3,0,223,DEV002918,71.99
C002919,FR,2022-07-15,Occasional,3,0,1273,DEV002919,355.84
C002920,GB,2024-03-27,Occasional,3,0,1308,DEV002920,298.79
C002921,AU,2022-06-07,Occasional,1,0,1398,DEV002921,89.06
C002922,IT,2020-01-17,Returning,19,0,2788,DEV002922,2337.42
C002923,ES,2022-01-11,Returning,15,0,1666,DEV002923,1076.98
C002924,IE,2025-09-05,Occasional,3,0,606,DEV002924,56.7
C002925,DE,2023-12-09,Returning,5,0,788,DEV002925,349.89
C002926,FR,2019-07-16,Loyal,91,0,2815,DEV002926,5049.89
C002927,FR,2017-08-17,Loyal,87,2,3407,DEV002927,8792.35
C002928,CA,2023-04-23,Occasional,4,0,1557,DEV002928,276.25
C002929,GB,2025-01-11,New,1,0,887,DEV002929,53.43
C002930,IT,2020-02-28,Returning,22,0,2266,DEV002930,2108.04
C002931,US,2019-02-04,Returning,6,0,3080,DEV002931,438.92
C002932,DE,2021-07-26,Loyal,61,0,2049,DEV002932,6840.59
C002933,IT,2023-03-31,Occasional,4,0,1641,DEV002933,463.25
C002934,FR,2022-12-31,Returning,5,0,1673,DEV002934,545.06
C002935,ES,2022-06-19,Returning,6,0,1575,DEV002935,860.96
C002936,GB,2025-04-26,New,1,0,282,DEV002936,111.39
C002937,IE,2017-11-28,Loyal,28,0,3631,DEV002937,4391.8
C002938,AU,2020-04-03,Returning,19,0,2744,DEV002938,2397.38
C002939,DE,2025-03-14,Occasional,4,0,594,DEV002939,228.65
C002940,CA,2022-05-10,Occasional,5,0,1896,DEV002940,330.56
C002941,FR,2022-06-11,Occasional,1,0,1539,DEV002941,73.49
C002942,ES,2022-11-10,Occasional,5,0,1219,DEV002942,158.83
C002943,FR,2017-11-26,Loyal,45,0,3480,DEV002943,4040.67
C002944,IT,2024-09-18,Occasional,5,0,638,DEV002944,112.81
C002945,AU,2025-11-30,New,2,0,608,DEV002945,242.75
C002946,US,2022-02-20,Returning,13,0,2103,DEV002946,1298.62
C002947,CA,2022-01-02,Occasional,2,0,1639,DEV002947,190.21
C002948,GB,2024-06-14,Occasional,4,0,879,DEV002948,257.29
C002949,NL,2023-12-21,Occasional,2,0,871,DEV002949,74.9
C002950,FR,2025-03-27,New,0,0,416,DEV002950,0.0
C002951,CA,2023-09-20,Returning,5,0,1033,DEV002951,233.95
C002952,IT,2023-04-08,Occasional,4,0,1389,DEV002952,271.38
C002953,DE,2022-01-07,Returning,17,0,2053,DEV002953,1243.79
C002954,ES,2025-02-27,New,2,0,476,DEV002954,128.09
C002955,FR,2025-08-24,New,2,0,359,DEV002955,218.79
C002956,IT,2025-04-19,New,2,0,798,DEV002956,224.16
C002957,US,2018-11-14,Loyal,84,0,2922,DEV002957,2861.18
C002958,FR,2025-06-28,New,2,0,615,DEV002958,69.27
C002959,IE,2024-01-18,Occasional,3,0,758,DEV002959,481.38
C002960,GB,2024-01-21,Occasional,5,0,790,DEV002960,585.9
C002961,NL,2023-04-08,Occasional,6,0,1226,DEV002961,441.09
C002962,IT,2025-11-28,New,0,0,484,DEV002962,0.0
C002963,FR,2025-06-23,Occasional,2,0,592,DEV002963,310.26
C002964,IE,2025-01-28,New,0,0,555,DEV002964,0.0
C002965,IE,2022-06-03,Returning,16,0,1362,DEV002965,393.86
C002966,IT,2023-10-12,Returning,14,1,972,DEV002966,701.61
C002967,CA,2025-10-30,New,2,0,507,DEV002967,278.01
C002968,ES,2023-01-24,Occasional,1,0,1121,DEV002968,33.3
C002969,IT,2025-06-12,New,1,0,738,DEV002969,96.43
C002970,NL,2022-10-01,Occasional,4,0,1332,DEV002970,531.21
C002971,NL,2024-03-05,Occasional,1,0,1156,DEV002971,43.3
C002972,DE,2020-04-16,Returning,22,0,2505,DEV002972,2556.52
C002973,AU,2024-04-16,Returning,24,0,1206,DEV002973,1357.88
C002974,IT,2025-05-21,New,2,0,860,DEV002974,115.07
C002975,IT,2018-09-21,Loyal,73,0,3224,DEV002975,4653.74
C002976,NL,2025-10-15,New,2,0,654,DEV002976,176.78
C002977,DE,2025-04-01,Occasional,5,0,495,DEV002977,406.97
C002978,IE,2019-04-11,Returning,19,0,2868,DEV002978,2199.21
C002979,US,2023-04-20,Occasional,5,0,1167,DEV002979,382.12
C002980,IE,2025-04-25,Occasional,6,0,311,DEV002980,482.89
C002981,AU,2025-01-15,New,0,0,1024,DEV002981,0.0
C002982,ES,2025-03-09,Occasional,1,0,930,DEV002982,63.39
C002983,GB,2025-04-11,New,0,0,537,DEV002983,0.0
C002984,AU,2020-09-21,Returning,12,0,2394,DEV002984,358.44
C002985,US,2024-02-20,Occasional,3,0,753,DEV002985,506.53
C002986,FR,2020-09-21,Loyal,93,0,2262,DEV002986,11343.04
C002987,CA,2020-11-26,Returning,17,0,2417,DEV002987,2232.83
C002988,CA,2023-07-31,Loyal,68,0,1075,DEV002988,3952.23
C002989,NL,2024-09-01,Occasional,5,0,1031,DEV002989,774.23
C002990,DE,2022-09-17,Returning,24,0,1744,DEV002990,605.55
C002991,NL,2024-08-15,Occasional,5,0,1131,DEV002991,439.89
C002992,US,2022-04-29,Occasional,4,0,1628,DEV002992,156.67
C002993,US,2020-02-06,Returning,15,0,2835,DEV002993,619.86
C002994,US,2019-12-19,Returning,13,0,2706,DEV002994,1666.03
C002995,US,2025-05-07,New,0,0,440,DEV002995,0.0
C002996,ES,2023-09-09,Occasional,5,0,1093,DEV002996,553.85
C002997,ES,2023-06-23,Occasional,1,0,1099,DEV002997,100.98
C002998,FR,2025-06-10,New,0,0,666,DEV002998,0.0
C002999,IE,2024-01-20,Occasional,5,0,831,DEV002999,533.57
C003000,NL,2025-02-11,New,1,0,1018,DEV003000,34.85
C003001,GB,2025-04-10,New,2,0,914,DEV003001,271.12
C003002,FR,2025-07-22,New,0,0,760,DEV003002,0.0
C003003,DE,2025-05-27,Occasional,4,0,811,DEV003003,236.47
C003004,GB,2020-02-20,Returning,17,0,2772,DEV003004,1257.3
C003005,IE,2024-05-04,Occasional,6,0,1082,DEV003005,828.71
C003006,IE,2024-08-09,Returning,7,0,847,DEV003006,715.36
C003007,CA,2023-10-09,Returning,6,0,979,DEV003007,501.21
C003008,DE,2022-05-25,Occasional,2,0,1864,DEV003008,258.45
C003009,IT,2023-01-31,Returning,16,0,1139,DEV003009,705.48
C003010,DE,2025-12-31,New,2,0,415,DEV003010,98.61
C003011,FR,2025-04-08,Occasional,6,0,337,DEV003011,421.22
C003012,CA,2025-07-16,Occasional,6,0,495,DEV003012,498.14
C003013,US,2025-09-07,New,2,0,487,DEV003013,301.85
C003014,DE,2020-07-02,Loyal,68,0,2148,DEV003014,10407.43
C003015,AU,2020-02-19,Returning,17,0,2796,DEV003015,1605.66
C003016,CA,2020-09-23,Returning,8,0,2360,DEV003016,995.0
C003017,IT,2022-07-10,Occasional,2,0,1527,DEV003017,187.54
C003018,IE,2018-07-24,Loyal,60,0,3330,DEV003018,7032.95
C003019,US,2021-07-06,Returning,14,0,2070,DEV003019,566.54
C003020,CA,2022-08-15,Occasional,1,0,1251,DEV003020,87.54
C003021,IT,2023-12-29,Occasional,4,0,1352,DEV003021,150.19
C003022,IE,2025-08-27,New,1,0,661,DEV003022,131.7
C003023,NL,2023-11-07,Occasional,2,0,1045,DEV003023,147.8
C003024,ES,2025-08-31,New,2,0,391,DEV003024,139.37
C003025,CA,2020-11-09,Loyal,54,0,2139,DEV003025,3674.75
C003026,CA,2024-07-15,Occasional,1,0,540,DEV003026,53.48
C003027,IE,2023-04-02,Occasional,1,0,1497,DEV003027,25.37
C003028,IE,2023-05-06,Returning,8,0,1658,DEV003028,1017.47
C003029,IE,2022-06-01,Loyal,72,0,1704,DEV003029,8937.14
C003030,DE,2019-11-26,Loyal,51,0,2882,DEV003030,2962.25
C003031,FR,2025-08-23,New,2,0,770,DEV003031,107.6
C003032,IE,2023-08-30,Occasional,5,0,1151,DEV003032,156.16
C003033,IE,2025-03-14,New,0,0,930,DEV003033,0.0
C003034,AU,2022-10-05,Occasional,2,0,1666,DEV003034,177.19
C003035,CA,2025-06-27,Occasional,2,0,892,DEV003035,66.45
C003036,GB,2020-09-22,Returning,9,0,2509,DEV003036,726.63
C003037,DE,2022-06-26,Occasional,3,0,1615,DEV003037,246.71
C003038,ES,2025-04-08,New,1,0,478,DEV003038,40.71
C003039,US,2025-04-17,New,0,0,526,DEV003039,0.0
C003040,FR,2019-04-17,Returning,7,0,2620,DEV003040,508.8
C003041,AU,2024-06-11,Occasional,1,0,797,DEV003041,120.16
C003042,US,2018-11-19,Loyal,68,0,3014,DEV003042,2674.38
C003043,DE,2024-10-07,Returning,21,0,738,DEV003043,1457.49
C003044,IT,2024-10-05,Returning,8,0,653,DEV003044,608.71
C003045,US,2019-06-12,Returning,6,0,2483,DEV003045,780.91
C003046,CA,2025-04-01,New,1,0,695,DEV003046,87.03
C003047,GB,2024-02-22,Returning,17,0,1154,DEV003047,1488.09
C003048,AU,2025-04-06,Occasional,6,0,438,DEV003048,355.33
C003049,NL,2022-09-16,Returning,23,0,1461,DEV003049,2054.67
C003050,IE,2020-01-06,Returning,6,1,2624,DEV003050,162.35
C003051,DE,2022-11-24,Returning,14,0,1602,DEV003051,2295.0
C003052,IE,2020-02-24,Returning,19,0,2340,DEV003052,2074.32
C003053,IE,2024-05-20,Occasional,4,0,929,DEV003053,174.52
C003054,AU,2024-03-17,Returning,8,0,1180,DEV003054,805.6
C003055,IE,2025-01-16,Occasional,2,0,537,DEV003055,261.24
C003056,AU,2025-11-28,New,2,0,690,DEV003056,146.99
C003057,DE,2023-07-17,Occasional,1,0,1608,DEV003057,84.77
C003058,DE,2025-05-17,New,2,0,953,DEV003058,44.88
C003059,DE,2025-12-30,New,0,0,34,DEV003059,0.0
C003060,GB,2023-03-22,Occasional,3,0,1029,DEV003060,59.06
C003061,US,2025-07-13,New,2,0,204,DEV003061,133.57
C003062,ES,2019-04-29,Returning,17,0,2788,DEV003062,873.18
C003063,NL,2022-08-04,Occasional,1,0,1969,DEV003063,41.66
C003064,NL,2024-07-23,Returning,19,0,830,DEV003064,3010.34
C003065,NL,2022-12-09,Occasional,4,0,1625,DEV003065,511.74
C003066,CA,2020-07-25,Loyal,93,1,2202,DEV003066,7491.64
C003067,IT,2021-11-20,Returning,16,0,1696,DEV003067,1377.51
C003068,NL,2023-04-20,Occasional,6,0,1634,DEV003068,748.56
C003069,FR,2025-08-15,New,1,0,313,DEV003069,138.37
C003070,FR,2025-12-10,New,0,0,59,DEV003070,0.0
C003071,AU,2020-02-19,Returning,21,0,2782,DEV003071,1445.49
C003072,IE,2025-08-06,Occasional,4,0,207,DEV003072,382.77
C003073,DE,2025-10-21,New,1,0,263,DEV003073,43.44
C003074,DE,2022-08-01,Occasional,5,0,1732,DEV003074,535.55
C003075,NL,2023-01-21,Occasional,4,0,1284,DEV003075,562.0
C003076,NL,2025-08-28,New,1,0,183,DEV003076,78.44
C003077,ES,2024-11-14,Returning,24,0,633,DEV003077,966.31
C003078,US,2025-12-01,New,1,0,743,DEV003078,150.59
C003079,AU,2024-09-13,Occasional,5,0,860,DEV003079,753.65
C003080,FR,2025-09-08,New,1,0,447,DEV003080,155.05
C003081,FR,2025-09-09,New,0,0,468,DEV003081,0.0
C003082,AU,2024-07-27,Occasional,4,0,1203,DEV003082,634.94
C003083,IE,2024-03-29,Occasional,1,0,1139,DEV003083,67.85
C003084,IT,2023-07-21,Returning,6,0,1598,DEV003084,490.37
C003085,CA,2023-12-18,Occasional,6,0,1387,DEV003085,664.56
C003086,US,2025-08-05,Occasional,6,0,588,DEV003086,599.09
C003087,IE,2022-04-08,Occasional,5,0,2067,DEV003087,350.85
C003088,DE,2024-09-17,Occasional,3,0,493,DEV003088,278.53
C003089,DE,2024-11-19,Returning,17,0,480,DEV003089,371.75
C003090,IE,2025-01-05,New,2,0,1068,DEV003090,232.45
C003091,CA,2025-02-17,New,0,0,457,DEV003091,0.0
C003092,ES,2025-12-21,New,1,0,28,DEV003092,58.8
C003093,IT,2024-01-12,Occasional,6,0,1389,DEV003093,340.97
C003094,IT,2020-06-14,Loyal,60,0,2080,DEV003094,7383.14
C003095,IT,2023-07-31,Occasional,5,0,1264,DEV003095,665.61
C003096,NL,2024-01-28,Occasional,6,0,1207,DEV003096,174.32
C003097,US,2025-04-01,Occasional,5,0,816,DEV003097,450.61
C003098,DE,2025-05-24,New,1,0,621,DEV003098,133.92
C003099,IT,2024-04-22,Returning,7,0,1142,DEV003099,156.29
C003100,AU,2022-05-17,Returning,9,0,1613,DEV003100,1193.58
C003101,NL,2019-10-02,Returning,15,0,2623,DEV003101,1878.79
C003102,AU,2024-08-18,Occasional,2,0,889,DEV003102,46.81
C003103,US,2022-03-05,Returning,17,0,1583,DEV003103,629.73
C003104,CA,2025-12-30,New,2,0,687,DEV003104,236.44
C003105,IT,2023-09-16,Occasional,5,0,870,DEV003105,385.97
C003106,FR,2022-01-13,Occasional,1,0,2090,DEV003106,87.68
C003107,ES,2025-09-11,Occasional,1,0,610,DEV003107,83.55
C003108,CA,2024-10-14,Returning,11,0,846,DEV003108,994.17
C003109,FR,2025-11-17,New,0,0,48,DEV003109,0.0
C003110,DE,2025-02-10,New,0,0,930,DEV003110,0.0
C003111,CA,2023-09-27,Returning,17,0,1230,DEV003111,1740.57
C003112,IT,2022-04-13,Returning,10,0,1626,DEV003112,1368.09
C003113,FR,2025-09-21,New,1,0,669,DEV003113,31.97
C003114,CA,2023-10-03,Occasional,6,0,951,DEV003114,324.6
C003115,NL,2024-09-05,Occasional,4,0,1045,DEV003115,83.42
C003116,NL,2021-07-09,Loyal,69,0,1777,DEV003116,4080.36
C003117,ES,2022-01-31,Returning,7,0,1608,DEV003117,670.86
C003118,IT,2023-01-02,Returning,19,0,1359,DEV003118,612.07
C003119,CA,2025-08-03,Occasional,3,0,456,DEV003119,242.63
C003120,AU,2025-08-25,New,1,0,517,DEV003120,75.63
C003121,NL,2022-04-04,Returning,24,0,1647,DEV003121,2454.92
C003122,US,2019-05-26,Loyal,100,0,2967,DEV003122,7005.68
C003123,US,2025-05-04,New,2,0,601,DEV003123,122.2
C003124,FR,2022-04-11,Returning,5,0,1888,DEV003124,273.23
C003125,GB,2020-10-25,Returning,12,0,2156,DEV003125,671.29
C003126,FR,2023-10-21,Loyal,73,0,934,DEV003126,2358.58
C003127,US,2023-10-21,Occasional,1,0,1140,DEV003127,53.4
C003128,GB,2023-02-04,Returning,13,0,1123,DEV003128,1417.75
C003129,NL,2019-09-14,Returning,6,0,2945,DEV003129,423.3
C003130,IT,2025-03-06,New,1,0,766,DEV003130,59.68
C003131,IE,2025-09-24,New,0,0,531,DEV003131,0.0
C003132,CA,2024-01-09,Occasional,5,0,1014,DEV003132,569.99
C003133,DE,2022-09-08,Returning,10,0,1382,DEV003133,1263.38
C003134,DE,2023-09-30,Returning,17,0,1160,DEV003134,1184.8
C003135,US,2025-08-09,New,2,0,575,DEV003135,217.64
C003136,US,2023-03-21,Returning,21,0,1641,DEV003136,1991.98
C003137,ES,2025-06-01,New,2,0,315,DEV003137,150.16
C003138,NL,2019-10-10,Loyal,82,0,2735,DEV003138,3648.86
C003139,FR,2024-05-31,Returning,23,0,1116,DEV003139,3046.38
C003140,ES,2025-07-19,New,0,0,867,DEV003140,0.0
C003141,IE,2025-05-31,New,0,0,257,DEV003141,0.0
C003142,AU,2022-09-07,Occasional,4,0,1559,DEV003142,241.85
C003143,GB,2023-01-16,Occasional,2,0,1618,DEV003143,243.31
C003144,ES,2021-07-13,Returning,21,0,1704,DEV003144,612.87
C003145,IT,2023-11-05,Occasional,5,0,1509,DEV003145,299.82
C003146,ES,2025-02-07,New,2,0,409,DEV003146,144.86
C003147,IT,2021-02-02,Returning,14,0,2417,DEV003147,320.15
C003148,AU,2025-09-07,New,2,0,208,DEV003148,184.65
C003149,FR,2019-02-13,Returning,18,0,2572,DEV003149,1652.22
C003150,IE,2022-11-20,Occasional,5,0,1717,DEV003150,573.32
C003151,NL,2024-02-08,Occasional,1,0,841,DEV003151,95.12
C003152,ES,2024-12-29,Occasional,3,0,812,DEV003152,64.29
C003153,ES,2024-12-10,Occasional,4,0,946,DEV003153,569.44
C003154,IT,2025-12-03,New,2,0,674,DEV003154,238.97
C003155,DE,2022-08-27,Returning,14,1,1739,DEV003155,803.04
C003156,FR,2025-05-18,Occasional,1,0,956,DEV003156,115.42
C003157,DE,2025-03-06,New,1,0,646,DEV003157,68.67
C003158,IE,2025-11-24,New,2,0,183,DEV003158,70.06
C003159,FR,2023-10-27,Occasional,3,0,1056,DEV003159,345.66
C003160,IT,2022-05-10,Occasional,1,0,1648,DEV003160,94.3
C003161,US,2020-02-17,Returning,11,1,2820,DEV003161,672.83
C003162,AU,2020-04-04,Returning,18,0,2648,DEV003162,706.94
C003163,ES,2017-04-21,Loyal,20,0,3643,DEV003163,3172.59
C003164,FR,2020-02-27,Returning,9,0,2497,DEV003164,765.26
C003165,CA,2024-07-08,Returning,10,0,1232,DEV003165,815.38
C003166,IE,2023-04-03,Returning,15,0,1245,DEV003166,1611.62
C003167,IE,2021-08-14,Returning,11,0,1846,DEV003167,743.93
C003168,NL,2021-04-04,Returning,7,0,1957,DEV003168,507.82
C003169,IE,2019-12-02,Returning,20,0,2541,DEV003169,866.73
C003170,US,2022-06-25,Occasional,2,0,1585,DEV003170,157.52
C003171,ES,2024-07-11,Occasional,1,0,900,DEV003171,86.34
C003172,FR,2025-11-23,New,2,0,406,DEV003172,201.71
C003173,IE,2025-06-26,New,0,0,354,DEV003173,0.0
C003174,IE,2025-10-03,New,1,0,379,DEV003174,78.26
C003175,ES,2025-09-07,New,2,0,137,DEV003175,297.9
C003176,IE,2025-03-01,Occasional,5,0,387,DEV003176,451.57
C003177,AU,2022-10-15,Occasional,1,0,1598,DEV003177,112.34
C003178,IE,2019-03-28,Returning,18,0,2857,DEV003178,1842.45
C003179,ES,2024-09-08,Occasional,1,0,1041,DEV003179,122.73
C003180,NL,2019-03-05,Returning,17,0,3060,DEV003180,1759.27
C003181,CA,2021-08-28,Returning,24,0,1997,DEV003181,2622.25
C003182,ES,2022-03-16,Occasional,1,0,2013,DEV003182,106.03
C003183,ES,2025-04-04,New,1,0,657,DEV003183,42.57
C003184,IT,2025-09-21,Occasional,4,0,543,DEV003184,421.25
C003185,IE,2025-01-22,New,1,0,952,DEV003185,78.88
C003186,IE,2022-10-15,Loyal,40,0,1888,DEV003186,2951.49
C003187,IE,2023-03-12,Occasional,3,0,1560,DEV003187,405.26
C003188,NL,2025-03-30,New,0,0,380,DEV003188,0.0
C003189,NL,2020-06-05,Returning,16,0,2391,DEV003189,1346.74
C003190,IT,2021-09-25,Returning,20,0,1853,DEV003190,2513.85
C003191,GB,2020-01-01,Returning,13,0,2456,DEV003191,1772.32
C003192,GB,2021-11-16,Returning,23,0,1717,DEV003192,931.59
C003193,CA,2022-02-04,Returning,15,0,1513,DEV003193,1745.62
C003194,FR,2025-02-17,New,0,0,831,DEV003194,0.0
C003195,NL,2025-07-30,New,2,0,233,DEV003195,225.84
C003196,IE,2024-12-10,Occasional,3,0,1104,DEV003196,393.76
C003197,IT,2025-06-01,Occasional,6,0,523,DEV003197,682.29
C003198,FR,2022-11-25,Occasional,3,0,1472,DEV003198,284.03
C003199,IT,2024-12-12,Returning,14,0,621,DEV003199,516.02
C003200,FR,2025-05-24,New,2,0,842,DEV003200,289.11
C003201,NL,2024-12-29,Occasional,5,0,387,DEV003201,447.11
C003202,IE,2020-10-26,Returning,9,0,2575,DEV003202,769.97
C003203,US,2025-12-23,New,0,0,117,DEV003203,0.0
C003204,GB,2023-06-13,Occasional,2,0,965,DEV003204,280.42
C003205,FR,2021-03-28,Returning,24,0,2069,DEV003205,3240.46
C003206,NL,2025-01-23,New,1,0,516,DEV003206,79.9
C003207,ES,2024-12-14,Occasional,1,0,657,DEV003207,69.59
C003208,FR,2022-06-16,Returning,23,0,2005,DEV003208,1596.15
C003209,AU,2020-12-17,Returning,9,3,1884,DEV003209,1087.85
C003210,AU,2024-07-08,Returning,20,0,863,DEV003210,1871.97
C003211,US,2025-09-28,New,0,0,356,DEV003211,0.0
C003212,US,2023-11-23,Occasional,6,0,1249,DEV003212,502.36
C003213,GB,2019-10-29,Loyal,22,0,2494,DEV003213,640.61
C003214,IE,2024-08-19,Returning,9,0,540,DEV003214,430.6
C003215,GB,2025-01-12,New,2,0,421,DEV003215,173.61
C003216,FR,2025-03-26,New,2,0,758,DEV003216,38.28
C003217,IT,2022-09-26,Returning,16,0,1882,DEV003217,1668.88
C003218,US,2022-11-16,Occasional,1,0,1198,DEV003218,132.08
C003219,FR,2019-05-23,Returning,20,0,2976,DEV003219,2321.27
C003220,IE,2019-07-28,Returning,13,0,2732,DEV003220,1286.16
C003221,US,2023-07-07,Occasional,6,0,1593,DEV003221,680.82
C003222,NL,2022-02-17,Returning,10,0,1522,DEV003222,331.3
C003223,DE,2022-04-12,Returning,21,0,1484,DEV003223,2904.46
C003224,NL,2025-03-27,New,2,0,774,DEV003224,124.26
C003225,ES,2021-01-31,Returning,24,0,2217,DEV003225,2266.11
C003226,GB,2023-08-25,Returning,20,0,1363,DEV003226,469.97
C003227,AU,2019-10-19,Returning,17,0,2982,DEV003227,2341.9
C003228,IE,2021-06-30,Loyal,92,0,2090,DEV003228,7769.62
C003229,NL,2025-05-15,New,1,0,909,DEV003229,112.9
C003230,FR,2025-04-24,New,2,0,400,DEV003230,58.09
C003231,FR,2022-05-31,Returning,7,0,1664,DEV003231,822.78
C003232,AU,2025-01-29,New,0,0,748,DEV003232,0.0
C003233,ES,2023-02-21,Occasional,6,0,1123,DEV003233,392.52
C003234,ES,2024-08-31,Occasional,4,0,1199,DEV003234,202.19
C003235,IT,2019-02-07,Returning,22,0,3010,DEV003235,543.04
C003236,DE,2025-06-14,Occasional,5,0,848,DEV003236,249.18
C003237,IT,2021-06-30,Returning,7,0,1956,DEV003237,1011.55
C003238,ES,2025-11-04,New,0,0,289,DEV003238,0.0
C003239,GB,2025-06-21,New,1,0,802,DEV003239,76.25
C003240,AU,2017-07-16,Loyal,35,0,3709,DEV003240,1387.81
C003241,IE,2022-12-21,Loyal,47,1,1568,DEV003241,5883.49
C003242,AU,2025-01-26,New,2,0,545,DEV003242,244.79
C003243,AU,2024-12-20,Occasional,5,0,632,DEV003243,130.12
C003244,FR,2024-07-15,Returning,22,1,986,DEV003244,753.46
C003245,CA,2022-05-09,Returning,7,0,1714,DEV003245,603.0
C003246,US,2022-06-06,Occasional,4,0,1684,DEV003246,586.61
C003247,DE,2022-08-08,Loyal,33,0,1248,DEV003247,4114.45
C003248,GB,2024-05-28,Returning,14,0,1028,DEV003248,736.55
C003249,FR,2023-10-07,Returning,11,0,1000,DEV003249,1253.86
C003250,GB,2023-04-06,Occasional,6,0,1604,DEV003250,410.31
C003251,IE,2023-08-22,Occasional,4,0,942,DEV003251,286.25
C003252,GB,2022-11-27,Occasional,4,0,1830,DEV003252,250.74
C003253,ES,2025-05-26,Occasional,1,0,645,DEV003253,121.67
C003254,AU,2020-09-23,Loyal,29,0,2017,DEV003254,1638.33
C003255,CA,2025-07-28,Occasional,3,0,658,DEV003255,258.2
C003256,AU,2025-04-14,New,1,0,644,DEV003256,138.94
C003257,AU,2022-10-13,Occasional,2,0,1428,DEV003257,221.22
C003258,GB,2022-03-01,Occasional,4,0,1469,DEV003258,263.66
C003259,GB,2023-11-28,Occasional,1,0,1330,DEV003259,37.28
C003260,FR,2019-10-14,Returning,7,0,2553,DEV003260,360.51
C003261,US,2021-05-01,Returning,6,0,2161,DEV003261,532.23
C003262,CA,2021-07-31,Returning,16,0,1915,DEV003262,424.05
C003263,CA,2025-11-30,New,1,0,685,DEV003263,32.15
C003264,GB,2019-05-09,Returning,5,0,2606,DEV003264,571.29
C003265,US,2025-02-21,Occasional,3,0,646,DEV003265,340.82
C003266,DE,2024-10-15,Occasional,5,0,623,DEV003266,320.96
C003267,AU,2019-12-21,Returning,8,0,2361,DEV003267,239.5
C003268,CA,2025-09-10,Occasional,4,0,575,DEV003268,249.46
C003269,IE,2025-11-17,New,2,0,304,DEV003269,268.75
C003270,GB,2025-12-30,New,1,0,670,DEV003270,144.84
C003271,AU,2022-11-14,Returning,7,0,1149,DEV003271,745.23
C003272,GB,2025-06-08,New,0,0,704,DEV003272,0.0
C003273,CA,2025-01-13,New,1,0,460,DEV003273,30.31
C003274,US,2017-01-15,Loyal,44,0,3633,DEV003274,2640.28
C003275,NL,2022-10-01,Occasional,1,0,1699,DEV003275,145.1
C003276,IT,2023-02-06,Occasional,2,0,1303,DEV003276,292.95
C003277,NL,2022-09-10,Occasional,6,0,1361,DEV003277,705.44
C003278,US,2023-01-16,Returning,16,0,1478,DEV003278,1447.29
C003279,NL,2021-05-15,Returning,10,0,2237,DEV003279,455.47
C003280,IT,2018-08-19,Loyal,23,0,2928,DEV003280,1417.08
C003281,DE,2025-06-25,Occasional,4,0,830,DEV003281,436.45
C003282,GB,2025-02-25,New,2,0,643,DEV003282,281.23
C003283,FR,2019-08-19,Returning,12,0,2929,DEV003283,934.84
C003284,DE,2025-10-16,New,2,0,453,DEV003284,246.48
C003285,DE,2025-09-18,New,1,0,465,DEV003285,121.63
C003286,FR,2023-08-27,Returning,14,0,1214,DEV003286,1674.62
C003287,AU,2022-06-21,Returning,18,0,1962,DEV003287,2078.12
C003288,AU,2024-03-10,Returning,11,0,795,DEV003288,471.92
C003289,IT,2025-12-24,New,2,0,179,DEV003289,276.82
C003290,ES,2020-01-09,Returning,15,0,2741,DEV003290,1264.3
C003291,AU,2023-06-01,Occasional,2,0,1067,DEV003291,312.09
C003292,NL,2025-05-27,Occasional,6,0,794,DEV003292,824.23
C003293,CA,2023-02-23,Occasional,4,0,1476,DEV003293,89.3
C003294,DE,2022-12-30,Occasional,6,0,1279,DEV003294,173.72
C003295,CA,2025-01-31,New,2,0,382,DEV003295,65.18
C003296,FR,2025-05-02,Occasional,6,0,670,DEV003296,275.77
C003297,ES,2022-10-18,Returning,13,0,1561,DEV003297,1185.47
C003298,DE,2023-03-28,Occasional,3,0,1196,DEV003298,236.34
C003299,ES,2023-06-13,Returning,13,0,1213,DEV003299,517.02
C003300,ES,2021-03-08,Returning,21,0,2264,DEV003300,815.79
C003301,AU,2021-10-25,Returning,10,0,2143,DEV003301,421.52
C003302,NL,2022-03-28,Returning,23,0,1959,DEV003302,3423.98
C003303,ES,2023-08-14,Occasional,1,0,995,DEV003303,35.82
C003304,ES,2020-01-27,Returning,17,0,2895,DEV003304,2145.91
C003305,DE,2025-10-27,New,1,0,227,DEV003305,61.62
C003306,CA,2019-01-08,Returning,8,0,2921,DEV003306,402.66
C003307,GB,2021-09-12,Returning,13,0,2114,DEV003307,465.54
C003308,CA,2025-01-01,New,2,0,499,DEV003308,233.18
C003309,CA,2018-10-14,Loyal,61,0,3340,DEV003309,6111.94
C003310,IT,2025-03-29,New,1,1,283,DEV003310,127.97
C003311,IT,2024-06-21,Occasional,6,0,1128,DEV003311,985.88
C003312,IE,2025-09-30,Occasional,6,0,487,DEV003312,767.1
C003313,ES,2021-02-25,Returning,17,0,1933,DEV003313,1109.42
C003314,IE,2024-10-14,Occasional,2,0,1039,DEV003314,55.14
C003315,IE,2025-03-25,New,2,0,660,DEV003315,131.65
C003316,CA,2025-12-01,New,2,0,578,DEV003316,189.85
C003317,GB,2023-07-03,Returning,16,0,1032,DEV003317,854.25
C003318,DE,2025-05-05,Occasional,1,0,968,DEV003318,142.63
C003319,GB,2022-05-24,Occasional,5,0,2018,DEV003319,802.27
C003320,DE,2024-07-30,Returning,22,0,527,DEV003320,2918.62
C003321,FR,2025-01-19,New,0,0,1059,DEV003321,0.0
C003322,IT,2025-02-06,Occasional,4,1,659,DEV003322,130.63
C003323,DE,2023-07-28,Occasional,1,0,905,DEV003323,130.57
C003324,NL,2023-04-09,Returning,23,0,1671,DEV003324,3693.09
C003325,IE,2020-03-31,Loyal,57,0,2533,DEV003325,8150.2
C003326,IE,2025-03-28,New,1,0,545,DEV003326,99.76
C003327,CA,2021-05-04,Returning,16,0,1703,DEV003327,1685.06
C003328,US,2025-07-25,New,0,0,852,DEV003328,0.0
C003329,FR,2025-05-18,New,2,0,409,DEV003329,205.57
C003330,NL,2022-12-29,Occasional,3,0,1702,DEV003330,162.67
C003331,NL,2024-07-31,Occasional,3,0,707,DEV003331,258.06
C003332,FR,2023-07-27,Occasional,3,0,1580,DEV003332,265.52
C003333,ES,2020-12-03,Loyal,35,0,2463,DEV003333,2247.07
C003334,US,2025-10-01,New,2,0,118,DEV003334,150.79
C003335,IT,2023-06-23,Returning,14,0,1082,DEV003335,1762.42
C003336,GB,2025-04-05,New,2,0,628,DEV003336,87.98
C003337,CA,2018-12-28,Loyal,53,0,3064,DEV003337,1460.01
C003338,AU,2025-02-09,New,2,0,554,DEV003338,109.51
C003339,NL,2025-01-03,Occasional,2,0,718,DEV003339,179.31
C003340,US,2025-08-01,Occasional,4,0,687,DEV003340,150.18
C003341,IE,2022-03-07,Occasional,5,0,2108,DEV003341,663.06
C003342,ES,2024-11-28,Occasional,2,0,674,DEV003342,228.77
C003343,IE,2024-08-06,Occasional,3,0,550,DEV003343,175.86
C003344,US,2022-04-18,Occasional,4,0,1554,DEV003344,489.61
C003345,CA,2025-06-29,New,0,0,740,DEV003345,0.0
C003346,NL,2024-04-08,Occasional,6,0,1108,DEV003346,658.21
C003347,ES,2024-10-19,Returning,19,0,778,DEV003347,2119.21
C003348,DE,2024-01-18,Returning,16,0,746,DEV003348,1551.2
C003349,FR,2024-03-01,Occasional,6,0,1256,DEV003349,381.82
C003350,CA,2020-07-12,Returning,11,0,2548,DEV003350,529.2
C003351,CA,2024-02-04,Returning,10,0,1233,DEV003351,963.7
C003352,FR,2022-06-28,Occasional,2,0,1337,DEV003352,293.91
C003353,GB,2023-10-23,Loyal,95,0,1239,DEV003353,2532.84
C003354,US,2025-02-21,Occasional,1,0,388,DEV003354,128.18
C003355,CA,2020-10-24,Returning,13,0,1994,DEV003355,505.99
C003356,FR,2024-07-24,Occasional,1,0,931,DEV003356,66.07
C003357,CA,2025-08-26,New,2,0,782,DEV003357,109.69
C003358,AU,2024-11-02,Occasional,6,0,984,DEV003358,627.12
C003359,NL,2022-01-09,Occasional,5,0,1756,DEV003359,146.02
C003360,IE,2022-10-07,Returning,6,0,1671,DEV003360,302.64
C003361,GB,2024-01-17,Occasional,2,0,1418,DEV003361,109.99
C003362,CA,2019-11-19,Loyal,35,0,2285,DEV003362,4570.85
C003363,NL,2020-05-28,Returning,9,0,2126,DEV003363,1216.79
C003364,DE,2019-01-11,Returning,16,0,3015,DEV003364,592.31
C003365,AU,2024-07-19,Occasional,2,0,1197,DEV003365,240.77
C003366,FR,2024-03-19,Occasional,5,0,806,DEV003366,256.69
C003367,GB,2025-11-04,New,0,0,760,DEV003367,0.0
C003368,CA,2022-04-17,Occasional,3,0,1550,DEV003368,236.41
C003369,US,2023-11-15,Occasional,2,0,938,DEV003369,184.97
C003370,AU,2025-04-19,Occasional,5,0,762,DEV003370,187.66
C003371,IE,2025-04-17,New,2,0,918,DEV003371,313.3
C003372,IT,2022-06-28,Occasional,6,0,1882,DEV003372,956.74
C003373,GB,2024-11-24,Returning,16,0,734,DEV003373,1321.12
C003374,DE,2021-02-14,Returning,8,0,1871,DEV003374,1068.33
C003375,IE,2025-06-28,New,2,0,345,DEV003375,314.91
C003376,US,2021-03-03,Returning,5,0,1947,DEV003376,129.33
C003377,IE,2019-06-11,Returning,18,0,2902,DEV003377,759.9
C003378,FR,2025-01-11,New,1,0,419,DEV003378,68.13
C003379,DE,2024-04-10,Occasional,5,0,1295,DEV003379,219.97
C003380,US,2023-01-14,Returning,13,0,1603,DEV003380,1442.79
C003381,IE,2022-09-11,Occasional,5,0,1630,DEV003381,284.6
C003382,FR,2021-01-23,Returning,13,0,1837,DEV003382,529.63
C003383,NL,2024-01-15,Returning,8,0,849,DEV003383,276.47
C003384,FR,2024-07-28,Occasional,6,0,715,DEV003384,217.16
C003385,CA,2022-03-22,Loyal,96,1,1450,DEV003385,7295.87
C003386,FR,2024-08-16,Occasional,4,0,821,DEV003386,388.28
C003387,ES,2025-12-30,New,0,0,452,DEV003387,0.0
C003388,ES,2025-10-01,New,0,0,337,DEV003388,0.0
C003389,IE,2025-05-25,New,1,0,619,DEV003389,125.16
C003390,DE,2025-12-16,New,1,0,311,DEV003390,79.7
C003391,GB,2020-09-23,Loyal,83,0,2505,DEV003391,1589.67
C003392,CA,2021-01-30,Loyal,58,0,2134,DEV003392,2762.67
C003393,IT,2023-10-05,Occasional,5,0,1167,DEV003393,316.87
C003394,CA,2025-01-26,Occasional,3,0,851,DEV003394,232.09
C003395,CA,2022-05-09,Occasional,1,0,1505,DEV003395,125.09
C003396,US,2022-04-27,Returning,13,0,1941,DEV003396,1788.89
C003397,ES,2020-10-13,Returning,12,0,1991,DEV003397,468.84
C003398,IT,2025-04-16,New,0,0,699,DEV003398,0.0
C003399,ES,2024-07-17,Occasional,5,0,1059,DEV003399,554.62
C003400,ES,2023-01-14,Occasional,1,0,1515,DEV003400,157.88
C003401,CA,2024-08-04,Occasional,1,0,1204,DEV003401,123.07
C003402,CA,2025-12-30,New,0,0,229,DEV003402,0.0
C003403,IT,2023-11-01,Occasional,3,0,1024,DEV003403,320.45
C003404,IE,2022-09-19,Occasional,1,0,1870,DEV003404,110.85
C003405,GB,2023-11-11,Occasional,3,0,1149,DEV003405,86.72
C003406,IE,2025-03-23,New,0,0,597,DEV003406,0.0
C003407,ES,2025-01-12,New,1,0,663,DEV003407,134.86
C003408,IT,2023-10-27,Returning,6,0,1070,DEV003408,617.49
C003409,AU,2020-06-17,Loyal,67,0,2102,DEV003409,1900.96
C003410,NL,2025-10-07,New,0,0,179,DEV003410,0.0
C003411,FR,2023-06-24,Occasional,2,0,1167,DEV003411,206.55
C003412,US,2023-08-09,Returning,6,0,943,DEV003412,776.19
C003413,CA,2019-12-07,Returning,5,0,2261,DEV003413,82.11
C003414,CA,2023-02-22,Returning,10,0,1337,DEV003414,1505.57
C003415,CA,2025-02-17,New,0,0,880,DEV003415,0.0
C003416,US,2024-01-16,Returning,7,0,890,DEV003416,286.92
C003417,GB,2020-02-04,Returning,15,0,2383,DEV003417,1374.22
C003418,CA,2021-07-15,Loyal,38,0,2274,DEV003418,4441.91
C003419,IT,2025-01-29,New,2,0,537,DEV003419,140.72
C003420,DE,2025-04-26,Occasional,3,0,450,DEV003420,259.31
C003421,GB,2025-10-29,New,1,0,518,DEV003421,83.01
C003422,US,2024-12-18,Occasional,5,0,996,DEV003422,190.52
C003423,IE,2025-01-20,New,1,0,552,DEV003423,132.39
C003424,IT,2024-07-26,Occasional,4,0,1237,DEV003424,190.25
C003425,GB,2024-04-30,Returning,6,0,959,DEV003425,823.02
C003426,IE,2025-07-23,New,0,0,815,DEV003426,0.0
C003427,FR,2025-07-28,New,1,0,749,DEV003427,67.87
C003428,ES,2017-06-12,Loyal,77,0,3299,DEV003428,9007.19
C003429,CA,2024-09-17,Occasional,3,0,955,DEV003429,401.77
C003430,NL,2023-04-16,Returning,21,0,1601,DEV003430,2954.09
C003431,IT,2023-10-09,Occasional,2,0,905,DEV003431,245.63
C003432,NL,2023-12-21,Occasional,5,0,799,DEV003432,152.25
C003433,CA,2025-08-26,New,0,0,560,DEV003433,0.0
C003434,US,2020-10-26,Returning,11,0,1980,DEV003434,1590.15
C003435,CA,2023-11-19,Occasional,1,0,1425,DEV003435,101.96
C003436,NL,2023-01-21,Returning,10,0,1284,DEV003436,994.67
C003437,DE,2025-12-22,New,1,0,242,DEV003437,73.37
C003438,FR,2021-03-17,Returning,13,0,2428,DEV003438,1413.42
C003439,IT,2020-12-08,Loyal,63,0,2302,DEV003439,2767.02
C003440,IT,2022-11-14,Occasional,4,0,1769,DEV003440,436.39
C003441,IT,2025-06-13,New,1,0,787,DEV003441,58.05
C003442,FR,2024-12-19,Occasional,6,0,725,DEV003442,902.08
C003443,FR,2021-04-30,Returning,24,0,1941,DEV003443,1170.71
C003444,IE,2025-02-12,New,0,0,984,DEV003444,0.0
C003445,IE,2023-12-10,Occasional,5,0,806,DEV003445,440.03
C003446,IT,2025-03-30,New,1,0,572,DEV003446,106.34
C003447,GB,2023-10-15,Returning,5,1,1260,DEV003447,246.49
C003448,IT,2025-08-10,New,1,0,579,DEV003448,133.65
C003449,NL,2021-10-13,Returning,21,0,1800,DEV003449,2382.24
C003450,CA,2024-11-28,Returning,7,0,948,DEV003450,598.63
C003451,IT,2023-11-17,Occasional,4,0,840,DEV003451,246.91
C003452,ES,2024-12-24,Returning,12,0,984,DEV003452,1133.96
C003453,IE,2021-06-28,Returning,22,0,2251,DEV003453,1583.74
C003454,FR,2022-12-29,Occasional,2,0,1573,DEV003454,146.42
C003455,ES,2024-11-06,Occasional,3,0,1021,DEV003455,279.16
C003456,IE,2022-10-26,Occasional,5,0,1578,DEV003456,545.42
C003457,US,2025-03-14,New,1,0,657,DEV003457,43.32
C003458,ES,2025-08-07,New,0,0,630,DEV003458,0.0
C003459,FR,2025-12-31,New,2,0,475,DEV003459,58.11
C003460,IE,2024-05-28,Occasional,4,0,748,DEV003460,143.58
C003461,GB,2025-02-02,Occasional,2,0,613,DEV003461,95.0
C003462,IE,2023-01-12,Returning,21,0,1563,DEV003462,849.13
C003463,FR,2021-10-24,Returning,7,0,1863,DEV003463,787.75
C003464,AU,2023-03-08,Returning,14,0,1353,DEV003464,1567.98
C003465,US,2025-09-13,New,2,0,399,DEV003465,87.86
C003466,GB,2022-10-25,Occasional,4,0,1591,DEV003466,519.94
C003467,ES,2023-12-27,Returning,15,0,1449,DEV003467,1448.51
C003468,IT,2021-04-14,Returning,5,0,1925,DEV003468,669.01
C003469,FR,2024-05-13,Returning,5,0,1081,DEV003469,296.93
C003470,ES,2019-05-09,Returning,14,0,2806,DEV003470,1957.78
C003471,IT,2019-03-01,Returning,19,0,2906,DEV003471,1219.14
C003472,ES,2025-05-18,Occasional,3,0,812,DEV003472,250.46
C003473,GB,2022-11-30,Returning,22,0,1282,DEV003473,2095.08
C003474,IE,2023-08-09,Occasional,2,0,988,DEV003474,257.97
C003475,NL,2024-04-24,Occasional,6,0,1181,DEV003475,322.12
C003476,CA,2024-10-28,Returning,12,0,890,DEV003476,1051.2
C003477,DE,2023-01-09,Occasional,6,0,1251,DEV003477,536.1
C003478,DE,2023-09-19,Returning,15,0,1202,DEV003478,1605.44
C003479,GB,2025-06-09,New,2,0,794,DEV003479,151.94
C003480,ES,2023-08-01,Occasional,5,0,995,DEV003480,503.38
C003481,GB,2022-12-28,Loyal,56,0,1282,DEV003481,1188.81
C003482,ES,2022-09-28,Loyal,39,0,1211,DEV003482,5245.97
C003483,GB,2025-06-14,Occasional,5,0,800,DEV003483,225.72
C003484,IT,2024-02-12,Occasional,6,0,909,DEV003484,1003.73
C003485,ES,2023-01-17,Loyal,70,0,1276,DEV003485,8806.3
C003486,US,2019-04-24,Returning,18,0,2551,DEV003486,1665.35
C003487,FR,2021-08-19,Returning,21,0,1910,DEV003487,2654.65
C003488,IE,2025-05-14,Occasional,1,0,720,DEV003488,85.32
C003489,US,2020-03-14,Loyal,25,0,2124,DEV003489,3287.51
C003490,GB,2022-03-05,Loyal,61,0,1991,DEV003490,3769.17
C003491,IT,2022-06-19,Occasional,1,0,1416,DEV003491,125.08
C003492,IE,2022-10-13,Occasional,5,0,1434,DEV003492,513.06
C003493,US,2023-03-31,Occasional,1,0,1479,DEV003493,118.49
C003494,AU,2022-01-26,Occasional,5,0,2013,DEV003494,367.95
C003495,GB,2022-09-25,Occasional,4,0,1912,DEV003495,287.7
C003496,NL,2022-04-20,Occasional,3,0,2059,DEV003496,166.97
C003497,ES,2025-09-27,Occasional,2,0,743,DEV003497,62.95
C003498,US,2025-06-28,New,1,0,447,DEV003498,38.13
C003499,AU,2022-10-23,Returning,20,0,1765,DEV003499,1044.31
C003500,IE,2023-11-28,Occasional,3,0,1484,DEV003500,394.71
C003501,FR,2024-12-19,Occasional,1,0,635,DEV003501,116.43
C003502,GB,2024-02-25,Occasional,2,0,774,DEV003502,192.9
C003503,US,2020-07-18,Loyal,78,0,2342,DEV003503,5306.29
C003504,ES,2023-10-02,Occasional,1,0,835,DEV003504,74.82
C003505,IE,2024-02-29,Returning,7,0,1356,DEV003505,738.43
C003506,AU,2022-12-02,Returning,13,0,1778,DEV003506,337.63
C003507,DE,2025-08-19,Occasional,1,0,679,DEV003507,85.93
C003508,US,2025-11-15,New,1,0,126,DEV003508,26.4
C003509,DE,2021-09-05,Loyal,25,0,2248,DEV003509,2801.42
C003510,IE,2019-10-13,Returning,16,0,2312,DEV003510,1082.43
C003511,NL,2024-08-04,Occasional,3,0,767,DEV003511,270.35
C003512,FR,2020-02-04,Returning,17,0,2779,DEV003512,1969.75
C003513,IE,2025-04-21,Occasional,3,0,670,DEV003513,407.39
C003514,NL,2022-10-27,Loyal,23,0,1674,DEV003514,1597.78
C003515,US,2025-02-13,Occasional,2,0,420,DEV003515,211.26
C003516,IE,2025-12-05,New,0,0,202,DEV003516,0.0
C003517,CA,2025-11-24,New,1,0,478,DEV003517,69.85
C003518,DE,2024-11-06,Returning,19,0,591,DEV003518,2074.55
C003519,FR,2022-10-20,Occasional,1,0,1500,DEV003519,129.34
C003520,CA,2022-04-17,Occasional,2,0,1541,DEV003520,124.77
C003521,IE,2025-05-27,New,1,0,257,DEV003521,84.27
C003522,FR,2020-03-06,Returning,23,0,2680,DEV003522,3228.35
C003523,US,2025-07-27,Occasional,1,0,771,DEV003523,111.66
C003524,FR,2023-02-10,Returning,11,0,1218,DEV003524,779.91
C003525,IE,2025-05-22,Occasional,6,0,553,DEV003525,741.32
C003526,CA,2022-04-30,Loyal,54,0,1777,DEV003526,6455.23
C003527,ES,2025-03-18,New,0,0,462,DEV003527,0.0
C003528,NL,2020-01-18,Returning,24,0,2734,DEV003528,671.51
C003529,IT,2019-12-01,Returning,11,0,2929,DEV003529,967.58
C003530,ES,2025-11-22,New,0,0,595,DEV003530,0.0
C003531,US,2022-02-09,Occasional,1,0,1626,DEV003531,129.84
C003532,DE,2024-05-31,Returning,13,0,1185,DEV003532,1608.68
C003533,GB,2025-02-22,New,0,0,739,DEV003533,0.0
C003534,ES,2020-04-07,Returning,8,0,2480,DEV003534,920.96
C003535,IT,2019-01-17,Returning,6,0,3139,DEV003535,970.26
C003536,IE,2022-06-26,Loyal,73,0,1782,DEV003536,9192.8
C003537,AU,2024-10-08,Occasional,4,0,781,DEV003537,380.43
C003538,DE,2025-09-07,New,0,0,435,DEV003538,0.0
C003539,IT,2019-07-12,Returning,10,0,2636,DEV003539,513.1
C003540,GB,2025-12-27,New,0,1,619,DEV003540,0.0
C003541,IT,2018-07-24,Loyal,55,0,3394,DEV003541,1884.44
C003542,NL,2025-11-27,New,0,0,663,DEV003542,0.0
C003543,IT,2023-12-03,Occasional,3,0,1230,DEV003543,104.55
C003544,AU,2024-12-30,Occasional,6,0,957,DEV003544,327.88
C003545,IT,2022-05-23,Occasional,1,0,1917,DEV003545,117.83
C003546,ES,2025-03-12,New,1,0,423,DEV003546,120.75
C003547,AU,2022-11-15,Occasional,1,0,1157,DEV003547,114.52
C003548,IT,2022-09-28,Occasional,5,0,1322,DEV003548,789.8
C003549,IE,2025-09-02,New,0,0,530,DEV003549,0.0
C003550,AU,2023-08-03,Occasional,6,1,1510,DEV003550,615.97
C003551,IT,2020-10-08,Returning,17,0,1978,DEV003551,755.37
C003552,CA,2025-04-08,New,2,0,698,DEV003552,227.23
C003553,FR,2019-11-23,Loyal,64,0,2491,DEV003553,10282.16
C003554,DE,2024-06-18,Returning,14,0,1012,DEV003554,397.78
C003555,AU,2019-06-05,Returning,12,0,3049,DEV003555,883.22
C003556,IE,2025-03-11,Occasional,5,0,545,DEV003556,551.64
C003557,FR,2020-09-18,Loyal,44,0,2250,DEV003557,2347.13
C003558,ES,2022-01-05,Occasional,2,0,1798,DEV003558,202.73
C003559,CA,2025-01-08,New,2,0,932,DEV003559,233.94
C003560,DE,2025-11-17,New,2,0,432,DEV003560,262.62
C003561,ES,2022-11-09,Occasional,3,0,1831,DEV003561,294.33
C003562,GB,2023-05-19,Occasional,3,0,1065,DEV003562,90.13
C003563,FR,2025-11-26,New,0,0,472,DEV003563,0.0
C003564,US,2024-09-24,Occasional,4,0,510,DEV003564,342.39
C003565,AU,2024-01-14,Occasional,3,0,997,DEV003565,269.64
C003566,FR,2024-08-17,Occasional,4,0,605,DEV003566,386.43
C003567,IT,2025-03-04,New,1,0,995,DEV003567,38.68
C003568,US,2022-02-13,Occasional,3,0,1446,DEV003568,365.99
C003569,US,2025-05-20,New,0,0,303,DEV003569,0.0
C003570,IE,2020-06-17,Returning,18,0,2228,DEV003570,2070.84
C003571,DE,2023-06-20,Returning,19,0,1449,DEV003571,2121.57
C003572,IE,2020-11-17,Loyal,66,0,2166,DEV003572,3234.69
C003573,IT,2025-05-06,New,2,0,863,DEV003573,238.55
C003574,CA,2024-09-05,Occasional,6,0,881,DEV003574,119.96
C003575,DE,2024-11-01,Occasional,6,0,1135,DEV003575,381.82
C003576,FR,2024-07-09,Occasional,3,0,578,DEV003576,127.32
C003577,DE,2019-12-18,Returning,12,0,2646,DEV003577,1855.76
C003578,DE,2022-04-17,Occasional,3,0,2009,DEV003578,306.42
C003579,ES,2024-09-20,Occasional,4,0,1147,DEV003579,410.64
C003580,GB,2023-09-28,Occasional,1,0,1011,DEV003580,78.99
C003581,ES,2020-06-02,Returning,19,0,2090,DEV003581,2404.25
C003582,CA,2024-03-21,Occasional,6,0,1293,DEV003582,526.7
C003583,CA,2017-07-22,Loyal,56,0,3284,DEV003583,9554.87
C003584,US,2025-05-03,New,2,0,777,DEV003584,326.96
C003585,US,2025-03-11,New,1,0,391,DEV003585,16.44
C003586,CA,2019-03-22,Returning,24,0,2826,DEV003586,2179.93
C003587,FR,2019-05-02,Returning,24,0,3062,DEV003587,2054.3
C003588,DE,2025-06-07,New,2,0,479,DEV003588,158.43
C003589,GB,2019-01-23,Returning,8,0,2838,DEV003589,944.94
C003590,CA,2023-11-20,Occasional,4,0,1078,DEV003590,223.94
C003591,IT,2022-08-13,Occasional,4,0,1913,DEV003591,383.09
C003592,GB,2025-03-28,New,2,0,705,DEV003592,48.47
C003593,FR,2025-11-19,New,0,0,516,DEV003593,0.0
C003594,NL,2023-12-27,Occasional,4,0,1320,DEV003594,270.52
C003595,CA,2025-06-09,New,2,0,485,DEV003595,41.18
C003596,IE,2023-10-15,Returning,15,0,1217,DEV003596,1967.29
C003597,CA,2025-07-02,New,1,0,885,DEV003597,106.43
C003598,CA,2020-05-01,Returning,13,0,2500,DEV003598,1381.08
C003599,CA,2025-09-03,New,0,0,170,DEV003599,0.0
C003600,DE,2019-07-31,Returning,15,0,2416,DEV003600,1384.54
C003601,ES,2025-08-03,New,1,0,518,DEV003601,50.53
C003602,FR,2023-01-10,Occasional,3,0,1396,DEV003602,431.27
C003603,FR,2020-04-29,Loyal,96,0,2752,DEV003603,10304.31
C003604,AU,2025-03-19,New,0,1,664,DEV003604,0.0
C003605,GB,2025-04-22,New,1,0,477,DEV003605,91.57
C003606,IT,2023-11-27,Occasional,5,0,1017,DEV003606,129.17
C003607,NL,2023-06-06,Returning,5,0,1247,DEV003607,695.14
C003608,CA,2025-09-12,New,2,0,570,DEV003608,158.08
C003609,CA,2024-09-22,Occasional,3,0,580,DEV003609,144.49
C003610,US,2022-08-20,Returning,21,0,1386,DEV003610,1025.19
C003611,AU,2021-06-05,Returning,19,0,1999,DEV003611,2547.68
C003612,CA,2020-04-17,Loyal,100,0,2560,DEV003612,4556.84
C003613,FR,2025-11-29,New,1,0,465,DEV003613,113.59
C003614,ES,2023-05-08,Occasional,1,0,1429,DEV003614,143.11
C003615,IE,2025-02-21,New,0,0,415,DEV003615,0.0
C003616,IE,2024-02-25,Occasional,6,0,823,DEV003616,180.69
C003617,NL,2021-08-13,Returning,23,0,2239,DEV003617,2622.66
C003618,NL,2021-10-06,Returning,10,0,1805,DEV003618,732.16
C003619,DE,2025-06-27,New,2,0,340,DEV003619,253.65
C003620,AU,2023-09-05,Returning,10,0,1354,DEV003620,1304.46
C003621,ES,2021-08-19,Loyal,43,0,1752,DEV003621,2040.04
C003622,GB,2019-03-09,Loyal,28,0,3020,DEV003622,3793.19
C003623,FR,2024-08-19,Occasional,4,0,806,DEV003623,331.44
C003624,IE,2025-05-21,New,2,0,489,DEV003624,71.51
C003625,US,2024-02-25,Occasional,6,0,1019,DEV003625,579.69
C003626,DE,2022-01-26,Loyal,34,0,2009,DEV003626,1821.76
C003627,FR,2025-05-20,Occasional,3,0,669,DEV003627,317.26
C003628,ES,2023-04-28,Occasional,1,1,1529,DEV003628,131.2
C003629,FR,2024-08-06,Occasional,6,0,670,DEV003629,448.1
C003630,NL,2024-03-12,Occasional,2,0,1152,DEV003630,283.75
C003631,AU,2024-08-30,Occasional,5,0,1161,DEV003631,423.98
C003632,IT,2022-04-07,Occasional,1,0,1660,DEV003632,97.18
C003633,US,2025-05-07,New,0,0,751,DEV003633,0.0
C003634,NL,2021-08-08,Returning,15,0,2052,DEV003634,753.34
C003635,CA,2025-04-14,Occasional,6,0,798,DEV003635,319.97
C003636,GB,2023-05-10,Occasional,6,0,1427,DEV003636,679.56
C003637,US,2025-05-19,New,1,0,753,DEV003637,94.04
C003638,IT,2023-10-28,Returning,13,0,801,DEV003638,1738.18
C003639,FR,2022-05-11,Returning,22,0,1822,DEV003639,2720.05
C003640,GB,2020-11-27,Returning,8,0,2153,DEV003640,268.76
C003641,US,2023-05-26,Returning,11,0,1553,DEV003641,1300.14
C003642,ES,2023-06-11,Occasional,5,0,1025,DEV003642,713.69
C003643,ES,2020-08-07,Loyal,85,0,2065,DEV003643,12640.71
C003644,US,2025-12-31,New,0,0,397,DEV003644,0.0
C003645,IE,2021-11-25,Returning,24,0,2220,DEV003645,1200.92
C003646,FR,2023-08-31,Returning,17,0,1038,DEV003646,1105.0
C003647,FR,2025-04-20,New,1,0,772,DEV003647,147.29
C003648,FR,2025-10-30,New,0,0,783,DEV003648,0.0
C003649,NL,2025-03-28,Occasional,3,0,587,DEV003649,230.27
C003650,DE,2023-11-05,Occasional,4,0,790,DEV003650,159.93
C003651,CA,2024-05-21,Occasional,3,0,759,DEV003651,174.61
C003652,IE,2023-01-13,Loyal,85,0,1805,DEV003652,8985.94
C003653,AU,2019-08-21,Returning,7,0,2629,DEV003653,429.14
C003654,ES,2018-08-08,Loyal,86,0,3274,DEV003654,2664.99
C003655,ES,2023-05-10,Returning,23,0,1565,DEV003655,660.31
C003656,GB,2025-06-09,New,2,0,931,DEV003656,55.6
C003657,DE,2023-05-08,Returning,18,0,1007,DEV003657,2610.97
C003658,US,2022-12-01,Occasional,3,0,1487,DEV003658,237.27
C003659,FR,2022-09-12,Occasional,6,0,1644,DEV003659,179.75
C003660,GB,2025-08-26,Occasional,5,0,254,DEV003660,160.12
C003661,IT,2022-11-11,Occasional,3,0,1379,DEV003661,472.62
C003662,IT,2023-09-24,Occasional,4,0,1128,DEV003662,115.93
C003663,NL,2023-04-17,Occasional,6,0,1129,DEV003663,681.09
C003664,ES,2019-01-18,Loyal,20,0,2763,DEV003664,996.6
C003665,AU,2024-01-09,Returning,23,0,867,DEV003665,2272.0
C003666,DE,2025-10-18,New,2,0,804,DEV003666,128.77
C003667,NL,2022-06-03,Occasional,4,0,1904,DEV003667,357.06
C003668,IE,2025-08-08,Occasional,1,0,439,DEV003668,138.3
C003669,ES,2025-08-03,New,2,0,734,DEV003669,85.55
C003670,FR,2025-08-04,Occasional,2,0,698,DEV003670,135.64
C003671,US,2024-06-28,Returning,13,0,1093,DEV003671,328.05
C003672,GB,2025-03-29,New,2,0,743,DEV003672,194.56
C003673,NL,2025-06-07,New,2,0,510,DEV003673,226.72
C003674,NL,2025-01-24,Occasional,3,0,404,DEV003674,71.06
C003675,AU,2025-10-14,New,2,0,182,DEV003675,182.42
C003676,DE,2025-11-10,New,0,0,441,DEV003676,0.0
C003677,CA,2023-05-31,Loyal,51,0,1199,DEV003677,4172.73
C003678,AU,2025-06-10,New,0,0,445,DEV003678,0.0
C003679,DE,2024-01-22,Returning,6,0,915,DEV003679,247.64
C003680,GB,2023-06-30,Loyal,82,0,951,DEV003680,8121.81
C003681,NL,2022-12-13,Occasional,2,0,1729,DEV003681,62.68
C003682,CA,2023-10-04,Occasional,6,0,1510,DEV003682,873.93
C003683,GB,2020-07-31,Returning,11,0,2519,DEV003683,638.59
C003684,DE,2025-06-16,New,0,0,617,DEV003684,0.0
C003685,NL,2021-08-19,Returning,11,0,2134,DEV003685,524.7
C003686,US,2019-02-23,Returning,19,0,2517,DEV003686,756.9
C003687,IE,2025-12-04,New,2,0,314,DEV003687,121.95
C003688,NL,2024-11-25,Occasional,3,0,1079,DEV003688,141.91
C003689,GB,2023-08-23,Loyal,65,0,1474,DEV003689,1779.27
C003690,US,2023-02-19,Occasional,4,0,1640,DEV003690,238.89
C003691,IE,2025-09-14,New,1,0,166,DEV003691,93.76
C003692,GB,2021-03-02,Returning,24,0,2012,DEV003692,2034.37
C003693,AU,2024-03-22,Occasional,4,0,963,DEV003693,267.13
C003694,IE,2025-08-08,Occasional,4,0,156,DEV003694,517.41
C003695,IT,2023-12-11,Returning,22,0,1185,DEV003695,1343.0
C003696,US,2021-10-18,Returning,16,0,2097,DEV003696,868.45
C003697,ES,2023-10-29,Returning,17,0,1258,DEV003697,1944.46
C003698,CA,2025-11-19,New,2,0,609,DEV003698,187.69
C003699,ES,2022-09-13,Occasional,2,0,1581,DEV003699,270.63
C003700,IE,2021-11-10,Returning,10,0,2104,DEV003700,1635.76
C003701,DE,2022-11-23,Returning,21,0,1178,DEV003701,419.97
C003702,AU,2023-11-12,Occasional,3,0,1251,DEV003702,91.83
C003703,GB,2022-02-19,Loyal,81,0,1551,DEV003703,4706.19
C003704,IT,2019-09-30,Returning,8,0,2788,DEV003704,250.92
C003705,AU,2023-02-06,Returning,24,0,1443,DEV003705,935.15
C003706,DE,2019-09-29,Returning,14,0,2480,DEV003706,1684.46
C003707,AU,2019-10-22,Loyal,25,0,2493,DEV003707,2877.51
C003708,AU,2020-11-27,Returning,22,0,2178,DEV003708,2981.18
C003709,GB,2022-11-24,Occasional,3,0,1513,DEV003709,180.31
C003710,FR,2017-08-13,Loyal,60,0,3373,DEV003710,3222.98
C003711,US,2022-05-11,Occasional,4,0,1576,DEV003711,365.46
C003712,NL,2025-06-15,New,1,0,601,DEV003712,62.09
C003713,AU,2022-02-07,Returning,24,0,1453,DEV003713,1154.78
C003714,IE,2023-08-18,Occasional,6,0,907,DEV003714,467.98
C003715,AU,2024-10-25,Returning,23,0,574,DEV003715,2312.7
C003716,IT,2025-06-17,Occasional,4,0,334,DEV003716,132.43
C003717,GB,2025-01-27,Occasional,3,0,620,DEV003717,469.91
C003718,FR,2021-02-26,Loyal,93,0,1878,DEV003718,8626.35
C003719,NL,2025-12-29,New,2,0,206,DEV003719,75.15
C003720,US,2023-06-09,Occasional,2,0,1568,DEV003720,80.03
C003721,DE,2023-12-13,Occasional,6,0,901,DEV003721,576.36
C003722,IT,2025-08-30,New,1,0,269,DEV003722,89.75
C003723,ES,2017-10-22,Loyal,40,0,3017,DEV003723,4870.58
C003724,DE,2023-08-13,Occasional,6,0,1491,DEV003724,655.05
C003725,US,2021-07-19,Loyal,80,1,2275,DEV003725,5124.14
C003726,CA,2022-10-21,Returning,9,0,1197,DEV003726,1132.66
C003727,DE,2025-12-13,New,2,1,396,DEV003727,61.77
C003728,ES,2022-07-09,Occasional,4,0,1761,DEV003728,184.11
C003729,IT,2021-12-03,Loyal,66,0,2161,DEV003729,3583.79
C003730,NL,2025-07-22,New,2,0,428,DEV003730,93.38
C003731,CA,2019-07-02,Returning,20,0,2870,DEV003731,586.15
C003732,US,2025-11-15,New,2,0,296,DEV003732,278.7
C003733,DE,2020-07-04,Loyal,70,0,2670,DEV003733,3169.82
C003734,DE,2023-01-25,Returning,20,0,1464,DEV003734,2913.32
C003735,NL,2025-03-15,New,0,0,730,DEV003735,0.0
C003736,GB,2025-01-16,New,0,0,744,DEV003736,0.0
C003737,NL,2023-04-26,Loyal,82,1,1580,DEV003737,11663.66
C003738,ES,2023-09-26,Occasional,2,0,1412,DEV003738,257.61
C003739,FR,2024-05-03,Occasional,4,0,662,DEV003739,491.31
C003740,US,2022-08-09,Occasional,3,0,1674,DEV003740,180.27
C003741,NL,2025-07-26,New,0,0,810,DEV003741,0.0
C003742,NL,2022-09-10,Loyal,67,0,1854,DEV003742,3222.38
C003743,US,2025-10-15,New,1,0,755,DEV003743,39.57
C003744,ES,2025-09-03,New,1,0,201,DEV003744,101.4
C003745,AU,2025-02-03,New,2,0,560,DEV003745,123.77
C003746,NL,2022-02-27,Occasional,5,0,1501,DEV003746,313.68
C003747,GB,2025-04-08,New,2,0,714,DEV003747,142.26
C003748,ES,2023-07-28,Loyal,72,0,1155,DEV003748,9787.0
C003749,ES,2020-01-22,Returning,19,0,2550,DEV003749,2988.79
C003750,GB,2025-11-22,New,2,0,115,DEV003750,120.74
C003751,GB,2025-11-24,New,2,0,615,DEV003751,167.49
C003752,FR,2022-03-29,Occasional,3,0,1571,DEV003752,401.06
C003753,CA,2025-04-20,Occasional,5,0,838,DEV003753,339.0
C003754,IE,2022-04-20,Occasional,1,0,1908,DEV003754,108.56
C003755,ES,2022-06-24,Occasional,1,0,1295,DEV003755,116.0
C003756,FR,2018-08-20,Loyal,40,0,3042,DEV003756,1264.08
C003757,IT,2020-04-10,Loyal,84,0,2724,DEV003757,10804.47
C003758,DE,2019-04-13,Returning,8,0,2655,DEV003758,295.41
C003759,FR,2025-08-07,Occasional,6,0,159,DEV003759,601.95
C003760,AU,2023-07-29,Loyal,56,0,938,DEV003760,3816.33
C003761,US,2023-10-28,Occasional,3,0,1312,DEV003761,281.61
C003762,IT,2021-02-03,Loyal,98,0,2212,DEV003762,3771.18
C003763,DE,2025-12-14,New,1,0,703,DEV003763,92.16
C003764,DE,2022-05-17,Returning,13,0,1725,DEV003764,483.37
C003765,IE,2024-07-24,Occasional,6,0,1010,DEV003765,387.12
C003766,NL,2025-10-30,New,0,0,455,DEV003766,0.0
C003767,GB,2019-05-17,Returning,9,0,2803,DEV003767,880.06
C003768,CA,2022-11-27,Loyal,65,1,1818,DEV003768,4598.36
C003769,US,2025-11-29,New,0,0,234,DEV003769,0.0
C003770,FR,2024-12-13,Occasional,1,0,877,DEV003770,55.07
C003771,NL,2022-10-02,Returning,18,0,1491,DEV003771,1343.94
C003772,NL,2024-09-29,Occasional,2,0,532,DEV003772,224.18
C003773,IE,2019-07-23,Returning,19,0,2713,DEV003773,939.1
C003774,IT,2023-05-24,Returning,18,0,1298,DEV003774,1904.51
C003775,CA,2020-02-17,Returning,20,0,2559,DEV003775,479.37
C003776,GB,2024-11-22,Occasional,1,0,510,DEV003776,65.09
C003777,ES,2025-07-22,New,0,0,620,DEV003777,0.0
C003778,IE,2023-02-20,Occasional,1,0,1108,DEV003778,34.6
C003779,ES,2020-08-19,Returning,15,0,2169,DEV003779,1256.39
C003780,AU,2025-05-18,New,2,0,339,DEV003780,235.57
C003781,FR,2025-06-22,Occasional,2,0,402,DEV003781,122.34
C003782,ES,2020-10-14,Returning,6,0,2561,DEV003782,734.68
C003783,DE,2023-08-06,Occasional,1,0,883,DEV003783,134.43
C003784,AU,2024-01-05,Returning,6,0,1233,DEV003784,555.85
C003785,GB,2025-09-28,New,1,0,771,DEV003785,45.64
C003786,AU,2023-09-30,Occasional,1,0,1462,DEV003786,63.47
C003787,DE,2025-10-17,New,1,0,451,DEV003787,70.81
C003788,FR,2024-05-11,Occasional,4,0,1038,DEV003788,314.44
C003789,CA,2025-12-04,New,0,2,221,DEV003789,0.0
C003790,NL,2023-11-05,Returning,12,0,1142,DEV003790,1610.15
C003791,NL,2023-11-14,Occasional,2,0,1131,DEV003791,274.94
C003792,IE,2025-03-16,New,0,0,449,DEV003792,0.0
C003793,FR,2020-03-31,Loyal,83,1,2346,DEV003793,8293.34
C003794,DE,2024-11-10,Returning,17,0,990,DEV003794,1272.62
C003795,AU,2025-03-30,New,2,0,883,DEV003795,204.23
C003796,DE,2023-07-05,Returning,12,0,1466,DEV003796,816.69
C003797,AU,2020-01-21,Returning,19,0,2686,DEV003797,568.0
C003798,NL,2021-10-30,Returning,8,0,2238,DEV003798,1173.89
C003799,FR,2023-07-12,Occasional,6,0,1075,DEV003799,735.81
C003800,ES,2025-03-26,New,0,0,710,DEV003800,0.0
C003801,DE,2025-10-25,New,1,0,317,DEV003801,98.81
C003802,NL,2019-01-24,Returning,17,0,2914,DEV003802,2388.98
C003803,NL,2025-06-23,Occasional,2,0,900,DEV003803,218.81
C003804,ES,2023-09-15,Occasional,1,0,1434,DEV003804,109.19
C003805,DE,2017-01-23,Loyal,89,0,3536,DEV003805,12036.25
C003806,IE,2024-01-13,Occasional,5,0,1105,DEV003806,532.99
C003807,IT,2023-07-12,Occasional,3,0,993,DEV003807,333.47
C003808,GB,2021-10-19,Returning,14,0,1853,DEV003808,1986.39
C003809,GB,2024-06-08,Occasional,6,0,1094,DEV003809,474.58
C003810,IT,2025-09-06,Occasional,3,0,522,DEV003810,349.77
C003811,CA,2023-05-13,Occasional,6,0,1255,DEV003811,239.2
C003812,AU,2025-09-24,New,2,0,690,DEV003812,189.56
C003813,IE,2025-10-04,New,0,0,288,DEV003813,0.0
C003814,IT,2025-07-17,New,1,0,683,DEV003814,106.91
C003815,DE,2021-01-24,Loyal,85,0,1834,DEV003815,5291.18
C003816,CA,2024-01-01,Occasional,3,0,1205,DEV003816,61.37
C003817,US,2023-01-03,Returning,16,0,1641,DEV003817,2156.52
C003818,DE,2022-01-24,Occasional,3,0,1792,DEV003818,154.39
C003819,US,2023-08-19,Occasional,3,0,960,DEV003819,307.57
C003820,GB,2023-08-07,Occasional,4,0,889,DEV003820,203.93
C003821,AU,2025-08-20,New,0,0,146,DEV003821,0.0
C003822,US,2025-01-04,Occasional,2,0,587,DEV003822,165.81
C003823,FR,2025-08-27,Occasional,3,0,159,DEV003823,168.89
C003824,US,2025-07-02,Occasional,3,0,614,DEV003824,352.77
C003825,AU,2023-04-19,Loyal,29,0,1311,DEV003825,2099.65
C003826,GB,2025-08-21,New,2,0,440,DEV003826,208.56
C003827,IT,2023-04-07,Occasional,4,0,1366,DEV003827,477.52
C003828,DE,2025-10-06,New,2,0,481,DEV003828,86.47
C003829,AU,2022-06-24,Occasional,1,0,1341,DEV003829,116.17
C003830,ES,2023-03-26,Returning,16,0,1520,DEV003830,1649.84
C003831,FR,2025-10-22,New,1,0,241,DEV003831,41.8
C003832,FR,2024-05-29,Returning,8,0,1097,DEV003832,349.25
C003833,GB,2022-09-28,Returning,10,0,1311,DEV003833,1093.25
C003834,IE,2025-04-12,New,2,0,681,DEV003834,233.21
C003835,NL,2025-02-08,New,0,0,940,DEV003835,0.0
C003836,IE,2023-01-12,Loyal,52,0,1364,DEV003836,6206.31
C003837,ES,2025-09-14,Occasional,2,0,599,DEV003837,315.66
C003838,CA,2017-01-14,Loyal,43,0,3607,DEV003838,3230.17
C003839,AU,2025-09-22,Occasional,1,0,639,DEV003839,78.12
C003840,FR,2023-11-21,Loyal,34,1,1380,DEV003840,2426.96
C003841,ES,2025-02-08,New,1,0,619,DEV003841,99.71
C003842,GB,2024-10-23,Returning,18,0,924,DEV003842,1619.61
C003843,NL,2024-12-03,Occasional,1,0,825,DEV003843,96.95
C003844,AU,2022-11-12,Occasional,6,0,1208,DEV003844,540.46
C003845,NL,2025-09-29,Occasional,2,0,474,DEV003845,318.99
C003846,FR,2025-09-27,Occasional,2,0,590,DEV003846,135.54
C003847,CA,2023-12-13,Occasional,2,0,1133,DEV003847,235.47
C003848,US,2024-07-13,Occasional,6,0,734,DEV003848,393.38
C003849,IT,2022-02-16,Returning,6,0,1504,DEV003849,830.8
C003850,DE,2025-10-16,New,0,0,547,DEV003850,0.0
C003851,CA,2023-11-22,Occasional,2,0,1449,DEV003851,231.78
C003852,CA,2025-10-16,New,0,0,190,DEV003852,0.0
C003853,FR,2022-08-17,Occasional,5,0,1380,DEV003853,165.03
C003854,IT,2025-12-25,New,0,1,733,DEV003854,0.0
C003855,FR,2025-11-17,New,0,0,475,DEV003855,0.0
C003856,GB,2022-09-30,Returning,11,0,1393,DEV003856,377.1
C003857,AU,2025-04-14,New,0,0,445,DEV003857,0.0
C003858,NL,2024-05-19,Returning,24,0,962,DEV003858,1534.79
C003859,US,2023-08-25,Occasional,3,0,972,DEV003859,174.73
C003860,NL,2025-04-10,New,2,0,691,DEV003860,151.16
C003861,US,2025-05-28,Occasional,4,0,759,DEV003861,448.84
C003862,NL,2025-01-15,New,0,0,717,DEV003862,0.0
C003863,DE,2019-03-20,Returning,5,0,2909,DEV003863,321.56
C003864,IT,2022-09-19,Occasional,6,0,1646,DEV003864,235.04
C003865,US,2025-03-26,New,0,0,681,DEV003865,0.0
C003866,NL,2017-04-10,Loyal,48,0,3688,DEV003866,1165.09
C003867,IT,2025-04-01,Occasional,3,0,537,DEV003867,315.26
C003868,IT,2023-01-26,Loyal,38,0,1738,DEV003868,3073.5
C003869,CA,2025-03-15,New,1,0,902,DEV003869,163.85
C003870,GB,2022-10-29,Returning,6,0,1270,DEV003870,435.41
C003871,AU,2017-07-12,Loyal,63,0,3484,DEV003871,8797.0
C003872,GB,2019-10-12,Returning,10,0,2829,DEV003872,715.56
C003873,FR,2018-11-15,Loyal,69,0,2647,DEV003873,2795.63
C003874,CA,2025-09-17,Occasional,2,0,667,DEV003874,230.78
C003875,CA,2020-05-19,Returning,23,0,2664,DEV003875,965.14
C003876,DE,2024-09-30,Occasional,1,0,571,DEV003876,101.28
C003877,DE,2020-06-01,Returning,19,0,2512,DEV003877,1843.62
C003878,CA,2024-08-24,Returning,17,0,1211,DEV003878,1381.57
C003879,IT,2024-01-25,Returning,7,0,860,DEV003879,818.68
C003880,FR,2025-11-04,New,0,0,451,DEV003880,0.0
C003881,IE,2025-02-25,Occasional,3,0,349,DEV003881,138.86
C003882,IE,2024-08-25,Returning,6,0,860,DEV003882,738.16
C003883,CA,2021-09-21,Loyal,59,0,1829,DEV003883,2216.69
C003884,IE,2025-12-11,New,1,0,329,DEV003884,31.46
C003885,DE,2022-12-30,Occasional,3,0,1338,DEV003885,269.58
C003886,US,2023-04-14,Returning,9,0,1006,DEV003886,579.93
C003887,FR,2023-10-14,Occasional,5,0,837,DEV003887,172.21
C003888,DE,2020-05-15,Loyal,84,0,2703,DEV003888,11813.15
C003889,FR,2025-07-26,New,2,0,842,DEV003889,220.95
C003890,IE,2023-04-06,Returning,11,0,1503,DEV003890,1525.71
C003891,NL,2025-02-27,Occasional,2,0,629,DEV003891,152.97
C003892,DE,2022-09-08,Returning,9,0,1832,DEV003892,481.34
C003893,ES,2023-05-22,Returning,23,0,1461,DEV003893,1334.44
C003894,IE,2023-06-21,Occasional,2,0,938,DEV003894,214.1
C003895,DE,2025-02-20,New,2,0,677,DEV003895,253.48
C003896,FR,2024-02-23,Returning,21,0,763,DEV003896,540.77
C003897,FR,2025-05-27,Occasional,3,0,937,DEV003897,438.61
C003898,US,2023-09-08,Occasional,6,0,1231,DEV003898,346.46
C003899,FR,2023-02-26,Loyal,65,0,1524,DEV003899,5052.78
C003900,ES,2019-03-19,Returning,21,0,3173,DEV003900,1713.57
C003901,IT,2022-10-13,Returning,17,0,1516,DEV003901,2272.59
C003902,FR,2023-09-02,Loyal,36,0,1003,DEV003902,5839.73
C003903,DE,2023-10-18,Occasional,1,0,1395,DEV003903,147.77
C003904,CA,2022-09-07,Returning,19,0,1650,DEV003904,719.95
C003905,IT,2022-10-04,Loyal,48,0,1443,DEV003905,2029.64
C003906,NL,2025-04-02,Occasional,5,0,365,DEV003906,241.71
C003907,DE,2019-06-17,Loyal,82,0,2844,DEV003907,3798.24
C003908,CA,2022-05-30,Returning,8,0,1424,DEV003908,1221.77
C003909,ES,2023-12-23,Occasional,5,0,1023,DEV003909,343.92
C003910,IE,2024-06-22,Occasional,3,0,609,DEV003910,79.82
C003911,ES,2025-04-01,Occasional,2,0,592,DEV003911,199.47
C003912,FR,2022-03-11,Occasional,2,0,1888,DEV003912,58.78
C003913,AU,2023-07-21,Occasional,1,0,923,DEV003913,90.33
C003914,AU,2025-06-06,New,2,0,615,DEV003914,61.13
C003915,US,2019-11-28,Returning,7,0,2298,DEV003915,374.11
C003916,IT,2024-12-02,Occasional,2,0,908,DEV003916,287.54
C003917,FR,2025-11-26,New,2,0,201,DEV003917,44.95
C003918,AU,2025-07-10,New,2,0,561,DEV003918,210.78
C003919,GB,2023-02-11,Occasional,4,0,1263,DEV003919,400.66
C003920,IE,2024-09-21,Returning,22,0,1052,DEV003920,845.67
C003921,IE,2022-09-22,Returning,7,0,1634,DEV003921,906.16
C003922,DE,2021-05-27,Returning,15,0,2040,DEV003922,2065.7
C003923,AU,2025-08-21,Occasional,1,0,676,DEV003923,81.98
C003924,GB,2019-03-14,Loyal,32,0,2764,DEV003924,847.01
C003925,NL,2017-10-20,Loyal,26,0,3139,DEV003925,3292.61
C003926,ES,2021-08-30,Returning,23,0,1944,DEV003926,3053.32
C003927,ES,2025-07-21,Occasional,6,0,533,DEV003927,206.72
C003928,GB,2025-01-14,Occasional,5,0,644,DEV003928,154.08
C003929,CA,2024-01-06,Occasional,6,0,968,DEV003929,255.92
C003930,NL,2025-08-26,Occasional,1,0,458,DEV003930,104.61
C003931,ES,2021-07-14,Returning,13,0,1742,DEV003931,355.77
C003932,CA,2025-07-05,Occasional,3,0,388,DEV003932,251.7
C003933,IT,2025-05-15,Occasional,3,0,951,DEV003933,240.74
C003934,ES,2017-07-21,Loyal,20,0,3510,DEV003934,2133.13
C003935,US,2019-09-12,Returning,11,0,2833,DEV003935,1247.03
C003936,US,2021-08-19,Loyal,69,0,2306,DEV003936,1416.01
C003937,IT,2024-10-23,Occasional,3,0,987,DEV003937,307.87
C003938,FR,2022-02-24,Returning,22,0,1907,DEV003938,3125.05
C003939,US,2025-03-21,New,1,0,872,DEV003939,21.45
C003940,ES,2023-04-30,Occasional,5,0,1623,DEV003940,518.77
C003941,US,2025-08-12,New,2,0,762,DEV003941,117.99
C003942,IE,2025-08-16,New,0,0,371,DEV003942,0.0
C003943,CA,2023-08-16,Returning,5,0,1092,DEV003943,420.13
C003944,DE,2024-03-22,Returning,9,0,1289,DEV003944,910.42
C003945,IE,2025-10-29,New,0,0,404,DEV003945,0.0
C003946,FR,2020-12-23,Returning,7,0,2455,DEV003946,800.2
C003947,US,2018-03-04,Loyal,26,0,3094,DEV003947,667.14
C003948,CA,2021-01-26,Returning,17,0,1823,DEV003948,495.39
C003949,FR,2025-06-28,New,2,0,596,DEV003949,112.88
C003950,DE,2020-07-23,Returning,7,0,2558,DEV003950,1157.73
C003951,ES,2025-04-26,New,1,0,776,DEV003951,91.18
C003952,NL,2023-03-01,Occasional,5,0,1611,DEV003952,745.86
C003953,AU,2019-01-05,Returning,6,0,2587,DEV003953,552.14
C003954,GB,2022-02-16,Returning,18,0,1630,DEV003954,834.1
C003955,IE,2023-07-12,Occasional,6,0,1615,DEV003955,842.95
C003956,AU,2025-04-20,New,1,0,793,DEV003956,114.21
C003957,DE,2024-11-03,Returning,12,0,486,DEV003957,827.43
C003958,AU,2022-09-27,Occasional,5,0,1363,DEV003958,230.87
C003959,CA,2024-12-18,Occasional,4,0,706,DEV003959,670.02
C003960,ES,2025-07-21,New,1,0,558,DEV003960,92.43
C003961,NL,2025-09-15,New,0,0,826,DEV003961,0.0
C003962,CA,2025-02-16,Occasional,5,0,404,DEV003962,80.75
C003963,IE,2020-07-11,Loyal,73,0,2436,DEV003963,8625.24
C003964,CA,2019-05-01,Loyal,82,0,2541,DEV003964,4586.17
C003965,ES,2022-03-27,Occasional,5,0,2102,DEV003965,734.48
C003966,FR,2024-10-02,Occasional,4,0,554,DEV003966,100.86
C003967,FR,2022-05-20,Occasional,6,0,1760,DEV003967,331.3
C003968,FR,2019-03-16,Loyal,57,0,2552,DEV003968,4572.49
C003969,GB,2022-06-04,Loyal,89,0,1977,DEV003969,11068.1
C003970,DE,2024-03-15,Returning,24,0,704,DEV003970,3181.14
C003971,IT,2025-08-13,New,0,0,599,DEV003971,0.0
C003972,NL,2024-06-21,Occasional,4,0,1226,DEV003972,134.26
C003973,IE,2024-11-19,Occasional,6,0,666,DEV003973,358.94
C003974,DE,2022-03-18,Returning,17,1,1899,DEV003974,2020.01
C003975,NL,2024-03-25,Returning,18,0,1285,DEV003975,2028.72
C003976,AU,2024-04-01,Occasional,1,0,1172,DEV003976,128.35
C003977,IE,2022-02-13,Returning,22,0,1562,DEV003977,2265.16
C003978,US,2025-06-06,Occasional,6,0,696,DEV003978,752.43
C003979,IT,2022-10-29,Occasional,3,0,1504,DEV003979,472.39
C003980,US,2025-02-20,New,1,0,746,DEV003980,97.84
C003981,DE,2019-06-03,Returning,16,0,2751,DEV003981,999.87
C003982,US,2025-05-11,Occasional,1,0,677,DEV003982,49.63
C003983,AU,2025-08-22,Occasional,3,0,847,DEV003983,395.1
C003984,IT,2022-04-24,Returning,16,0,1359,DEV003984,1462.79
C003985,IT,2022-02-06,Occasional,3,0,1667,DEV003985,150.97
C003986,DE,2022-08-17,Returning,17,0,1305,DEV003986,938.03
C003987,IT,2023-01-08,Loyal,52,0,1346,DEV003987,4324.94
C003988,US,2020-05-19,Loyal,89,0,2739,DEV003988,12745.33
C003989,AU,2025-08-29,Occasional,5,0,177,DEV003989,584.93
C003990,FR,2017-09-20,Loyal,89,0,3443,DEV003990,7018.71
C003991,CA,2024-11-05,Returning,17,0,997,DEV003991,2814.1
C003992,FR,2018-03-02,Loyal,90,0,3371,DEV003992,7504.63
C003993,CA,2022-08-09,Returning,13,0,1912,DEV003993,659.34
C003994,FR,2023-11-16,Returning,24,0,1031,DEV003994,2482.56
C003995,FR,2025-11-18,New,2,0,475,DEV003995,76.02
C003996,FR,2020-04-23,Loyal,64,0,2274,DEV003996,5478.14
C003997,US,2020-02-17,Returning,6,0,2360,DEV003997,787.66
C003998,ES,2025-04-22,New,2,0,505,DEV003998,115.07
C003999,AU,2025-04-22,Occasional,6,0,380,DEV003999,581.65
C004000,AU,2022-03-28,Loyal,95,0,1821,DEV004000,2664.65
C004001,FR,2019-06-25,Returning,20,0,3103,DEV004001,1950.87
C004002,IT,2020-05-13,Returning,17,0,2761,DEV004002,2062.33
C004003,GB,2020-07-23,Returning,14,0,2487,DEV004003,2018.19
C004004,NL,2019-10-26,Returning,15,0,2280,DEV004004,408.75
C004005,IE,2019-08-27,Returning,14,0,2740,DEV004005,1605.12
C004006,CA,2025-05-04,Occasional,4,0,630,DEV004006,525.6
C004007,US,2023-01-11,Occasional,1,0,1531,DEV004007,52.06
C004008,GB,2025-11-30,New,2,0,162,DEV004008,50.51
C004009,US,2025-01-31,New,0,0,700,DEV004009,0.0
C004010,DE,2023-06-08,Occasional,1,0,1622,DEV004010,109.85
C004011,IE,2024-06-11,Occasional,5,0,1096,DEV004011,152.43
C004012,IE,2025-07-23,Occasional,6,0,863,DEV004012,792.74
C004013,NL,2025-07-22,New,0,0,530,DEV004013,0.0
C004014,CA,2025-07-09,New,1,0,725,DEV004014,123.67
C004015,NL,2020-01-03,Returning,9,0,2199,DEV004015,925.71
C004016,IT,2025-12-21,New,1,0,536,DEV004016,136.05
C004017,DE,2018-06-09,Loyal,42,0,2945,DEV004017,5361.29
C004018,GB,2025-05-11,New,0,0,482,DEV004018,0.0
C004019,IE,2019-04-18,Returning,20,0,2600,DEV004019,2960.22
C004020,ES,2025-02-25,New,0,0,503,DEV004020,0.0
C004021,NL,2024-02-24,Returning,6,0,776,DEV004021,690.18
C004022,GB,2025-05-11,New,2,0,735,DEV004022,174.99
C004023,IE,2023-05-22,Occasional,6,0,1085,DEV004023,309.26
C004024,NL,2022-05-07,Returning,11,0,1658,DEV004024,260.09
C004025,US,2019-06-06,Returning,19,0,2517,DEV004025,2088.03
C004026,US,2025-02-20,New,1,0,458,DEV004026,61.33
C004027,IT,2024-09-05,Occasional,1,0,984,DEV004027,49.06
C004028,NL,2020-07-10,Loyal,23,0,2692,DEV004028,3699.39
C004029,NL,2025-09-16,New,0,0,627,DEV004029,0.0
C004030,FR,2024-05-16,Occasional,4,0,1123,DEV004030,279.63
C004031,US,2023-09-24,Returning,16,0,1117,DEV004031,847.72
C004032,IT,2020-07-07,Returning,11,0,2601,DEV004032,625.25
C004033,FR,2022-05-17,Occasional,2,0,1679,DEV004033,193.02
C004034,ES,2024-04-03,Occasional,6,0,1324,DEV004034,421.52
C004035,IE,2025-11-02,New,1,0,246,DEV004035,123.06
C004036,DE,2017-12-31,Loyal,63,0,2967,DEV004036,4753.12
C004037,US,2023-02-24,Loyal,93,0,1052,DEV004037,5568.59
C004038,CA,2017-05-07,Loyal,33,0,3462,DEV004038,4638.93
C004039,IE,2023-05-27,Returning,5,0,1628,DEV004039,293.11
C004040,DE,2023-02-06,Occasional,2,0,1115,DEV004040,309.64
C004041,DE,2025-10-07,New,1,0,106,DEV004041,73.62
C004042,AU,2023-01-29,Occasional,5,0,1394,DEV004042,766.09
C004043,GB,2017-04-05,Loyal,95,0,3779,DEV004043,2476.24
C004044,AU,2020-09-07,Returning,7,0,2311,DEV004044,1151.73
C004045,FR,2022-09-05,Returning,12,0,1513,DEV004045,1083.69
C004046,GB,2025-02-13,New,2,0,843,DEV004046,136.72
C004047,IE,2024-03-22,Returning,21,0,794,DEV004047,1577.25
C004048,CA,2025-07-15,New,0,0,380,DEV004048,0.0
C004049,AU,2023-10-14,Occasional,2,0,1461,DEV004049,281.52
C004050,GB,2024-02-04,Occasional,3,0,1340,DEV004050,305.59
C004051,NL,2023-12-22,Returning,24,0,989,DEV004051,2448.19
C004052,DE,2020-11-23,Loyal,99,0,2011,DEV004052,12643.06
C004053,GB,2025-09-29,New,0,0,452,DEV004053,0.0
C004054,IT,2023-10-25,Occasional,3,0,1386,DEV004054,256.97
C004055,US,2025-05-13,New,0,0,793,DEV004055,0.0
C004056,US,2024-12-17,Occasional,3,0,582,DEV004056,513.1
C004057,GB,2019-06-08,Returning,23,0,2559,DEV004057,1634.77
C004058,AU,2024-03-11,Occasional,1,0,1199,DEV004058,114.22
C004059,DE,2025-03-16,Occasional,6,0,459,DEV004059,766.55
C004060,IT,2022-04-24,Occasional,5,0,2039,DEV004060,558.64
C004061,GB,2024-01-02,Returning,19,0,1013,DEV004061,1858.2
C004062,AU,2024-02-26,Occasional,2,0,1297,DEV004062,219.37
C004063,NL,2025-11-09,New,0,0,308,DEV004063,0.0
C004064,IE,2023-10-03,Returning,13,0,1082,DEV004064,1708.77
C004065,ES,2023-03-19,Occasional,5,0,1365,DEV004065,510.97
C004066,IE,2025-09-23,Occasional,3,0,536,DEV004066,258.22
C004067,NL,2019-05-20,Returning,8,0,2615,DEV004067,302.12
C004068,GB,2025-08-29,New,0,0,584,DEV004068,0.0
C004069,CA,2019-05-06,Loyal,75,0,2741,DEV004069,13007.3
C004070,AU,2018-11-05,Loyal,73,0,3324,DEV004070,8082.37
C004071,NL,2023-10-22,Occasional,1,0,861,DEV004071,30.34
C004072,IT,2017-11-03,Loyal,47,0,3275,DEV004072,3265.45
C004073,US,2022-08-27,Returning,19,0,1701,DEV004073,924.58
C004074,AU,2024-05-18,Occasional,6,1,1320,DEV004074,226.64
C004075,US,2022-02-04,Occasional,6,0,2055,DEV004075,637.32
C004076,IT,2025-10-08,New,0,0,812,DEV004076,0.0
C004077,CA,2025-01-13,New,0,0,593,DEV004077,0.0
C004078,AU,2023-11-30,Occasional,4,0,1133,DEV004078,201.63
C004079,ES,2021-04-20,Loyal,44,0,2311,DEV004079,2319.6
C004080,CA,2024-05-15,Occasional,5,0,859,DEV004080,120.9
C004081,CA,2020-06-25,Loyal,24,0,2280,DEV004081,3105.74
C004082,IT,2025-07-11,New,2,0,498,DEV004082,310.99
C004083,GB,2024-11-29,Occasional,2,0,796,DEV004083,144.52
C004084,FR,2019-01-17,Returning,21,0,2742,DEV004084,1905.67
C004085,NL,2025-04-13,New,0,0,702,DEV004085,0.0
C004086,ES,2025-10-15,New,1,0,201,DEV004086,82.72
C004087,DE,2025-05-07,Occasional,4,0,317,DEV004087,639.87
C004088,CA,2023-04-12,Returning,8,0,1049,DEV004088,1034.42
C004089,DE,2020-07-08,Loyal,96,0,2497,DEV004089,8051.81
C004090,IE,2024-09-05,Occasional,5,0,846,DEV004090,529.94
C004091,US,2022-02-08,Occasional,6,0,1910,DEV004091,788.97
C004092,IE,2023-12-22,Returning,8,0,1000,DEV004092,308.18
C004093,US,2018-09-27,Loyal,90,0,3021,DEV004093,8914.98
C004094,AU,2022-05-14,Returning,24,0,1334,DEV004094,2037.79
C004095,DE,2025-04-28,New,1,0,562,DEV004095,99.53
C004096,US,2022-05-30,Occasional,2,0,1959,DEV004096,52.15
C004097,ES,2023-08-05,Returning,6,0,1570,DEV004097,698.13
C004098,NL,2019-02-13,Returning,9,0,2563,DEV004098,615.08
C004099,GB,2025-07-15,New,0,0,345,DEV004099,0.0
C004100,IT,2023-08-31,Returning,16,0,960,DEV004100,828.25
C004101,NL,2025-06-29,Occasional,5,0,676,DEV004101,177.99
C004102,NL,2019-01-21,Loyal,97,0,2940,DEV004102,3836.38
C004103,IT,2023-05-04,Returning,15,0,999,DEV004103,1320.34
C004104,IE,2018-02-27,Loyal,46,0,3225,DEV004104,5378.17
C004105,IT,2021-10-31,Returning,10,0,2007,DEV004105,466.1
C004106,CA,2019-11-29,Returning,17,0,2299,DEV004106,2161.65
C004107,IE,2025-09-15,New,1,0,704,DEV004107,65.99
C004108,AU,2021-10-12,Returning,7,0,1769,DEV004108,1038.87
C004109,NL,2021-02-16,Returning,19,0,1781,DEV004109,538.87
C004110,GB,2022-01-22,Occasional,2,0,1739,DEV004110,190.15
C004111,CA,2025-08-30,New,1,0,641,DEV004111,177.0
C004112,ES,2023-08-22,Occasional,4,0,1150,DEV004112,108.85
C004113,FR,2023-03-06,Occasional,5,0,1662,DEV004113,654.16
C004114,IE,2023-06-06,Returning,18,0,1306,DEV004114,582.98
C004115,DE,2024-07-14,Occasional,3,0,1041,DEV004115,142.81
C004116,US,2019-02-01,Returning,21,0,2987,DEV004116,1248.19
C004117,FR,2025-04-20,New,1,0,811,DEV004117,157.71
C004118,ES,2019-09-02,Loyal,71,0,2729,DEV004118,6029.18
C004119,DE,2024-01-24,Occasional,2,0,1340,DEV004119,118.88
C004120,GB,2025-06-06,New,1,0,307,DEV004120,50.32
C004121,NL,2025-07-07,New,2,0,829,DEV004121,79.94
C004122,FR,2025-06-22,New,0,0,649,DEV004122,0.0
C004123,US,2024-11-29,Returning,10,0,663,DEV004123,1013.83
C004124,IT,2025-04-29,New,1,0,262,DEV004124,45.67
C004125,IT,2020-11-13,Returning,20,0,2109,DEV004125,522.97
C004126,GB,2023-01-27,Returning,14,0,1619,DEV004126,1615.46
C004127,AU,2025-10-02,New,1,0,720,DEV004127,124.78
C004128,AU,2025-03-06,Occasional,3,0,536,DEV004128,113.32
C004129,GB,2019-03-26,Returning,17,0,3135,DEV004129,1433.89
C004130,AU,2022-04-11,Loyal,99,0,1582,DEV004130,4272.99
C004131,US,2022-04-19,Occasional,2,0,1677,DEV004131,182.25
C004132,ES,2025-01-08,New,1,0,1082,DEV004132,40.69
C004133,AU,2017-11-05,Loyal,75,0,3544,DEV004133,11833.42
C004134,FR,2025-12-22,New,1,0,277,DEV004134,54.66
C004135,NL,2023-09-26,Returning,22,0,1300,DEV004135,3163.92
C004136,GB,2024-03-21,Occasional,2,0,888,DEV004136,268.92
C004137,CA,2025-03-24,New,1,0,576,DEV004137,108.85
C004138,US,2022-07-28,Occasional,1,0,1893,DEV004138,113.55
C004139,CA,2025-01-23,New,1,0,933,DEV004139,72.4
C004140,CA,2025-07-20,New,0,0,503,DEV004140,0.0
C004141,IE,2024-10-28,Occasional,5,0,760,DEV004141,618.67
C004142,ES,2025-10-28,New,2,0,728,DEV004142,282.88
C004143,DE,2025-08-21,New,0,0,571,DEV004143,0.0
C004144,FR,2021-01-23,Loyal,54,0,2227,DEV004144,6885.49
C004145,CA,2025-03-11,New,2,0,355,DEV004145,46.73
C004146,CA,2021-05-12,Loyal,57,0,1954,DEV004146,7258.93
C004147,DE,2025-12-24,New,1,0,81,DEV004147,66.19
C004148,US,2024-09-15,Returning,20,0,551,DEV004148,1304.39
C004149,GB,2025-01-23,Occasional,2,0,451,DEV004149,58.65
C004150,GB,2022-11-03,Occasional,6,0,1815,DEV004150,476.11
C004151,IT,2019-07-05,Returning,17,0,2389,DEV004151,595.96
C004152,CA,2023-01-23,Occasional,6,0,1403,DEV004152,175.49
C004153,IT,2022-11-14,Occasional,1,0,1677,DEV004153,129.88
C004154,ES,2023-08-18,Returning,21,0,1579,DEV004154,2656.22
C004155,NL,2019-06-22,Returning,15,0,2676,DEV004155,1802.0
C004156,IT,2021-11-22,Returning,6,0,1521,DEV004156,174.02
C004157,GB,2023-07-13,Returning,16,0,1217,DEV004157,1450.44
C004158,DE,2022-02-25,Occasional,4,0,1927,DEV004158,271.48
C004159,IT,2017-08-27,Loyal,90,0,3340,DEV004159,10827.73
C004160,CA,2022-12-22,Loyal,43,0,1503,DEV004160,4248.94
C004161,NL,2025-10-03,New,2,0,540,DEV004161,290.25
C004162,US,2023-08-29,Occasional,1,0,1054,DEV004162,36.17
C004163,GB,2023-06-07,Returning,21,0,1438,DEV004163,1872.74
C004164,IT,2025-12-22,New,1,0,396,DEV004164,50.23
C004165,CA,2022-07-25,Returning,14,0,1866,DEV004165,421.81
C004166,NL,2020-06-22,Returning,15,0,2448,DEV004166,322.18
C004167,US,2022-08-03,Occasional,4,0,1274,DEV004167,525.32
C004168,US,2023-03-10,Occasional,6,0,1236,DEV004168,898.13
C004169,IE,2025-05-24,New,0,0,337,DEV004169,0.0
C004170,NL,2024-08-08,Occasional,2,0,643,DEV004170,56.59
C004171,ES,2024-08-10,Returning,16,0,949,DEV004171,1323.29
C004172,IT,2025-12-16,New,0,0,314,DEV004172,0.0
C004173,IE,2019-06-26,Returning,17,0,2883,DEV004173,447.89
C004174,IT,2025-11-30,New,0,0,314,DEV004174,0.0
C004175,FR,2023-02-05,Occasional,3,0,1199,DEV004175,345.87
C004176,ES,2024-05-04,Occasional,6,0,703,DEV004176,702.18
C004177,FR,2024-01-24,Occasional,2,0,1152,DEV004177,43.56
C004178,IE,2025-06-13,New,2,0,684,DEV004178,185.97
C004179,ES,2020-02-24,Returning,11,0,2183,DEV004179,1296.8
C004180,NL,2024-07-30,Occasional,6,0,1104,DEV004180,227.7
C004181,CA,2022-01-26,Occasional,2,0,1680,DEV004181,189.78
C004182,FR,2020-06-30,Returning,8,0,2529,DEV004182,1070.18
C004183,IT,2022-07-22,Occasional,5,0,1688,DEV004183,449.0
C004184,US,2025-04-03,New,1,0,957,DEV004184,23.2
C004185,FR,2020-02-02,Returning,12,0,2444,DEV004185,875.34
C004186,IE,2025-03-08,New,0,0,528,DEV004186,0.0
C004187,IT,2023-09-22,Returning,23,0,1417,DEV004187,1891.63
C004188,FR,2025-08-21,New,1,0,569,DEV004188,120.86
C004189,ES,2019-05-25,Returning,6,0,3088,DEV004189,483.78
C004190,ES,2025-08-02,New,2,0,160,DEV004190,46.64
C004191,AU,2025-07-08,New,0,0,619,DEV004191,0.0
C004192,FR,2025-10-27,New,1,0,637,DEV004192,33.64
C004193,GB,2019-10-15,Returning,16,0,2882,DEV004193,715.13
C004194,DE,2022-08-04,Occasional,2,0,1919,DEV004194,267.02
C004195,CA,2024-11-03,Occasional,2,0,575,DEV004195,168.65
C004196,IE,2024-05-02,Returning,8,0,1047,DEV004196,1073.24
C004197,NL,2025-03-21,New,2,0,296,DEV004197,179.95
C004198,DE,2021-01-21,Returning,6,0,2029,DEV004198,586.21
C004199,ES,2022-01-07,Occasional,6,0,1575,DEV004199,205.28
C004200,GB,2025-12-20,New,0,0,428,DEV004200,0.0
C004201,NL,2022-09-28,Occasional,3,0,1851,DEV004201,192.84
C004202,US,2022-01-19,Occasional,2,0,1668,DEV004202,136.3
C004203,CA,2021-08-20,Returning,9,0,2178,DEV004203,311.48
C004204,ES,2021-11-14,Returning,8,0,1616,DEV004204,995.4
C004205,CA,2025-10-12,New,1,0,305,DEV004205,48.41
C004206,ES,2022-08-14,Occasional,4,0,1567,DEV004206,476.59
C004207,GB,2022-11-22,Returning,8,0,1439,DEV004207,700.63
C004208,IE,2025-06-17,New,2,0,863,DEV004208,116.65
C004209,NL,2020-05-13,Returning,7,0,2082,DEV004209,902.8
C004210,US,2025-08-19,Occasional,3,0,551,DEV004210,68.09
C004211,IT,2023-11-07,Returning,16,0,1019,DEV004211,1209.49
C004212,GB,2023-05-09,Occasional,4,0,1561,DEV004212,551.47
C004213,DE,2022-04-25,Occasional,5,0,1541,DEV004213,429.5
C004214,GB,2024-03-06,Occasional,6,0,975,DEV004214,843.32
C004215,IT,2024-06-03,Occasional,6,0,1286,DEV004215,962.85
C004216,GB,2020-11-17,Loyal,36,0,2391,DEV004216,1764.05
C004217,GB,2023-06-30,Occasional,1,0,1613,DEV004217,20.99
C004218,GB,2025-02-18,New,0,0,397,DEV004218,0.0
C004219,IE,2022-12-16,Occasional,1,0,1117,DEV004219,82.01
C004220,IT,2022-12-02,Occasional,2,0,1196,DEV004220,143.14
C004221,US,2024-11-29,Occasional,5,0,464,DEV004221,305.5
C004222,NL,2024-09-11,Occasional,4,0,873,DEV004222,192.02
C004223,AU,2024-04-28,Occasional,5,0,1165,DEV004223,376.69
C004224,FR,2017-10-06,Loyal,34,0,3029,DEV004224,4688.08
C004225,NL,2024-11-09,Occasional,6,0,1142,DEV004225,986.32
C004226,ES,2025-05-25,New,0,0,368,DEV004226,0.0
C004227,GB,2023-01-05,Loyal,65,0,1551,DEV004227,8214.76
C004228,IT,2022-04-29,Occasional,4,0,2013,DEV004228,237.07
C004229,CA,2024-01-28,Occasional,6,0,703,DEV004229,353.13
C004230,GB,2025-12-11,New,0,2,157,DEV004230,0.0
C004231,US,2025-06-05,New,2,0,692,DEV004231,76.18
C004232,NL,2023-04-21,Occasional,6,0,1648,DEV004232,735.27
C004233,IE,2022-08-31,Returning,21,1,1711,DEV004233,2517.13
C004234,GB,2023-03-28,Returning,6,0,1031,DEV004234,358.82
C004235,GB,2023-12-23,Returning,11,0,1140,DEV004235,1130.48
C004236,AU,2024-07-24,Occasional,1,0,906,DEV004236,75.47
C004237,FR,2022-02-16,Occasional,5,0,1707,DEV004237,214.59
C004238,GB,2025-01-08,New,1,0,909,DEV004238,19.83
C004239,GB,2023-02-10,Returning,14,0,1604,DEV004239,831.45
C004240,CA,2022-08-20,Occasional,1,0,1370,DEV004240,50.64
C004241,US,2024-08-07,Occasional,6,0,523,DEV004241,979.67
C004242,IT,2025-08-24,New,1,0,800,DEV004242,75.02
C004243,IE,2022-05-30,Occasional,3,0,1707,DEV004243,407.08
C004244,CA,2025-10-01,New,2,0,685,DEV004244,47.12
C004245,CA,2023-08-22,Occasional,5,0,1547,DEV004245,511.62
C004246,IE,2020-04-23,Returning,16,0,2284,DEV004246,1541.14
C004247,DE,2020-11-30,Returning,21,0,2065,DEV004247,2515.27
C004248,US,2024-05-18,Occasional,4,0,910,DEV004248,406.78
C004249,ES,2023-04-25,Occasional,2,0,1077,DEV004249,260.27
C004250,IT,2022-11-11,Occasional,3,0,1555,DEV004250,328.7
C004251,IE,2024-02-06,Returning,6,0,851,DEV004251,286.68
C004252,US,2024-12-26,Occasional,5,0,493,DEV004252,307.98
C004253,GB,2018-08-18,Loyal,89,0,3029,DEV004253,3954.55
C004254,IE,2025-02-23,New,2,0,545,DEV004254,147.51
C004255,CA,2021-09-08,Returning,15,0,2133,DEV004255,932.22
C004256,AU,2025-12-30,New,1,0,604,DEV004256,49.38
C004257,GB,2024-07-21,Occasional,2,0,885,DEV004257,213.8
C004258,GB,2025-03-23,Occasional,4,0,800,DEV004258,281.71
C004259,NL,2024-07-31,Occasional,4,0,774,DEV004259,295.14
C004260,CA,2025-03-03,New,0,0,878,DEV004260,0.0
C004261,IT,2025-10-08,New,0,0,440,DEV004261,0.0
C004262,DE,2025-03-26,New,1,0,579,DEV004262,64.26
C004263,AU,2025-01-25,New,0,0,933,DEV004263,0.0
C004264,IE,2025-02-20,New,2,1,587,DEV004264,65.11
C004265,NL,2020-07-06,Returning,16,0,2563,DEV004265,2133.31
C004266,FR,2019-09-20,Loyal,90,0,2977,DEV004266,9491.79
C004267,CA,2021-02-09,Returning,23,0,2515,DEV004267,2893.56
C004268,FR,2025-08-20,Occasional,6,0,384,DEV004268,503.23
C004269,ES,2018-05-05,Loyal,84,0,3314,DEV004269,12880.08
C004270,ES,2022-04-22,Loyal,74,0,1791,DEV004270,6667.92
C004271,FR,2021-05-31,Returning,18,0,2214,DEV004271,1071.14
C004272,ES,2022-01-16,Returning,8,0,2041,DEV004272,819.12
C004273,AU,2022-01-12,Occasional,4,0,1923,DEV004273,298.21
C004274,FR,2017-08-27,Loyal,40,0,3387,DEV004274,6317.0
C004275,DE,2022-09-23,Occasional,1,0,1661,DEV004275,125.28
C004276,GB,2023-02-03,Returning,12,0,1528,DEV004276,1423.25
C004277,AU,2020-12-11,Returning,14,0,2052,DEV004277,835.17
C004278,NL,2024-10-07,Returning,24,0,1119,DEV004278,1363.22
C004279,GB,2021-11-25,Returning,10,0,1906,DEV004279,734.7
C004280,IT,2025-06-17,New,0,0,668,DEV004280,0.0
C004281,DE,2020-02-03,Returning,21,0,2827,DEV004281,1529.7
C004282,DE,2020-03-07,Returning,20,0,2225,DEV004282,2369.88
C004283,GB,2019-02-05,Returning,9,0,2586,DEV004283,272.86
C004284,NL,2024-04-12,Occasional,4,0,716,DEV004284,517.13
C004285,AU,2023-05-11,Returning,24,0,1174,DEV004285,811.06
C004286,AU,2024-12-27,Occasional,2,0,952,DEV004286,302.48
C004287,ES,2020-12-16,Returning,11,0,2540,DEV004287,559.58
C004288,AU,2020-01-26,Returning,24,0,2860,DEV004288,1559.59
C004289,DE,2024-10-23,Occasional,4,0,1042,DEV004289,138.46
C004290,AU,2024-03-10,Returning,5,0,808,DEV004290,403.4
C004291,IT,2018-12-03,Loyal,53,0,2669,DEV004291,6263.99
C004292,AU,2021-01-13,Returning,17,0,1970,DEV004292,1705.2
C004293,NL,2024-11-14,Occasional,5,0,512,DEV004293,518.32
C004294,ES,2025-06-04,New,1,0,477,DEV004294,123.67
C004295,FR,2020-02-14,Loyal,86,0,2864,DEV004295,9597.98
C004296,DE,2025-07-13,Occasional,2,0,867,DEV004296,68.49
C004297,IE,2022-09-16,Occasional,5,0,1588,DEV004297,556.68
C004298,IE,2025-09-25,New,2,0,254,DEV004298,55.59
C004299,IE,2020-06-02,Returning,16,0,2647,DEV004299,1164.72
C004300,CA,2023-11-06,Loyal,35,0,1391,DEV004300,795.3
C004301,US,2025-05-30,New,1,0,671,DEV004301,161.29
C004302,ES,2022-07-21,Occasional,4,0,1723,DEV004302,284.99
C004303,GB,2024-02-17,Occasional,6,0,1119,DEV004303,244.16
C004304,US,2025-12-23,New,0,0,394,DEV004304,0.0
C004305,FR,2022-04-08,Occasional,3,0,1971,DEV004305,160.96
C004306,IE,2025-09-12,New,0,0,543,DEV004306,0.0
C004307,CA,2025-04-19,New,1,0,638,DEV004307,93.75
C004308,IE,2023-12-30,Occasional,2,0,814,DEV004308,128.02
C004309,CA,2024-04-19,Returning,24,0,1036,DEV004309,2416.88
C004310,NL,2025-04-03,New,1,0,918,DEV004310,46.68
C004311,DE,2025-05-17,New,0,0,617,DEV004311,0.0
C004312,DE,2024-02-14,Occasional,3,0,1193,DEV004312,211.5
C004313,FR,2023-08-12,Occasional,6,0,1084,DEV004313,585.4
C004314,ES,2022-04-27,Returning,11,0,1849,DEV004314,1178.37
C004315,US,2025-11-06,New,0,0,253,DEV004315,0.0
C004316,US,2023-12-14,Returning,22,0,1193,DEV004316,1793.37
C004317,ES,2022-06-12,Returning,15,0,1934,DEV004317,1965.35
C004318,NL,2021-08-11,Returning,10,0,2110,DEV004318,759.41
C004319,FR,2025-04-26,New,1,0,836,DEV004319,20.2
C004320,US,2024-04-24,Occasional,1,0,1334,DEV004320,71.06
C004321,IT,2023-01-07,Occasional,5,0,1794,DEV004321,158.4
C004322,FR,2020-12-05,Returning,15,0,2561,DEV004322,550.04
C004323,DE,2025-08-21,Occasional,4,0,501,DEV004323,407.47
C004324,FR,2021-06-09,Returning,15,0,2225,DEV004324,1766.21
C004325,DE,2023-10-14,Returning,17,0,848,DEV004325,1966.57
C004326,FR,2025-02-03,New,0,0,945,DEV004326,0.0
C004327,GB,2017-04-18,Loyal,98,0,3859,DEV004327,11590.71
C004328,AU,2025-08-06,New,1,0,401,DEV004328,28.72
C004329,DE,2024-11-24,Occasional,5,0,990,DEV004329,778.13
C004330,AU,2025-09-29,New,0,0,805,DEV004330,0.0
C004331,GB,2020-11-19,Returning,8,0,1940,DEV004331,515.51
C004332,FR,2025-07-11,Occasional,6,0,515,DEV004332,318.0
C004333,AU,2019-07-10,Loyal,83,0,2626,DEV004333,12477.75
C004334,GB,2020-07-19,Returning,24,0,2464,DEV004334,1645.37
C004335,FR,2025-06-18,Occasional,5,0,277,DEV004335,348.47
C004336,FR,2020-06-15,Loyal,64,0,2701,DEV004336,2824.61
C004337,IT,2022-09-25,Returning,12,0,1595,DEV004337,626.55
C004338,ES,2024-11-17,Returning,15,1,708,DEV004338,937.97
C004339,GB,2023-11-14,Occasional,2,0,1480,DEV004339,182.84
C004340,US,2021-03-17,Returning,13,0,2164,DEV004340,1358.39
C004341,CA,2022-11-27,Returning,14,0,1460,DEV004341,532.08
C004342,NL,2025-08-08,New,1,0,427,DEV004342,93.93
C004343,IE,2019-09-26,Loyal,79,0,2472,DEV004343,4328.97
C004344,GB,2025-09-13,New,0,0,603,DEV004344,0.0
C004345,ES,2023-08-08,Occasional,6,0,1109,DEV004345,727.05
C004346,IE,2025-04-20,Occasional,2,0,275,DEV004346,198.36
C004347,AU,2023-07-22,Occasional,3,0,1001,DEV004347,367.77
C004348,IT,2025-04-27,New,0,0,845,DEV004348,0.0
C004349,AU,2025-05-02,New,2,0,832,DEV004349,175.99
C004350,DE,2025-05-02,Occasional,3,0,522,DEV004350,384.94
C004351,ES,2023-12-04,Returning,18,0,1050,DEV004351,1506.15
C004352,FR,2020-11-03,Loyal,70,0,2466,DEV004352,7893.11
C004353,CA,2023-03-08,Returning,22,0,1725,DEV004353,3776.64
C004354,GB,2020-02-17,Returning,7,0,2628,DEV004354,739.93
C004355,NL,2021-11-19,Returning,20,0,1631,DEV004355,1451.54
C004356,IE,2022-03-25,Occasional,3,0,1697,DEV004356,283.47
C004357,GB,2019-05-01,Loyal,86,0,2526,DEV004357,12179.81
C004358,ES,2025-06-19,Occasional,3,0,890,DEV004358,225.97
C004359,DE,2021-10-30,Loyal,71,0,1849,DEV004359,2855.84
C004360,US,2019-08-03,Returning,10,2,3045,DEV004360,282.74
C004361,AU,2020-10-23,Returning,9,0,2130,DEV004361,1320.69
C004362,NL,2025-01-28,New,1,1,485,DEV004362,139.2
C004363,GB,2023-07-07,Occasional,1,0,1022,DEV004363,87.95
C004364,AU,2023-12-01,Occasional,4,0,763,DEV004364,389.56
C004365,IT,2025-03-24,New,2,0,797,DEV004365,125.44
C004366,NL,2023-02-12,Returning,15,0,1222,DEV004366,907.86
C004367,IT,2019-11-26,Returning,18,2,2669,DEV004367,904.58
C004368,IT,2023-11-27,Occasional,2,0,1332,DEV004368,202.06
C004369,DE,2019-04-26,Returning,24,0,2722,DEV004369,957.11
C004370,US,2022-06-24,Occasional,4,0,1813,DEV004370,439.34
C004371,NL,2024-03-29,Returning,20,0,793,DEV004371,824.76
C004372,IT,2021-02-11,Returning,19,0,1967,DEV004372,660.0
C004373,ES,2020-08-02,Returning,17,0,1978,DEV004373,1605.77
C004374,NL,2024-04-13,Occasional,1,0,977,DEV004374,128.51
C004375,US,2020-12-06,Returning,6,0,1897,DEV004375,792.25
C004376,NL,2022-04-06,Occasional,2,0,1478,DEV004376,62.44
C004377,ES,2025-08-12,Occasional,6,0,161,DEV004377,692.01
C004378,ES,2019-12-09,Returning,6,0,2880,DEV004378,447.4
C004379,AU,2025-08-31,New,1,0,141,DEV004379,88.12
C004380,AU,2022-01-16,Occasional,5,0,2012,DEV004380,346.41
C004381,AU,2022-10-12,Returning,19,0,1705,DEV004381,800.86
C004382,FR,2019-05-27,Returning,22,0,2854,DEV004382,1998.85
C004383,IT,2025-12-28,New,1,0,615,DEV004383,87.63
C004384,ES,2025-07-07,Occasional,5,0,380,DEV004384,466.13
C004385,ES,2024-06-20,Returning,10,0,646,DEV004385,324.13
C004386,US,2019-09-22,Returning,9,0,2633,DEV004386,396.6
C004387,AU,2023-11-08,Occasional,4,0,1275,DEV004387,426.81
C004388,GB,2024-10-10,Occasional,4,0,1044,DEV004388,120.4
C004389,IT,2024-06-16,Returning,9,0,906,DEV004389,1127.39
C004390,FR,2021-03-12,Returning,10,0,2450,DEV004390,403.33
C004391,IT,2021-07-13,Returning,10,0,2170,DEV004391,586.57
C004392,US,2023-10-18,Occasional,6,0,1525,DEV004392,642.15
C004393,NL,2025-02-15,New,1,0,383,DEV004393,115.73
C004394,US,2025-03-10,Occasional,3,0,757,DEV004394,255.18
C004395,FR,2023-10-30,Occasional,6,0,1399,DEV004395,649.92
C004396,NL,2023-06-12,Returning,18,0,1344,DEV004396,2304.67
C004397,ES,2024-01-02,Occasional,1,0,1175,DEV004397,41.07
C004398,CA,2022-11-15,Loyal,83,0,1359,DEV004398,6069.27
C004399,CA,2022-06-01,Occasional,5,0,1346,DEV004399,711.82
C004400,IT,2021-11-22,Returning,23,0,1608,DEV004400,2868.48
C004401,GB,2023-07-24,Returning,9,0,1337,DEV004401,1324.81
C004402,US,2025-08-08,New,1,0,578,DEV004402,70.24
C004403,FR,2025-07-15,New,1,0,724,DEV004403,82.42
C004404,NL,2025-07-15,New,2,0,547,DEV004404,91.02
C004405,NL,2025-05-25,New,0,0,695,DEV004405,0.0
C004406,IE,2023-06-05,Occasional,3,0,1668,DEV004406,100.0
C004407,GB,2025-06-27,New,2,0,419,DEV004407,84.86
C004408,GB,2022-09-17,Returning,13,0,1629,DEV004408,1330.46
C004409,AU,2022-12-25,Returning,9,0,1593,DEV004409,715.8
C004410,FR,2023-08-27,Returning,12,0,883,DEV004410,904.31
C004411,US,2022-06-21,Loyal,32,0,1783,DEV004411,4425.53
C004412,DE,2022-06-25,Occasional,1,0,1341,DEV004412,26.96
C004413,NL,2023-12-30,Occasional,1,0,839,DEV004413,100.66
C004414,FR,2025-05-28,Occasional,1,0,448,DEV004414,70.11
C004415,ES,2023-12-28,Occasional,5,0,929,DEV004415,122.54
C004416,ES,2025-03-15,New,1,0,574,DEV004416,74.68
C004417,US,2019-05-03,Returning,17,0,3042,DEV004417,1548.39
C004418,IT,2025-05-04,Occasional,3,0,259,DEV004418,84.81
C004419,US,2022-07-03,Occasional,2,0,1591,DEV004419,133.81
C004420,DE,2022-01-18,Occasional,2,0,1657,DEV004420,125.92
C004421,DE,2022-08-23,Occasional,4,0,1587,DEV004421,267.06
C004422,ES,2023-03-02,Occasional,4,0,1349,DEV004422,597.27
C004423,ES,2025-05-31,Occasional,6,0,473,DEV004423,553.02
C004424,CA,2021-07-13,Returning,22,0,2252,DEV004424,2042.64
C004425,DE,2024-06-20,Occasional,4,0,750,DEV004425,522.64
C004426,IE,2021-04-26,Returning,6,0,2082,DEV004426,261.89
C004427,DE,2022-07-30,Occasional,3,0,1938,DEV004427,189.64
C004428,ES,2024-01-25,Occasional,6,0,1413,DEV004428,780.28
C004429,CA,2020-02-04,Returning,22,0,2243,DEV004429,2866.82
C004430,ES,2025-07-03,New,2,0,529,DEV004430,50.81
C004431,US,2022-06-14,Returning,12,0,1989,DEV004431,1552.78
C004432,FR,2025-03-28,New,1,0,314,DEV004432,122.17
C004433,IT,2023-10-19,Returning,18,0,1140,DEV004433,511.83
C004434,AU,2025-07-24,New,2,0,723,DEV004434,133.12
C004435,IT,2022-07-01,Occasional,3,0,1953,DEV004435,111.06
C004436,ES,2022-05-23,Occasional,3,0,1908,DEV004436,123.27
C004437,IE,2017-03-28,Loyal,61,0,3394,DEV004437,8427.4
C004438,IT,2023-11-29,Returning,10,0,1436,DEV004438,522.64
C004439,IE,2022-10-05,Returning,24,0,1388,DEV004439,1762.64
C004440,AU,2023-02-26,Occasional,6,0,1384,DEV004440,448.15
C004441,GB,2023-10-27,Occasional,2,0,1379,DEV004441,79.02
C004442,GB,2024-01-16,Returning,22,0,852,DEV004442,996.01
C004443,CA,2025-10-08,New,1,0,332,DEV004443,90.29
C004444,IT,2019-01-30,Returning,6,0,3188,DEV004444,455.81
C004445,US,2019-01-12,Loyal,94,0,3219,DEV004445,4667.4
C004446,DE,2025-05-05,New,2,0,622,DEV004446,81.01
C004447,CA,2025-06-21,New,0,0,558,DEV004447,0.0
C004448,GB,2021-11-11,Loyal,90,0,1771,DEV004448,10052.27
C004449,FR,2025-02-13,Occasional,5,0,420,DEV004449,217.44
C004450,US,2022-03-29,Occasional,2,0,1697,DEV004450,238.08
C004451,DE,2025-10-03,New,2,0,336,DEV004451,204.38
C004452,DE,2025-12-22,New,1,0,214,DEV004452,79.29
C004453,GB,2025-08-19,Occasional,1,0,450,DEV004453,75.21
C004454,ES,2025-01-10,Occasional,3,0,431,DEV004454,316.81
C004455,IE,2025-08-24,Occasional,5,0,774,DEV004455,815.64
C004456,AU,2025-09-26,Occasional,5,0,547,DEV004456,623.14
C004457,CA,2022-07-14,Occasional,2,0,1616,DEV004457,317.1
C004458,DE,2022-02-15,Occasional,3,0,2031,DEV004458,267.27
C004459,NL,2020-09-01,Returning,10,0,2643,DEV004459,1191.35
C004460,GB,2025-07-03,Occasional,1,0,493,DEV004460,37.88
C004461,AU,2025-02-19,Occasional,4,0,597,DEV004461,465.74
C004462,US,2022-10-05,Occasional,4,0,1431,DEV004462,127.33
C004463,ES,2024-04-05,Occasional,6,0,1321,DEV004463,679.76
C004464,CA,2025-01-31,Occasional,4,0,954,DEV004464,516.15
C004465,AU,2025-08-24,New,1,0,378,DEV004465,126.76
C004466,AU,2025-01-28,Occasional,4,0,663,DEV004466,561.88
C004467,DE,2025-09-18,New,2,0,411,DEV004467,180.78
C004468,IE,2024-08-14,Occasional,1,0,601,DEV004468,22.0
C004469,IT,2021-12-26,Loyal,48,0,1713,DEV004469,8091.87
C004470,IT,2022-05-15,Occasional,6,0,1448,DEV004470,745.17
C004471,FR,2023-02-19,Returning,12,0,1165,DEV004471,1010.45
C004472,GB,2025-11-06,New,1,0,419,DEV004472,101.39
C004473,CA,2019-09-03,Loyal,39,0,2451,DEV004473,1251.67
C004474,FR,2022-03-16,Occasional,4,0,1606,DEV004474,437.27
C004475,IT,2024-08-09,Occasional,6,0,523,DEV004475,841.05
C004476,CA,2021-08-01,Loyal,25,0,2196,DEV004476,1763.92
C004477,IE,2019-04-17,Returning,18,0,3044,DEV004477,845.57
C004478,ES,2025-05-11,New,1,0,653,DEV004478,118.83
C004479,FR,2025-03-30,New,0,0,539,DEV004479,0.0
C004480,CA,2022-07-12,Returning,16,0,1732,DEV004480,442.05
C004481,GB,2023-04-18,Occasional,5,0,1129,DEV004481,713.23
C004482,US,2024-03-05,Returning,17,0,1027,DEV004482,1936.54
C004483,FR,2025-07-05,Occasional,5,0,273,DEV004483,285.24
C004484,AU,2024-04-25,Occasional,3,1,1136,DEV004484,82.69
C004485,FR,2022-04-10,Returning,20,0,1446,DEV004485,1962.91
C004486,NL,2025-12-14,New,2,0,175,DEV004486,195.26
C004487,FR,2024-06-28,Returning,7,0,1184,DEV004487,698.4
C004488,AU,2017-01-13,Loyal,93,0,3696,DEV004488,8128.23
C004489,IE,2025-08-12,New,0,0,869,DEV004489,0.0
C004490,IT,2022-12-31,Returning,17,0,1533,DEV004490,1608.2
C004491,CA,2025-05-27,Occasional,2,0,324,DEV004491,230.9
C004492,FR,2025-09-02,Occasional,4,0,795,DEV004492,537.17
C004493,GB,2025-11-22,New,0,0,218,DEV004493,0.0
C004494,GB,2021-10-11,Returning,17,0,1649,DEV004494,425.54
C004495,CA,2025-08-02,New,2,0,455,DEV004495,218.77
C004496,US,2017-03-15,Loyal,96,0,3923,DEV004496,1796.35
C004497,FR,2025-01-21,Occasional,3,0,384,DEV004497,260.22
C004498,DE,2023-03-21,Returning,14,0,1368,DEV004498,1613.99
C004499,IT,2020-02-15,Returning,18,0,2840,DEV004499,1974.46
C004500,DE,2025-10-26,New,2,0,300,DEV004500,138.5
C004501,NL,2021-09-25,Returning,6,0,2039,DEV004501,274.47
C004502,AU,2024-08-30,Occasional,5,0,1013,DEV004502,408.28
C004503,IT,2022-07-04,Returning,21,0,1596,DEV004503,1421.33
C004504,IE,2023-01-25,Returning,23,0,1652,DEV004504,2387.15
C004505,IT,2024-06-06,Occasional,4,0,793,DEV004505,621.27
C004506,GB,2025-02-12,Occasional,5,0,826,DEV004506,286.29
C004507,IE,2025-03-09,New,0,0,710,DEV004507,0.0
C004508,AU,2021-05-24,Loyal,70,0,1923,DEV004508,5455.01
C004509,IE,2025-05-27,New,0,0,702,DEV004509,0.0
C004510,NL,2025-02-23,New,0,0,674,DEV004510,0.0
C004511,GB,2017-09-10,Loyal,56,0,3579,DEV004511,1274.68
C004512,US,2023-03-21,Returning,22,0,1606,DEV004512,499.84
C004513,US,2025-05-03,New,1,0,438,DEV004513,24.03
C004514,ES,2024-01-21,Occasional,1,0,976,DEV004514,58.99
C004515,US,2023-04-17,Occasional,4,0,1386,DEV004515,523.76
C004516,DE,2019-12-29,Loyal,39,0,2212,DEV004516,1755.03
C004517,US,2023-03-01,Returning,17,0,1447,DEV004517,1589.85
C004518,IE,2025-06-03,New,1,0,475,DEV004518,81.18
C004519,DE,2025-09-11,New,1,0,311,DEV004519,144.61
C004520,DE,2025-05-07,New,2,0,336,DEV004520,182.08
C004521,IT,2017-09-26,Loyal,70,0,3203,DEV004521,2603.18
C004522,CA,2023-10-11,Occasional,5,0,1334,DEV004522,311.22
C004523,DE,2025-03-19,New,1,0,599,DEV004523,62.96
C004524,FR,2025-12-23,New,0,0,408,DEV004524,0.0
C004525,IE,2023-09-12,Returning,17,0,1071,DEV004525,1215.33
C004526,NL,2023-01-07,Returning,15,0,1140,DEV004526,2019.09
C004527,IE,2025-03-08,New,2,0,553,DEV004527,190.16
C004528,CA,2025-11-16,New,1,0,352,DEV004528,55.51
C004529,AU,2022-10-05,Returning,13,0,1790,DEV004529,598.42
C004530,DE,2025-08-19,Occasional,2,0,745,DEV004530,184.37
C004531,CA,2024-11-14,Occasional,2,0,728,DEV004531,190.25
C004532,CA,2024-07-24,Occasional,6,0,949,DEV004532,889.15
C004533,CA,2024-01-25,Occasional,4,0,1381,DEV004533,164.35
C004534,DE,2021-09-25,Returning,6,0,1564,DEV004534,227.59
C004535,FR,2025-09-12,Occasional,2,0,181,DEV004535,105.98
C004536,NL,2022-04-20,Occasional,1,0,2052,DEV004536,129.26
C004537,AU,2023-06-07,Occasional,2,0,1303,DEV004537,201.52
C004538,AU,2024-05-08,Returning,5,0,1161,DEV004538,504.37
C004539,US,2025-08-16,New,1,0,859,DEV004539,58.44
C004540,GB,2024-01-27,Returning,18,0,731,DEV004540,1370.88
C004541,DE,2019-11-09,Returning,5,0,2372,DEV004541,469.62
C004542,IE,2025-01-23,Occasional,5,0,689,DEV004542,476.25
C004543,AU,2020-12-17,Loyal,36,0,2188,DEV004543,4384.87
C004544,IE,2025-07-05,New,1,0,230,DEV004544,56.56
C004545,ES,2019-03-12,Returning,5,0,2772,DEV004545,325.46
C004546,FR,2025-06-06,New,2,0,597,DEV004546,68.02
C004547,ES,2023-06-04,Occasional,6,0,1095,DEV004547,129.06
C004548,GB,2023-07-18,Returning,22,0,900,DEV004548,3443.8
C004549,NL,2025-03-10,New,2,0,362,DEV004549,192.6
C004550,AU,2024-07-05,Returning,5,0,550,DEV004550,155.26
C004551,US,2025-07-16,New,0,0,326,DEV004551,0.0
C004552,FR,2020-01-02,Returning,8,0,2640,DEV004552,1098.14
C004553,IT,2021-01-27,Loyal,56,0,1951,DEV004553,4991.17
C004554,IE,2025-03-18,New,0,0,917,DEV004554,0.0
C004555,GB,2021-11-30,Loyal,100,0,1950,DEV004555,5192.63
C004556,AU,2022-05-20,Occasional,2,0,1817,DEV004556,51.71
C004557,GB,2021-08-14,Loyal,81,0,1878,DEV004557,4744.87
C004558,GB,2024-06-11,Returning,17,0,1117,DEV004558,1293.77
C004559,IT,2019-11-30,Loyal,80,0,2349,DEV004559,6576.38
C004560,IT,2025-03-25,New,0,0,901,DEV004560,0.0
C004561,GB,2022-05-09,Returning,23,0,1407,DEV004561,1036.1
C004562,US,2024-06-05,Occasional,5,0,870,DEV004562,291.41
C004563,FR,2023-06-15,Occasional,1,0,1223,DEV004563,26.89
C004564,AU,2025-01-11,Occasional,2,0,573,DEV004564,305.6
C004565,GB,2021-09-21,Returning,16,0,1588,DEV004565,1868.71
C004566,AU,2025-02-04,Occasional,4,0,410,DEV004566,582.75
C004567,AU,2024-12-28,Occasional,2,0,429,DEV004567,211.99
C004568,IE,2024-05-13,Occasional,5,0,960,DEV004568,332.81
C004569,GB,2025-12-12,New,0,0,534,DEV004569,0.0
C004570,US,2025-01-30,New,2,0,364,DEV004570,86.17
C004571,IT,2023-12-26,Occasional,2,0,1403,DEV004571,166.11
C004572,ES,2024-05-23,Returning,23,0,701,DEV004572,1529.05
C004573,DE,2020-03-01,Returning,23,0,2858,DEV004573,1005.72
C004574,CA,2023-04-25,Returning,20,0,1494,DEV004574,2031.44
C004575,GB,2025-07-18,New,1,0,223,DEV004575,110.19
C004576,ES,2017-12-13,Loyal,99,0,3297,DEV004576,3672.08
C004577,GB,2025-08-03,Occasional,6,0,253,DEV004577,578.98
C004578,ES,2025-06-06,Occasional,4,0,636,DEV004578,386.6
C004579,CA,2023-06-13,Occasional,3,0,952,DEV004579,203.7
C004580,IT,2025-12-23,New,0,1,694,DEV004580,0.0
C004581,US,2024-07-07,Occasional,6,0,710,DEV004581,376.7
C004582,GB,2024-05-04,Returning,15,0,784,DEV004582,1973.17
C004583,DE,2024-01-27,Occasional,6,0,1220,DEV004583,618.92
C004584,IT,2025-03-05,New,1,0,780,DEV004584,143.12
C004585,CA,2022-07-19,Returning,7,0,1749,DEV004585,319.03
C004586,GB,2020-04-17,Returning,9,0,2614,DEV004586,1179.38
C004587,IT,2025-07-13,New,2,0,837,DEV004587,76.13
C004588,DE,2023-06-30,Returning,23,0,925,DEV004588,1768.42
C004589,FR,2022-03-07,Occasional,6,0,1452,DEV004589,278.28
C004590,FR,2023-02-27,Returning,15,0,1343,DEV004590,487.01
C004591,CA,2019-12-08,Loyal,79,0,2444,DEV004591,11658.78
C004592,IE,2020-09-22,Returning,16,0,2227,DEV004592,1293.83
C004593,IE,2025-01-15,Occasional,2,0,721,DEV004593,191.63
C004594,US,2021-08-02,Returning,12,0,2046,DEV004594,1284.14
C004595,DE,2025-09-29,Occasional,3,0,375,DEV004595,263.47
C004596,FR,2025-04-17,New,1,0,793,DEV004596,26.99
C004597,GB,2025-04-03,New,0,0,569,DEV004597,0.0
C004598,IE,2022-05-14,Occasional,5,0,1904,DEV004598,494.74
C004599,AU,2023-05-15,Loyal,54,0,1387,DEV004599,2128.17
C004600,GB,2022-11-14,Returning,23,0,1473,DEV004600,2286.31
C004601,GB,2023-08-05,Occasional,3,0,1293,DEV004601,405.67
C004602,US,2025-06-13,New,2,0,744,DEV004602,326.2
C004603,NL,2019-05-13,Returning,21,0,2995,DEV004603,2152.64
C004604,IE,2025-07-17,New,1,0,451,DEV004604,106.28
C004605,CA,2023-07-28,Occasional,6,0,969,DEV004605,192.73
C004606,IE,2023-04-25,Occasional,2,0,1285,DEV004606,85.0
C004607,CA,2023-09-20,Occasional,6,0,1047,DEV004607,484.15
C004608,AU,2025-08-30,New,1,0,330,DEV004608,143.18
C004609,CA,2023-01-29,Occasional,3,0,1360,DEV004609,235.22
C004610,NL,2025-04-25,New,0,0,957,DEV004610,0.0
C004611,IE,2025-07-18,Occasional,1,0,557,DEV004611,53.07
C004612,DE,2022-08-16,Occasional,1,0,1528,DEV004612,159.25
C004613,US,2022-07-20,Occasional,2,0,1275,DEV004613,219.12
C004614,IE,2024-01-18,Returning,17,0,1055,DEV004614,781.22
C004615,CA,2025-08-04,New,1,0,875,DEV004615,134.0
C004616,CA,2021-03-01,Returning,21,1,2455,DEV004616,1099.68
C004617,US,2022-04-03,Occasional,4,0,1560,DEV004617,391.67
C004618,GB,2018-09-27,Loyal,88,0,3125,DEV004618,2139.93
C004619,CA,2025-07-23,New,2,0,182,DEV004619,107.37
C004620,NL,2023-10-30,Returning,5,0,1308,DEV004620,257.71
C004621,GB,2017-05-11,Loyal,96,0,3591,DEV004621,9970.63
C004622,AU,2019-04-20,Returning,17,0,2891,DEV004622,1155.29
C004623,DE,2019-02-02,Returning,17,0,3134,DEV004623,1014.39
C004624,GB,2025-06-22,New,2,0,719,DEV004624,79.53
C004625,FR,2020-01-04,Returning,23,0,2456,DEV004625,473.54
C004626,FR,2025-01-18,New,1,0,675,DEV004626,130.32
C004627,CA,2025-02-28,New,0,0,763,DEV004627,0.0
C004628,NL,2020-04-13,Returning,16,0,2295,DEV004628,1996.78
C004629,AU,2025-09-27,Occasional,3,0,232,DEV004629,85.22
C004630,DE,2025-02-28,New,0,0,646,DEV004630,0.0
C004631,IE,2019-07-06,Loyal,92,0,2577,DEV004631,10165.13
C004632,IT,2025-10-25,New,0,0,641,DEV004632,0.0
C004633,DE,2024-09-18,Returning,6,0,1029,DEV004633,534.81
C004634,US,2025-12-21,New,0,0,487,DEV004634,0.0
C004635,IE,2025-08-04,New,0,0,456,DEV004635,0.0
C004636,ES,2019-01-04,Returning,10,0,2629,DEV004636,1018.21
C004637,IT,2021-09-05,Returning,15,0,2141,DEV004637,1480.54
C004638,NL,2023-03-01,Occasional,1,0,1240,DEV004638,125.63
C004639,DE,2025-03-31,New,0,0,888,DEV004639,0.0
C004640,ES,2025-08-19,New,0,0,618,DEV004640,0.0
C004641,IE,2022-04-12,Occasional,2,0,1970,DEV004641,232.9
C004642,GB,2025-12-26,New,0,0,428,DEV004642,0.0
C004643,ES,2025-10-05,New,2,0,109,DEV004643,181.42
C004644,IE,2023-10-19,Occasional,4,0,1183,DEV004644,294.87
C004645,NL,2025-12-31,New,1,0,589,DEV004645,40.26
C004646,NL,2024-03-23,Occasional,5,0,968,DEV004646,357.52
C004647,IT,2022-02-18,Occasional,2,0,1608,DEV004647,79.42
C004648,GB,2025-03-28,Occasional,1,0,679,DEV004648,146.2
C004649,DE,2025-04-25,New,1,0,567,DEV004649,134.68
C004650,AU,2024-12-11,Occasional,3,0,906,DEV004650,212.36
C004651,NL,2020-11-23,Returning,19,0,2114,DEV004651,1466.07
C004652,GB,2024-06-28,Occasional,6,0,979,DEV004652,202.04
C004653,DE,2022-07-14,Occasional,6,0,1752,DEV004653,477.29
C004654,US,2025-03-19,New,0,0,517,DEV004654,0.0
C004655,NL,2025-09-21,Occasional,3,0,638,DEV004655,82.25
C004656,AU,2025-07-17,Occasional,1,0,578,DEV004656,20.11
C004657,NL,2020-07-17,Returning,23,0,2079,DEV004657,1878.77
C004658,FR,2025-08-31,Occasional,2,0,688,DEV004658,51.91
C004659,US,2025-04-28,New,2,0,884,DEV004659,43.75
C004660,ES,2025-04-12,Occasional,4,0,379,DEV004660,455.77
C004661,FR,2022-11-07,Loyal,93,0,1479,DEV004661,2306.46
C004662,NL,2025-11-21,New,1,0,479,DEV004662,101.0
C004663,NL,2024-09-02,Occasional,1,0,1202,DEV004663,92.19
C004664,IT,2024-05-15,Occasional,2,0,1010,DEV004664,54.83
C004665,CA,2022-01-06,Returning,9,0,1583,DEV004665,275.51
C004666,IT,2020-02-22,Returning,24,0,2179,DEV004666,1101.94
C004667,CA,2024-01-25,Occasional,3,0,711,DEV004667,463.38
C004668,DE,2025-07-03,New,0,0,829,DEV004668,0.0
C004669,GB,2023-05-30,Occasional,3,0,1281,DEV004669,140.97
C004670,IT,2025-01-20,Occasional,2,0,566,DEV004670,159.43
C004671,IE,2023-12-27,Occasional,3,0,792,DEV004671,462.0
C004672,ES,2025-12-27,New,1,0,560,DEV004672,119.0
C004673,IE,2023-08-09,Occasional,6,0,976,DEV004673,510.78
C004674,NL,2025-06-10,New,0,0,613,DEV004674,0.0
C004675,ES,2023-02-04,Loyal,45,0,1482,DEV004675,3596.98
C004676,ES,2021-11-20,Returning,7,0,1516,DEV004676,927.91
C004677,AU,2025-04-18,New,0,0,919,DEV004677,0.0
C004678,AU,2025-02-21,New,1,0,433,DEV004678,43.93
C004679,GB,2025-01-30,New,0,0,953,DEV004679,0.0
C004680,AU,2025-12-23,New,0,0,386,DEV004680,0.0
C004681,DE,2024-04-09,Occasional,3,0,1286,DEV004681,336.03
C004682,NL,2021-07-02,Loyal,32,0,2338,DEV004682,2224.71
C004683,GB,2022-09-26,Occasional,1,0,1839,DEV004683,24.3
C004684,NL,2025-09-21,New,2,0,352,DEV004684,120.52
C004685,IT,2019-06-16,Loyal,87,0,2442,DEV004685,9462.08
C004686,ES,2020-10-07,Returning,22,0,2459,DEV004686,2427.52
C004687,NL,2025-12-13,New,2,0,112,DEV004687,308.77
C004688,IE,2021-03-16,Returning,15,0,2243,DEV004688,1874.03
C004689,GB,2024-11-26,Occasional,5,0,584,DEV004689,698.29
C004690,CA,2024-07-16,Returning,16,0,776,DEV004690,464.49
C004691,DE,2022-10-08,Occasional,2,0,1351,DEV004691,91.53
C004692,AU,2018-09-03,Loyal,50,0,2879,DEV004692,2397.31
C004693,US,2022-05-29,Occasional,6,0,1699,DEV004693,411.9
C004694,AU,2025-09-01,New,1,0,525,DEV004694,113.1
C004695,NL,2023-08-24,Returning,18,0,1523,DEV004695,1377.08
C004696,DE,2021-07-01,Returning,12,0,1834,DEV004696,731.41
C004697,US,2025-12-01,New,2,0,301,DEV004697,162.81
C004698,NL,2022-12-26,Occasional,3,0,1455,DEV004698,79.2
C004699,DE,2025-08-31,New,2,0,448,DEV004699,80.88
C004700,IT,2019-09-01,Returning,23,0,3003,DEV004700,2738.65
C004701,CA,2019-11-23,Loyal,89,0,2492,DEV004701,4104.84
C004702,IE,2022-04-10,Occasional,4,0,1944,DEV004702,111.17
C004703,US,2022-09-19,Occasional,5,0,1259,DEV004703,462.31
C004704,NL,2023-07-08,Returning,10,0,1144,DEV004704,901.62
C004705,GB,2022-08-10,Occasional,4,0,1626,DEV004705,154.45
C004706,CA,2024-11-18,Occasional,4,0,785,DEV004706,348.04
C004707,IT,2024-05-05,Occasional,4,0,1237,DEV004707,84.26
C004708,US,2024-09-09,Occasional,1,0,1022,DEV004708,135.08
C004709,DE,2023-09-24,Returning,14,0,1359,DEV004709,1534.04
C004710,IT,2023-08-14,Returning,10,0,962,DEV004710,675.69
C004711,DE,2022-06-29,Occasional,6,0,1322,DEV004711,695.66
C004712,CA,2025-05-11,New,0,1,521,DEV004712,0.0
C004713,IT,2023-05-24,Occasional,1,0,1493,DEV004713,88.8
C004714,NL,2025-12-01,New,1,0,194,DEV004714,26.84
C004715,AU,2025-05-09,New,0,0,328,DEV004715,0.0
C004716,IT,2025-07-02,New,0,0,553,DEV004716,0.0
C004717,GB,2024-08-12,Occasional,2,0,843,DEV004717,177.18
C004718,DE,2025-04-06,New,0,0,619,DEV004718,0.0
C004719,NL,2023-12-27,Occasional,4,0,1412,DEV004719,345.17
C004720,ES,2023-09-23,Returning,16,0,846,DEV004720,575.79
C004721,AU,2025-11-06,New,2,0,169,DEV004721,345.23
C004722,ES,2022-09-25,Occasional,2,0,1252,DEV004722,180.84
C004723,ES,2020-04-27,Returning,8,0,2498,DEV004723,266.27
C004724,NL,2025-10-27,New,0,0,154,DEV004724,0.0
C004725,AU,2022-02-19,Occasional,6,0,1921,DEV004725,316.39
C004726,NL,2022-10-01,Returning,5,0,1352,DEV004726,389.99
C004727,IE,2022-07-22,Occasional,4,0,1399,DEV004727,360.73
C004728,DE,2021-12-14,Returning,15,0,2155,DEV004728,1433.04
C004729,GB,2019-10-21,Returning,22,0,2622,DEV004729,1013.01
C004730,ES,2024-05-08,Occasional,6,0,656,DEV004730,252.3
C004731,AU,2024-10-06,Occasional,5,0,799,DEV004731,368.65
C004732,CA,2023-07-11,Occasional,5,0,1293,DEV004732,708.52
C004733,DE,2023-04-28,Occasional,3,0,1502,DEV004733,261.39
C004734,FR,2025-06-30,New,0,0,909,DEV004734,0.0
C004735,US,2022-10-08,Returning,9,0,1668,DEV004735,883.66
C004736,IE,2020-10-30,Loyal,26,0,2014,DEV004736,1954.72
C004737,DE,2023-12-22,Returning,24,0,1059,DEV004737,1984.62
C004738,NL,2019-04-12,Loyal,40,0,2858,DEV004738,1688.93
C004739,ES,2023-06-10,Returning,21,0,1298,DEV004739,1084.22
C004740,ES,2023-07-21,Occasional,3,1,1133,DEV004740,294.74
C004741,CA,2023-04-01,Occasional,6,0,1119,DEV004741,703.41
C004742,AU,2025-01-09,New,0,0,1018,DEV004742,0.0
C004743,DE,2025-07-16,Occasional,3,0,369,DEV004743,359.36
C004744,IT,2022-03-07,Occasional,4,0,1813,DEV004744,107.08
C004745,FR,2025-09-06,New,2,0,202,DEV004745,67.59
C004746,IE,2023-02-02,Occasional,2,0,1067,DEV004746,49.45
C004747,AU,2025-12-21,New,0,0,320,DEV004747,0.0
C004748,US,2025-07-31,Occasional,1,0,804,DEV004748,49.67
C004749,DE,2025-02-12,New,2,0,437,DEV004749,88.67
C004750,ES,2025-03-06,Occasional,2,0,570,DEV004750,232.63
C004751,US,2023-11-26,Loyal,34,0,1402,DEV004751,2776.32
C004752,IE,2025-03-05,Occasional,2,0,929,DEV004752,96.22
C004753,AU,2025-01-15,New,1,0,353,DEV004753,104.93
C004754,FR,2020-07-16,Loyal,50,0,2475,DEV004754,3357.93
C004755,DE,2023-08-09,Returning,11,0,1140,DEV004755,651.68
C004756,ES,2025-01-27,New,1,0,774,DEV004756,103.28
C004757,DE,2024-01-06,Occasional,4,0,910,DEV004757,188.24
C004758,AU,2023-07-26,Returning,11,0,1595,DEV004758,1113.23
C004759,ES,2019-09-21,Returning,12,0,2522,DEV004759,743.03
C004760,AU,2025-03-28,New,0,0,716,DEV004760,0.0
C004761,GB,2025-09-14,New,2,0,283,DEV004761,71.82
C004762,US,2022-09-18,Occasional,6,0,1420,DEV004762,689.86
C004763,FR,2025-02-05,New,1,0,568,DEV004763,166.14
C004764,ES,2024-07-24,Returning,12,0,752,DEV004764,1196.14
C004765,IT,2020-09-16,Returning,19,0,2460,DEV004765,1398.89
C004766,GB,2022-11-22,Occasional,4,0,1188,DEV004766,585.49
C004767,IE,2025-05-30,New,0,0,624,DEV004767,0.0
C004768,CA,2022-02-01,Occasional,5,0,1651,DEV004768,96.43
C004769,CA,2025-11-12,New,0,0,195,DEV004769,0.0
C004770,ES,2025-01-16,New,1,0,776,DEV004770,115.5
C004771,IE,2025-05-10,New,0,0,909,DEV004771,0.0
C004772,DE,2021-09-19,Returning,9,0,1952,DEV004772,499.3
C004773,CA,2025-11-18,New,0,0,476,DEV004773,0.0
C004774,IT,2025-10-03,New,0,1,164,DEV004774,0.0
C004775,CA,2025-06-26,Occasional,4,0,893,DEV004775,283.1
C004776,AU,2022-08-27,Occasional,3,0,1307,DEV004776,229.45
C004777,ES,2025-08-11,New,1,0,267,DEV004777,146.01
C004778,CA,2025-11-07,New,2,0,170,DEV004778,132.64
C004779,US,2025-06-03,Occasional,5,0,901,DEV004779,144.41
C004780,ES,2025-02-13,Occasional,4,0,625,DEV004780,158.06
C004781,NL,2021-12-07,Returning,18,0,1714,DEV004781,2529.23
C004782,GB,2023-04-07,Occasional,1,0,1506,DEV004782,107.9
C004783,DE,2019-12-14,Returning,17,0,2892,DEV004783,1137.21
C004784,NL,2025-02-14,New,1,0,510,DEV004784,102.92
C004785,FR,2025-04-12,Occasional,4,0,366,DEV004785,315.93
C004786,US,2025-08-24,Occasional,2,0,225,DEV004786,266.81
C004787,NL,2025-12-03,New,2,0,669,DEV004787,175.04
C004788,AU,2023-02-13,Returning,16,0,1434,DEV004788,895.86
C004789,NL,2022-04-25,Occasional,5,0,1346,DEV004789,173.75
C004790,IT,2025-06-28,New,1,0,743,DEV004790,164.12
C004791,NL,2019-03-07,Returning,12,0,3151,DEV004791,583.06
C004792,ES,2023-03-31,Returning,11,0,1723,DEV004792,1754.42
C004793,GB,2022-05-16,Occasional,3,0,1357,DEV004793,385.21
C004794,IT,2024-07-03,Occasional,1,0,592,DEV004794,56.2
C004795,AU,2023-01-05,Occasional,4,0,1298,DEV004795,252.6
C004796,IE,2023-09-15,Returning,10,0,1013,DEV004796,556.83
C004797,NL,2025-01-07,New,2,0,939,DEV004797,221.78
C004798,ES,2019-11-07,Returning,19,0,2697,DEV004798,476.2
C004799,CA,2018-11-17,Loyal,38,0,2983,DEV004799,3156.91
C004800,ES,2023-04-18,Occasional,2,0,991,DEV004800,149.02
C004801,GB,2023-01-26,Returning,17,0,1719,DEV004801,904.04
C004802,FR,2020-12-17,Returning,13,0,2206,DEV004802,346.26
C004803,US,2017-08-08,Loyal,57,0,3569,DEV004803,1202.68
C004804,GB,2021-03-22,Returning,17,0,1926,DEV004804,1210.92
C004805,NL,2024-05-10,Occasional,3,0,1302,DEV004805,276.46
C004806,AU,2025-06-29,New,2,0,261,DEV004806,49.16
C004807,NL,2023-01-29,Returning,17,0,1116,DEV004807,1400.13
C004808,AU,2025-08-10,New,2,0,270,DEV004808,148.12
C004809,US,2025-07-04,New,1,0,526,DEV004809,121.62
C004810,AU,2025-12-10,New,0,0,258,DEV004810,0.0
C004811,FR,2025-01-13,Occasional,1,0,810,DEV004811,147.27
C004812,GB,2022-02-20,Occasional,6,0,1859,DEV004812,186.2
C004813,DE,2021-04-01,Returning,15,0,2410,DEV004813,1323.58
C004814,GB,2025-12-26,New,1,0,630,DEV004814,103.41
C004815,IT,2025-10-29,New,2,0,514,DEV004815,58.73
C004816,CA,2025-04-04,New,2,0,889,DEV004816,110.28
C004817,CA,2022-03-25,Occasional,4,0,1603,DEV004817,498.87
C004818,CA,2024-04-27,Occasional,2,0,998,DEV004818,214.64
C004819,US,2023-09-23,Returning,23,0,1248,DEV004819,1788.02
C004820,ES,2025-02-06,New,0,0,639,DEV004820,0.0
C004821,US,2024-03-04,Occasional,4,0,1359,DEV004821,336.35
C004822,NL,2025-09-24,New,0,0,639,DEV004822,0.0
C004823,FR,2023-06-09,Occasional,4,0,949,DEV004823,436.06
C004824,GB,2024-01-24,Returning,12,0,1143,DEV004824,826.9
C004825,US,2024-10-16,Occasional,3,0,1170,DEV004825,349.25
C004826,NL,2022-08-19,Occasional,3,0,1913,DEV004826,384.46
C004827,AU,2020-09-16,Returning,24,0,2547,DEV004827,512.06
C004828,IE,2019-05-31,Returning,10,0,2729,DEV004828,448.78
C004829,IE,2021-03-12,Returning,10,0,2231,DEV004829,593.21
C004830,ES,2021-07-20,Returning,6,0,2004,DEV004830,185.28
C004831,IT,2022-11-21,Occasional,1,0,1502,DEV004831,68.28
C004832,AU,2025-09-16,New,2,0,305,DEV004832,175.33
C004833,CA,2024-11-02,Returning,20,0,729,DEV004833,1406.67
C004834,CA,2023-07-28,Occasional,6,0,1381,DEV004834,768.27
C004835,ES,2022-02-21,Occasional,4,0,1764,DEV004835,204.98
C004836,ES,2025-03-20,New,0,0,508,DEV004836,0.0
C004837,IT,2022-04-18,Occasional,6,0,1690,DEV004837,273.35
C004838,ES,2023-07-15,Occasional,4,0,1093,DEV004838,356.5
C004839,CA,2020-08-13,Returning,13,0,2474,DEV004839,281.44
C004840,IE,2025-02-23,New,2,1,816,DEV004840,248.61
C004841,IT,2025-12-08,New,1,0,380,DEV004841,50.47
C004842,IE,2024-07-06,Returning,7,0,627,DEV004842,291.57
C004843,CA,2024-10-04,Occasional,6,0,491,DEV004843,324.69
C004844,NL,2025-05-20,New,1,0,792,DEV004844,101.95
C004845,CA,2021-10-22,Returning,11,0,1926,DEV004845,1407.55
C004846,FR,2025-07-27,New,2,0,312,DEV004846,37.83
C004847,IT,2023-03-24,Occasional,5,0,1618,DEV004847,238.96
C004848,US,2019-11-14,Loyal,60,0,2425,DEV004848,3763.82
C004849,FR,2024-06-19,Occasional,2,0,1267,DEV004849,143.5
C004850,ES,2023-05-24,Occasional,3,0,1529,DEV004850,346.48
C004851,US,2025-05-28,New,0,0,801,DEV004851,0.0
C004852,GB,2023-07-04,Loyal,82,2,922,DEV004852,8245.36
C004853,FR,2025-08-12,Occasional,3,0,514,DEV004853,130.12
C004854,IT,2023-09-18,Occasional,2,0,901,DEV004854,204.89
C004855,US,2022-11-24,Returning,15,0,1685,DEV004855,893.6
C004856,AU,2024-12-16,Occasional,6,0,767,DEV004856,377.59
C004857,FR,2025-09-17,New,0,0,207,DEV004857,0.0
C004858,AU,2025-07-18,New,2,0,892,DEV004858,105.26
C004859,US,2025-11-29,New,1,0,736,DEV004859,105.04
C004860,NL,2022-04-02,Returning,17,0,1879,DEV004860,524.47
C004861,IE,2018-10-10,Loyal,61,0,2948,DEV004861,6422.24
C004862,NL,2025-10-27,New,1,0,602,DEV004862,19.04
C004863,IT,2025-04-08,New,1,0,309,DEV004863,110.49
C004864,IT,2023-11-22,Returning,20,0,1012,DEV004864,1577.91
C004865,NL,2024-09-18,Occasional,2,0,1079,DEV004865,96.45
C004866,DE,2024-11-06,Occasional,5,0,674,DEV004866,275.5
C004867,CA,2022-02-24,Occasional,5,0,1958,DEV004867,261.58
C004868,DE,2024-10-12,Returning,9,0,1157,DEV004868,850.79
C004869,GB,2023-02-27,Occasional,5,0,1337,DEV004869,154.85
C004870,US,2023-03-12,Occasional,2,0,1054,DEV004870,288.73
C004871,GB,2019-04-04,Returning,7,0,2989,DEV004871,765.2
C004872,AU,2019-12-30,Returning,5,0,2311,DEV004872,160.45
C004873,FR,2025-12-29,New,2,0,238,DEV004873,136.69
C004874,CA,2023-03-08,Occasional,2,0,1278,DEV004874,106.01
C004875,AU,2025-12-07,New,2,0,371,DEV004875,74.87
C004876,ES,2023-01-19,Occasional,4,0,1245,DEV004876,427.04
C004877,CA,2022-10-19,Occasional,4,0,1568,DEV004877,79.44
C004878,ES,2025-11-14,New,2,0,329,DEV004878,73.89
C004879,IE,2025-08-13,New,2,0,795,DEV004879,342.33
C004880,US,2022-03-19,Occasional,5,0,1621,DEV004880,444.64
C004881,FR,2024-10-31,Occasional,3,0,750,DEV004881,95.9
C004882,US,2019-05-03,Returning,16,0,2441,DEV004882,692.43
C004883,GB,2025-05-11,Occasional,5,0,786,DEV004883,282.39
C004884,ES,2025-03-13,New,0,0,616,DEV004884,0.0
C004885,GB,2022-05-22,Occasional,6,0,1854,DEV004885,658.85
C004886,FR,2021-04-04,Returning,10,0,1760,DEV004886,904.22
C004887,ES,2023-02-09,Returning,16,0,1727,DEV004887,2263.21
C004888,NL,2023-05-25,Occasional,6,0,988,DEV004888,217.12
C004889,GB,2019-04-19,Returning,14,0,2906,DEV004889,619.23
C004890,CA,2025-08-18,New,0,0,629,DEV004890,0.0
C004891,DE,2022-09-13,Occasional,6,0,1889,DEV004891,529.51
C004892,US,2025-09-14,Occasional,5,0,242,DEV004892,378.65
C004893,NL,2025-03-11,New,2,0,1006,DEV004893,234.59
C004894,AU,2024-05-23,Occasional,5,0,1177,DEV004894,294.79
C004895,FR,2022-04-07,Occasional,4,0,2060,DEV004895,387.07
C004896,GB,2025-07-19,New,1,0,280,DEV004896,107.54
C004897,FR,2023-03-22,Occasional,6,0,1294,DEV004897,877.86
C004898,AU,2022-12-05,Returning,23,0,1244,DEV004898,1421.71
C004899,ES,2025-03-20,Occasional,1,0,903,DEV004899,42.18
C004900,AU,2024-06-15,Occasional,4,0,752,DEV004900,452.91
C004901,FR,2025-10-30,New,1,0,733,DEV004901,102.23
C004902,ES,2023-04-05,Occasional,4,0,1303,DEV004902,367.15
C004903,CA,2023-03-13,Returning,13,0,1685,DEV004903,1330.19
C004904,GB,2022-06-11,Occasional,6,0,1598,DEV004904,827.74
C004905,CA,2025-05-14,New,1,0,700,DEV004905,116.19
C004906,FR,2024-07-01,Occasional,6,0,580,DEV004906,455.72
C004907,AU,2025-08-08,New,2,1,292,DEV004907,139.43
C004908,GB,2024-08-22,Returning,14,0,720,DEV004908,605.11
C004909,FR,2025-07-06,New,0,0,444,DEV004909,0.0
C004910,US,2023-06-21,Occasional,5,0,1330,DEV004910,300.65
C004911,GB,2023-09-05,Occasional,2,0,1167,DEV004911,152.18
C004912,IT,2025-12-28,New,2,0,342,DEV004912,196.33
C004913,US,2024-12-07,Occasional,4,1,921,DEV004913,153.71
C004914,ES,2023-07-13,Returning,13,0,1135,DEV004914,1453.06
C004915,IE,2024-12-13,Returning,17,0,412,DEV004915,1970.78
C004916,DE,2025-05-24,New,2,0,271,DEV004916,96.62
C004917,ES,2025-06-19,New,1,0,727,DEV004917,105.02
C004918,CA,2023-06-07,Returning,10,0,1153,DEV004918,866.79
C004919,IE,2025-07-26,Occasional,3,0,205,DEV004919,410.44
C004920,ES,2023-07-18,Occasional,1,0,1556,DEV004920,62.67
C004921,IT,2023-12-01,Occasional,1,0,840,DEV004921,67.02
C004922,GB,2023-01-16,Returning,10,0,1391,DEV004922,534.61
C004923,FR,2025-11-20,New,2,0,296,DEV004923,270.93
C004924,DE,2025-08-29,Occasional,2,0,247,DEV004924,42.8
C004925,CA,2018-10-03,Loyal,78,0,3203,DEV004925,6021.67
C004926,IE,2022-05-21,Loyal,89,0,1891,DEV004926,7188.15
C004927,IT,2021-09-17,Returning,10,0,2278,DEV004927,1246.55
C004928,US,2020-12-28,Returning,18,0,2088,DEV004928,437.77
C004929,DE,2025-03-13,New,2,0,971,DEV004929,196.37
C004930,GB,2025-02-24,New,0,0,639,DEV004930,0.0
C004931,GB,2025-09-03,New,0,0,459,DEV004931,0.0
C004932,IT,2025-05-21,New,2,0,874,DEV004932,136.14
C004933,IE,2023-03-12,Returning,16,0,1360,DEV004933,1513.97
C004934,IT,2025-05-30,New,1,0,228,DEV004934,61.36
C004935,AU,2021-12-27,Loyal,70,1,1618,DEV004935,4521.26
C004936,DE,2024-08-10,Occasional,2,0,773,DEV004936,184.78
C004937,IT,2020-11-14,Returning,20,0,2019,DEV004937,1361.74
C004938,ES,2025-02-02,Occasional,4,0,366,DEV004938,425.26
C004939,DE,2022-10-22,Returning,16,0,1557,DEV004939,1970.99
C004940,ES,2022-11-02,Returning,16,0,1774,DEV004940,1849.31
C004941,NL,2020-01-12,Returning,10,0,2877,DEV004941,987.73
C004942,AU,2022-05-29,Occasional,3,0,1778,DEV004942,221.72
C004943,US,2022-02-18,Returning,24,0,2094,DEV004943,3150.03
C004944,CA,2025-10-27,New,0,0,240,DEV004944,0.0
C004945,FR,2025-03-26,New,1,0,685,DEV004945,54.17
C004946,IE,2023-12-30,Occasional,4,0,795,DEV004946,563.66
C004947,IE,2025-08-06,Occasional,1,0,475,DEV004947,34.39
C004948,NL,2022-09-02,Returning,5,0,1551,DEV004948,431.26
C004949,IE,2023-05-26,Occasional,1,0,1028,DEV004949,89.32
C004950,NL,2023-04-02,Occasional,2,0,1425,DEV004950,70.71
C004951,IE,2025-04-09,Occasional,6,0,461,DEV004951,641.53
C004952,AU,2023-03-29,Occasional,2,0,1522,DEV004952,277.36
C004953,US,2024-01-21,Occasional,6,0,1381,DEV004953,826.24
C004954,FR,2019-10-14,Returning,24,0,2737,DEV004954,778.6
C004955,FR,2024-12-21,Occasional,5,0,871,DEV004955,366.38
C004956,DE,2023-11-16,Occasional,1,0,1365,DEV004956,155.38
C004957,US,2022-08-22,Returning,13,0,1603,DEV004957,1060.49
C004958,GB,2020-11-12,Returning,11,0,2605,DEV004958,1326.4
C004959,GB,2024-10-17,Occasional,1,0,798,DEV004959,155.3
C004960,IT,2024-07-24,Occasional,6,0,785,DEV004960,754.78
C004961,DE,2025-07-27,New,0,0,410,DEV004961,0.0
C004962,CA,2022-05-21,Returning,12,0,1647,DEV004962,1678.58
C004963,IE,2023-05-27,Occasional,2,0,966,DEV004963,78.11
C004964,GB,2025-08-25,New,0,0,227,DEV004964,0.0
C004965,IT,2025-06-10,Occasional,2,0,821,DEV004965,59.8
C004966,IT,2023-09-12,Occasional,1,0,1029,DEV004966,104.85
C004967,GB,2025-11-21,New,2,0,614,DEV004967,331.58
C004968,ES,2023-04-09,Returning,17,0,1311,DEV004968,385.37
C004969,NL,2019-05-03,Returning,19,0,2573,DEV004969,827.6
C004970,NL,2025-08-27,Occasional,1,0,775,DEV004970,137.74
C004971,AU,2020-12-28,Returning,10,0,1933,DEV004971,672.29
C004972,FR,2025-03-08,New,0,0,497,DEV004972,0.0
C004973,GB,2024-01-01,Occasional,1,0,978,DEV004973,30.11
C004974,GB,2025-01-05,New,2,0,822,DEV004974,159.8
C004975,FR,2019-08-05,Loyal,73,1,2821,DEV004975,10706.46
C004976,NL,2025-08-19,Occasional,6,0,219,DEV004976,660.07
C004977,FR,2024-12-25,Occasional,5,0,774,DEV004977,239.39
C004978,US,2019-02-15,Returning,16,0,2841,DEV004978,776.07
C004979,DE,2025-05-31,New,0,0,754,DEV004979,0.0
C004980,US,2023-01-09,Occasional,6,0,1445,DEV004980,377.35
C004981,IE,2024-12-12,Returning,7,0,887,DEV004981,366.37
C004982,ES,2020-08-18,Returning,11,0,1988,DEV004982,1122.21
C004983,US,2024-02-27,Occasional,2,0,756,DEV004983,199.91
C004984,IT,2024-07-19,Returning,11,0,796,DEV004984,1070.95
C004985,FR,2023-02-04,Occasional,5,0,1620,DEV004985,508.42
C004986,IE,2020-09-08,Returning,21,0,2453,DEV004986,1622.05
C004987,GB,2022-07-08,Occasional,6,0,1736,DEV004987,198.06
C004988,CA,2023-12-13,Returning,11,0,874,DEV004988,859.18
C004989,AU,2025-03-24,Occasional,1,0,920,DEV004989,121.76
C004990,US,2025-12-03,New,0,0,487,DEV004990,0.0
C004991,AU,2019-03-16,Returning,19,0,3034,DEV004991,1336.0
C004992,NL,2020-11-04,Returning,23,0,1925,DEV004992,1050.16
C004993,NL,2020-11-09,Returning,17,0,2044,DEV004993,1657.99
C004994,GB,2019-10-16,Returning,10,0,2939,DEV004994,1095.12
C004995,FR,2025-07-13,New,1,0,895,DEV004995,61.06
C004996,GB,2023-06-13,Occasional,2,0,1527,DEV004996,200.73
C004997,IT,2022-08-30,Occasional,1,0,1914,DEV004997,89.6
C004998,IE,2025-03-14,Occasional,1,0,521,DEV004998,68.55
C004999,DE,2023-07-04,Occasional,3,0,974,DEV004999,302.42
C005000,CA,2025-08-22,New,0,0,826,DEV005000,0.0
C005001,DE,2024-07-16,Returning,22,0,1056,DEV005001,2154.19
C005002,AU,2021-09-12,Returning,12,0,2195,DEV005002,1549.56
C005003,GB,2025-10-12,New,2,0,771,DEV005003,114.54
C005004,IT,2023-03-04,Returning,5,0,1551,DEV005004,250.81
C005005,NL,2023-11-05,Returning,18,0,1324,DEV005005,768.18
C005006,IE,2023-12-19,Occasional,6,0,1380,DEV005006,531.25
C005007,DE,2023-07-21,Loyal,31,0,1137,DEV005007,1343.79
C005008,IT,2019-11-03,Returning,5,0,2444,DEV005008,663.82
C005009,US,2025-04-15,New,0,0,591,DEV005009,0.0
C005010,DE,2023-06-25,Occasional,6,0,1509,DEV005010,843.65
C005011,CA,2025-05-02,Occasional,2,0,250,DEV005011,210.33
C005012,IT,2025-10-23,New,1,0,553,DEV005012,81.34
C005013,FR,2022-05-14,Returning,24,0,1654,DEV005013,3630.54
C005014,US,2025-04-05,New,1,0,365,DEV005014,25.65
C005015,AU,2021-06-07,Returning,13,0,2304,DEV005015,353.84
C005016,NL,2024-07-26,Occasional,2,0,605,DEV005016,344.29
C005017,DE,2024-03-05,Returning,21,0,749,DEV005017,2250.43
C005018,GB,2025-05-30,New,1,0,829,DEV005018,32.06
C005019,ES,2024-05-02,Occasional,1,0,878,DEV005019,132.61
C005020,CA,2023-04-27,Occasional,3,0,1544,DEV005020,200.82
C005021,IE,2022-04-02,Occasional,6,0,1499,DEV005021,433.31
C005022,US,2025-08-06,New,0,0,178,DEV005022,0.0
C005023,CA,2025-04-15,New,0,0,912,DEV005023,0.0
C005024,IT,2025-09-28,Occasional,1,0,136,DEV005024,31.26
C005025,NL,2018-11-13,Loyal,70,0,3222,DEV005025,9553.77
C005026,IT,2024-01-10,Occasional,6,0,985,DEV005026,720.84
C005027,DE,2022-11-09,Occasional,2,0,1239,DEV005027,268.9
C005028,DE,2020-04-07,Returning,22,0,2316,DEV005028,1314.66
C005029,AU,2024-07-22,Occasional,5,1,829,DEV005029,367.51
C005030,AU,2023-03-02,Occasional,5,1,1606,DEV005030,688.95
C005031,US,2022-09-22,Occasional,3,0,1703,DEV005031,173.26
C005032,NL,2022-12-29,Occasional,1,0,1694,DEV005032,103.24
C005033,GB,2021-10-29,Returning,8,0,2145,DEV005033,692.02
C005034,AU,2022-11-17,Occasional,6,0,1804,DEV005034,234.09
C005035,IT,2021-12-07,Returning,23,0,1980,DEV005035,1942.66
C005036,US,2023-10-16,Returning,19,0,1378,DEV005036,1544.37
C005037,GB,2024-08-12,Occasional,1,0,675,DEV005037,52.36
C005038,CA,2025-02-16,New,0,0,541,DEV005038,0.0
C005039,FR,2025-08-10,Occasional,5,0,384,DEV005039,546.73
C005040,ES,2025-06-28,New,2,0,425,DEV005040,126.5
C005041,IT,2025-12-02,New,0,0,601,DEV005041,0.0
C005042,DE,2025-03-01,New,2,0,312,DEV005042,238.45
C005043,FR,2024-12-06,Returning,9,0,775,DEV005043,1342.32
C005044,DE,2023-12-28,Occasional,3,0,1293,DEV005044,195.28
C005045,IE,2020-12-26,Loyal,28,0,1944,DEV005045,2249.85
C005046,IT,2025-11-29,New,1,0,79,DEV005046,141.22
C005047,US,2022-07-25,Occasional,2,0,1535,DEV005047,248.06
C005048,IE,2017-08-10,Loyal,22,0,3692,DEV005048,1922.09
C005049,ES,2025-08-06,Occasional,4,0,629,DEV005049,656.05
C005050,IT,2022-10-23,Occasional,4,0,1257,DEV005050,240.04
C005051,FR,2021-11-15,Loyal,93,0,1508,DEV005051,10535.75
C005052,US,2024-02-14,Occasional,1,0,1186,DEV005052,42.42
C005053,GB,2022-09-04,Loyal,62,0,1375,DEV005053,4294.29
C005054,ES,2018-05-09,Loyal,64,0,2862,DEV005054,6686.96
C005055,DE,2023-05-23,Occasional,4,0,1176,DEV005055,537.26
C005056,DE,2023-09-15,Returning,8,0,1549,DEV005056,825.15
C005057,CA,2022-10-28,Occasional,2,0,1160,DEV005057,85.59
C005058,CA,2025-10-15,New,0,0,320,DEV005058,0.0
C005059,NL,2023-04-10,Returning,16,0,1041,DEV005059,2257.6
C005060,AU,2022-08-25,Returning,24,0,1772,DEV005060,3061.22
C005061,CA,2024-05-26,Occasional,2,0,624,DEV005061,144.68
C005062,NL,2025-09-23,New,0,0,134,DEV005062,0.0
C005063,DE,2025-04-04,New,2,0,376,DEV005063,92.01
C005064,CA,2020-03-06,Returning,18,0,2650,DEV005064,405.5
C005065,DE,2025-04-04,New,1,0,678,DEV005065,26.04
C005066,IE,2023-12-30,Returning,20,0,1024,DEV005066,3581.35
C005067,CA,2020-03-26,Loyal,85,0,2336,DEV005067,6443.48
C005068,DE,2025-11-19,New,1,0,700,DEV005068,57.7
C005069,US,2022-09-12,Occasional,6,0,1437,DEV005069,505.43
C005070,IT,2023-11-25,Occasional,4,0,838,DEV005070,292.13
C005071,US,2023-02-17,Occasional,5,0,1606,DEV005071,643.88
C005072,IE,2024-12-20,Occasional,1,0,731,DEV005072,48.03
C005073,GB,2022-02-14,Occasional,1,0,1999,DEV005073,51.38
C005074,AU,2025-01-02,New,0,0,549,DEV005074,0.0
C005075,ES,2025-03-26,New,2,0,481,DEV005075,57.2
C005076,DE,2023-04-21,Occasional,6,0,1397,DEV005076,683.61
C005077,FR,2020-02-10,Returning,18,0,2675,DEV005077,1773.75
C005078,GB,2022-12-11,Occasional,6,0,1842,DEV005078,605.95
C005079,DE,2019-12-26,Returning,20,0,2274,DEV005079,1816.95
C005080,IE,2023-07-06,Returning,18,0,1101,DEV005080,1733.71
C005081,IE,2024-12-08,Occasional,3,0,1067,DEV005081,292.61
C005082,DE,2020-11-01,Loyal,54,0,2510,DEV005082,5134.35
C005083,FR,2025-05-20,New,1,0,388,DEV005083,19.72
C005084,FR,2025-04-08,New,0,0,606,DEV005084,0.0
C005085,US,2024-07-06,Returning,10,0,732,DEV005085,788.65
C005086,DE,2025-08-07,New,0,0,258,DEV005086,0.0
C005087,NL,2022-08-15,Occasional,6,0,1275,DEV005087,515.78
C005088,ES,2024-10-17,Occasional,2,0,1083,DEV005088,227.51
C005089,IT,2019-09-27,Returning,10,0,2841,DEV005089,935.1
C005090,ES,2025-06-18,New,0,0,376,DEV005090,0.0
C005091,GB,2019-11-27,Loyal,38,0,2892,DEV005091,3237.83
C005092,US,2022-04-08,Occasional,1,0,1862,DEV005092,22.08
C005093,GB,2025-09-21,New,2,0,260,DEV005093,230.71
C005094,ES,2025-10-08,New,2,0,789,DEV005094,195.05
C005095,GB,2022-09-20,Occasional,2,0,1887,DEV005095,93.93
C005096,AU,2019-12-08,Returning,19,0,2318,DEV005096,2834.87
C005097,US,2021-12-22,Returning,18,0,2030,DEV005097,2445.39
C005098,ES,2025-01-05,Occasional,1,0,826,DEV005098,113.87
C005099,GB,2024-12-10,Occasional,3,0,867,DEV005099,402.24
C005100,ES,2025-08-13,New,2,0,564,DEV005100,210.36
C005101,CA,2024-08-06,Returning,7,0,932,DEV005101,799.97
C005102,FR,2017-05-14,Loyal,39,0,3209,DEV005102,1757.32
C005103,NL,2019-04-03,Returning,11,0,2676,DEV005103,959.76
C005104,US,2025-12-28,New,2,0,726,DEV005104,82.56
C005105,IE,2022-10-20,Loyal,45,0,1574,DEV005105,2797.15
C005106,US,2018-08-16,Loyal,93,0,2852,DEV005106,15892.89
C005107,IT,2023-02-05,Occasional,2,0,1439,DEV005107,112.98
C005108,NL,2022-09-04,Returning,8,0,1898,DEV005108,745.53
C005109,CA,2025-10-30,New,0,0,692,DEV005109,0.0
C005110,IE,2022-06-17,Occasional,6,0,1840,DEV005110,763.89
C005111,DE,2021-09-05,Returning,10,0,1802,DEV005111,642.32
C005112,GB,2025-04-29,New,1,0,315,DEV005112,90.8
C005113,DE,2025-02-27,New,2,0,395,DEV005113,289.7
C005114,GB,2025-02-15,New,0,0,950,DEV005114,0.0
C005115,ES,2025-05-31,New,1,0,422,DEV005115,108.62
C005116,US,2022-12-23,Returning,19,1,1747,DEV005116,1126.68
C005117,GB,2025-08-24,New,0,0,786,DEV005117,0.0
C005118,ES,2025-09-25,Occasional,3,0,349,DEV005118,335.05
C005119,GB,2022-09-04,Occasional,5,0,1245,DEV005119,848.27
C005120,GB,2025-08-15,New,2,0,419,DEV005120,121.41
C005121,DE,2025-08-23,Occasional,3,0,554,DEV005121,171.28
C005122,IE,2020-03-11,Returning,8,0,2766,DEV005122,611.04
C005123,DE,2024-03-01,Occasional,5,0,836,DEV005123,252.49
C005124,DE,2021-02-02,Loyal,81,0,2067,DEV005124,5063.86
C005125,IE,2024-08-25,Occasional,3,0,533,DEV005125,269.69
C005126,CA,2025-12-08,New,1,0,150,DEV005126,118.11
C005127,ES,2025-05-21,New,0,0,759,DEV005127,0.0
C005128,ES,2020-06-11,Returning,10,0,2671,DEV005128,956.43
C005129,DE,2023-01-06,Occasional,4,0,1266,DEV005129,369.63
C005130,NL,2025-06-17,Occasional,5,0,205,DEV005130,469.96
C005131,US,2022-11-01,Loyal,33,0,1223,DEV005131,3416.6
C005132,ES,2025-10-08,New,0,0,116,DEV005132,0.0
C005133,CA,2022-04-16,Occasional,1,0,1966,DEV005133,25.22
C005134,IE,2023-09-20,Loyal,23,0,883,DEV005134,2472.42
C005135,US,2023-08-17,Loyal,28,0,1070,DEV005135,2227.32
C005136,NL,2024-09-15,Occasional,5,0,1040,DEV005136,643.26
C005137,DE,2024-07-08,Occasional,6,0,644,DEV005137,548.54
C005138,ES,2025-08-18,New,0,0,561,DEV005138,0.0
C005139,GB,2025-02-13,New,2,0,413,DEV005139,197.58
C005140,IE,2021-04-23,Returning,7,0,1864,DEV005140,841.77
C005141,IT,2021-06-03,Loyal,77,0,2110,DEV005141,1772.92
C005142,IE,2021-02-04,Returning,8,0,2209,DEV005142,789.94
C005143,NL,2022-10-21,Occasional,6,0,1520,DEV005143,364.37
C005144,FR,2025-07-15,New,1,0,380,DEV005144,39.75
C005145,IE,2022-05-03,Occasional,3,0,2000,DEV005145,226.59
C005146,ES,2022-11-17,Occasional,4,0,1573,DEV005146,383.18
C005147,AU,2017-07-09,Loyal,49,0,3433,DEV005147,5886.34
C005148,ES,2025-06-07,New,2,0,224,DEV005148,230.22
C005149,US,2020-01-28,Loyal,32,0,2872,DEV005149,1196.11
C005150,IT,2022-04-25,Returning,10,0,1473,DEV005150,1341.85
C005151,IE,2022-09-16,Occasional,2,0,1732,DEV005151,157.59
C005152,AU,2022-05-17,Returning,12,0,1728,DEV005152,1632.18
C005153,ES,2019-04-10,Loyal,57,0,3004,DEV005153,3657.2
C005154,ES,2022-05-10,Occasional,5,0,1497,DEV005154,461.19
C005155,AU,2023-09-03,Loyal,31,0,1290,DEV005155,5443.52
C005156,IE,2023-02-06,Returning,14,0,1129,DEV005156,665.7
C005157,GB,2021-10-05,Returning,24,0,2024,DEV005157,2846.31
C005158,GB,2018-03-06,Loyal,75,0,3246,DEV005158,7051.28
C005159,NL,2023-11-10,Returning,20,0,1193,DEV005159,2127.72
C005160,AU,2024-10-12,Occasional,1,0,513,DEV005160,140.3
C005161,US,2024-03-28,Returning,15,0,1231,DEV005161,1246.66
C005162,IT,2024-08-08,Returning,20,0,762,DEV005162,696.18
C005163,IT,2020-03-30,Returning,15,0,2305,DEV005163,1072.43
C005164,IT,2022-07-29,Occasional,3,0,1904,DEV005164,473.65
C005165,FR,2025-02-09,New,0,0,833,DEV005165,0.0
C005166,FR,2025-10-18,New,2,0,424,DEV005166,70.16
C005167,FR,2023-08-19,Occasional,2,0,1518,DEV005167,221.42
C005168,IT,2023-08-16,Occasional,3,0,1500,DEV005168,443.36
C005169,AU,2023-09-21,Returning,13,0,915,DEV005169,1408.39
C005170,NL,2025-03-01,New,0,0,549,DEV005170,0.0
C005171,US,2024-03-28,Occasional,6,0,1050,DEV005171,856.4
C005172,DE,2022-08-24,Occasional,6,0,1363,DEV005172,779.16
C005173,CA,2021-09-07,Returning,20,0,2117,DEV005173,1462.57
C005174,GB,2022-04-23,Occasional,6,0,1761,DEV005174,653.12
C005175,GB,2025-10-21,New,0,0,753,DEV005175,0.0
C005176,ES,2025-06-05,Occasional,2,0,712,DEV005176,325.09
C005177,ES,2025-09-26,New,2,0,402,DEV005177,215.59
C005178,FR,2025-10-30,New,1,0,63,DEV005178,80.33
C005179,NL,2024-03-18,Returning,18,0,766,DEV005179,1270.08
C005180,CA,2021-08-18,Returning,16,0,2290,DEV005180,2070.95
C005181,DE,2023-01-04,Returning,9,0,1109,DEV005181,614.22
C005182,NL,2022-11-12,Returning,18,0,1626,DEV005182,975.61
C005183,IT,2024-08-14,Returning,15,0,759,DEV005183,1006.86
C005184,IE,2023-07-25,Occasional,4,0,953,DEV005184,299.21
C005185,AU,2025-08-13,New,1,0,193,DEV005185,175.95
C005186,AU,2020-04-07,Returning,17,0,2663,DEV005186,619.85
C005187,AU,2022-10-25,Occasional,3,0,1261,DEV005187,336.61
C005188,ES,2022-02-19,Occasional,5,0,1487,DEV005188,409.01
C005189,IT,2022-01-13,Returning,9,0,1495,DEV005189,342.64
C005190,DE,2023-02-20,Occasional,5,0,1141,DEV005190,416.26
C005191,GB,2024-07-13,Occasional,6,0,925,DEV005191,251.33
C005192,ES,2025-07-22,New,0,0,707,DEV005192,0.0
C005193,IT,2022-04-01,Returning,9,0,1388,DEV005193,947.41
C005194,FR,2025-02-08,Occasional,2,0,824,DEV005194,225.68
C005195,NL,2023-04-29,Occasional,5,0,1501,DEV005195,137.96
C005196,DE,2020-03-21,Returning,19,0,2271,DEV005196,573.92
C005197,NL,2024-11-13,Occasional,2,0,973,DEV005197,222.14
C005198,CA,2020-01-21,Loyal,89,0,2687,DEV005198,10831.33
C005199,ES,2024-01-25,Returning,7,0,1413,DEV005199,743.79
C005200,IE,2022-04-12,Returning,12,0,1969,DEV005200,1472.81
C005201,IE,2024-11-21,Occasional,4,0,758,DEV005201,546.22
C005202,FR,2022-05-01,Returning,7,0,1962,DEV005202,140.01
C005203,CA,2025-06-14,New,1,0,292,DEV005203,174.23
C005204,AU,2023-11-14,Occasional,2,0,1375,DEV005204,113.78
C005205,IT,2024-03-04,Occasional,6,0,1162,DEV005205,315.0
C005206,US,2023-09-01,Occasional,6,0,1567,DEV005206,274.88
C005207,GB,2023-08-31,Returning,21,0,1035,DEV005207,512.82
C005208,NL,2024-07-26,Occasional,6,0,1004,DEV005208,244.87
C005209,IE,2020-04-15,Returning,20,0,2312,DEV005209,2217.15
C005210,FR,2023-06-30,Occasional,3,0,1105,DEV005210,356.11
C005211,NL,2025-12-10,New,0,0,409,DEV005211,0.0
C005212,IT,2023-12-27,Occasional,3,0,1367,DEV005212,107.73
C005213,US,2025-04-01,Occasional,5,0,685,DEV005213,243.15
C005214,CA,2022-08-11,Occasional,4,0,1461,DEV005214,381.79
C005215,NL,2022-07-10,Occasional,3,0,1332,DEV005215,250.72
C005216,GB,2024-06-29,Returning,15,0,871,DEV005216,2036.43
C005217,ES,2020-05-21,Returning,8,0,2244,DEV005217,733.93
C005218,DE,2022-12-05,Returning,18,0,1244,DEV005218,897.32
C005219,US,2024-10-11,Occasional,6,0,1054,DEV005219,738.17
C005220,GB,2023-01-16,Occasional,2,0,1246,DEV005220,284.58
C005221,IT,2020-03-06,Returning,5,0,2747,DEV005221,590.82
C005222,AU,2025-08-15,New,2,0,524,DEV005222,119.55
C005223,IE,2025-11-30,New,0,0,152,DEV005223,0.0
C005224,ES,2022-09-24,Occasional,6,0,1669,DEV005224,446.56
C005225,AU,2025-12-08,New,1,0,71,DEV005225,40.51
C005226,NL,2025-02-21,New,0,0,1042,DEV005226,0.0
C005227,DE,2024-10-16,Occasional,2,0,1136,DEV005227,76.16
C005228,ES,2025-11-14,New,0,0,296,DEV005228,0.0
C005229,NL,2022-11-03,Returning,16,0,1494,DEV005229,698.04
C005230,ES,2024-08-15,Occasional,6,0,1166,DEV005230,455.1
C005231,GB,2025-02-22,New,0,0,694,DEV005231,0.0
C005232,IE,2018-05-18,Loyal,39,0,2964,DEV005232,2029.47
C005233,IT,2022-05-13,Occasional,6,0,1966,DEV005233,519.19
C005234,GB,2023-11-11,Returning,22,0,1035,DEV005234,1037.25
C005235,CA,2019-09-10,Returning,19,0,2476,DEV005235,2338.24
C005236,ES,2019-10-07,Returning,24,0,2897,DEV005236,2414.02
C005237,IT,2022-01-04,Occasional,1,0,1679,DEV005237,113.71
C005238,CA,2025-08-31,Occasional,3,0,471,DEV005238,351.73
C005239,IE,2024-05-16,Occasional,2,0,1070,DEV005239,87.9
C005240,IT,2023-10-29,Occasional,5,0,1479,DEV005240,614.48
C005241,CA,2023-10-26,Occasional,5,0,1016,DEV005241,851.51
C005242,ES,2019-11-27,Returning,22,0,2374,DEV005242,861.11
C005243,AU,2024-12-19,Occasional,4,0,566,DEV005243,312.52
C005244,DE,2020-08-29,Returning,11,0,2549,DEV005244,1680.3
C005245,IT,2025-07-27,New,1,0,592,DEV005245,20.4
C005246,IE,2025-07-07,New,2,0,678,DEV005246,131.77
C005247,GB,2023-05-18,Occasional,4,0,970,DEV005247,682.68
C005248,IE,2022-05-27,Occasional,3,0,2002,DEV005248,278.46
C005249,ES,2019-12-25,Returning,5,0,2361,DEV005249,347.15
C005250,IE,2022-06-30,Returning,11,0,1306,DEV005250,623.04
C005251,IT,2020-04-17,Returning,17,0,2598,DEV005251,2045.29
C005252,DE,2019-11-20,Returning,19,0,2329,DEV005252,1830.02
C005253,US,2022-10-02,Returning,18,0,1756,DEV005253,1717.77
C005254,CA,2025-01-24,New,0,0,1049,DEV005254,0.0
C005255,DE,2019-12-05,Loyal,62,0,2318,DEV005255,1624.75
C005256,AU,2022-04-14,Loyal,97,0,1564,DEV005256,13688.38
C005257,GB,2022-06-05,Occasional,2,0,1658,DEV005257,120.22
C005258,US,2022-05-04,Returning,12,0,1648,DEV005258,764.13
C005259,US,2024-09-24,Occasional,3,0,666,DEV005259,427.68
C005260,DE,2024-04-24,Returning,20,0,700,DEV005260,1360.6
C005261,US,2025-08-28,New,1,0,460,DEV005261,129.16
C005262,DE,2022-09-12,Occasional,6,0,1820,DEV005262,466.05
C005263,GB,2019-01-30,Returning,6,0,2578,DEV005263,946.25
C005264,FR,2025-08-11,New,0,0,859,DEV005264,0.0
C005265,US,2025-09-13,New,1,0,360,DEV005265,103.46
C005266,ES,2024-11-24,Occasional,6,0,588,DEV005266,695.74
C005267,IT,2025-04-12,Occasional,5,0,908,DEV005267,264.29
C005268,DE,2019-08-29,Returning,18,0,2375,DEV005268,533.78
C005269,NL,2024-10-15,Occasional,1,0,929,DEV005269,23.24
C005270,DE,2023-12-15,Returning,15,1,1192,DEV005270,2144.0
C005271,CA,2023-09-23,Returning,14,0,906,DEV005271,874.35
C005272,IT,2025-11-19,New,1,0,308,DEV005272,143.54
C005273,AU,2019-11-14,Returning,13,0,2825,DEV005273,1276.19
C005274,NL,2021-07-02,Loyal,96,0,2200,DEV005274,12176.01
C005275,FR,2023-11-09,Occasional,3,0,984,DEV005275,217.87
C005276,AU,2025-02-04,New,1,0,466,DEV005276,107.44
C005277,IE,2025-06-03,New,0,0,726,DEV005277,0.0
C005278,FR,2022-12-25,Returning,22,0,1789,DEV005278,754.04
C005279,FR,2025-05-17,Occasional,4,0,246,DEV005279,299.45
C005280,CA,2022-07-31,Occasional,1,0,1645,DEV005280,44.84
C005281,NL,2022-07-02,Occasional,4,0,1797,DEV005281,239.94
C005282,CA,2024-09-18,Returning,5,0,545,DEV005282,353.05
C005283,CA,2025-09-23,New,2,0,795,DEV005283,83.01
C005284,FR,2023-09-23,Occasional,3,0,1230,DEV005284,211.8
C005285,CA,2023-12-12,Occasional,6,0,1383,DEV005285,153.95
C005286,DE,2025-04-05,New,1,0,434,DEV005286,131.03
C005287,CA,2025-02-23,Occasional,3,0,623,DEV005287,397.32
C005288,GB,2024-09-08,Occasional,6,0,1184,DEV005288,574.86
C005289,NL,2023-05-14,Returning,18,0,1419,DEV005289,1728.44
C005290,AU,2022-12-24,Returning,18,0,1113,DEV005290,1295.39
C005291,IE,2025-02-11,New,0,0,613,DEV005291,0.0
C005292,CA,2024-12-30,Occasional,6,0,472,DEV005292,273.67
C005293,IE,2020-08-05,Returning,7,0,2005,DEV005293,319.16
C005294,DE,2025-09-16,New,1,0,629,DEV005294,64.7
C005295,US,2021-12-19,Returning,12,0,1631,DEV005295,1527.01
C005296,DE,2024-05-20,Returning,11,0,1150,DEV005296,1005.33
C005297,GB,2019-07-08,Returning,23,0,2663,DEV005297,1440.08
C005298,US,2022-05-05,Occasional,4,0,1867,DEV005298,486.37
C005299,DE,2025-03-31,New,1,0,505,DEV005299,45.52
C005300,FR,2024-06-13,Returning,13,0,1007,DEV005300,770.19
C005301,GB,2022-04-29,Occasional,1,0,1561,DEV005301,54.23
C005302,CA,2022-12-30,Occasional,5,0,1797,DEV005302,178.64
C005303,CA,2022-11-14,Returning,13,0,1691,DEV005303,658.93
C005304,GB,2017-10-11,Loyal,65,0,3310,DEV005304,7986.83
C005305,CA,2020-11-23,Returning,13,0,2170,DEV005305,424.5
C005306,NL,2022-12-30,Occasional,2,0,1587,DEV005306,257.86
C005307,ES,2022-08-29,Returning,15,0,1300,DEV005307,2262.04
C005308,IE,2025-03-19,New,0,0,369,DEV005308,0.0
C005309,IT,2025-07-31,New,2,0,688,DEV005309,65.91
C005310,US,2019-03-18,Loyal,24,0,3129,DEV005310,2573.09
C005311,DE,2023-06-03,Returning,22,0,1281,DEV005311,857.42
C005312,GB,2022-08-29,Occasional,2,0,1947,DEV005312,293.47
C005313,US,2020-05-08,Returning,5,0,2683,DEV005313,689.47
C005314,FR,2022-07-15,Returning,23,0,1808,DEV005314,3018.5
C005315,IT,2025-11-29,New,1,0,130,DEV005315,33.57
C005316,NL,2021-10-21,Returning,5,0,2222,DEV005316,410.13
C005317,DE,2023-04-18,Returning,18,0,1280,DEV005317,1470.89
C005318,IT,2025-05-26,Occasional,6,0,568,DEV005318,121.63
C005319,US,2025-02-24,New,1,0,790,DEV005319,165.77
C005320,FR,2020-12-09,Loyal,60,0,2542,DEV005320,1065.21
C005321,DE,2025-07-14,New,2,0,734,DEV005321,147.77
C005322,DE,2023-07-22,Returning,18,0,1512,DEV005322,2921.03
C005323,DE,2017-06-27,Loyal,28,0,3791,DEV005323,560.15
C005324,IT,2025-11-17,New,2,0,111,DEV005324,155.31
C005325,GB,2017-03-17,Loyal,65,0,3858,DEV005325,1312.36
C005326,FR,2019-08-21,Returning,23,0,2973,DEV005326,1404.85
C005327,IT,2018-11-07,Loyal,29,0,3187,DEV005327,1318.83
C005328,ES,2025-03-28,New,0,0,992,DEV005328,0.0
C005329,DE,2021-11-25,Returning,14,0,1740,DEV005329,1129.53
C005330,IE,2023-12-14,Loyal,99,0,1212,DEV005330,7765.27
C005331,DE,2025-01-28,New,1,0,937,DEV005331,109.36
C005332,AU,2024-09-22,Occasional,4,0,1195,DEV005332,267.21
C005333,DE,2023-07-07,Occasional,4,0,1333,DEV005333,412.91
C005334,DE,2023-08-10,Occasional,2,0,890,DEV005334,173.11
C005335,FR,2023-09-12,Loyal,96,0,1457,DEV005335,6760.76
C005336,DE,2025-03-22,Occasional,6,0,838,DEV005336,749.36
C005337,CA,2025-08-09,New,2,0,831,DEV005337,46.94
C005338,GB,2024-08-03,Occasional,1,0,856,DEV005338,53.51
C005339,IE,2019-10-08,Returning,15,0,2303,DEV005339,1394.09
C005340,AU,2019-04-27,Returning,11,0,3147,DEV005340,454.05
C005341,DE,2022-11-27,Occasional,1,0,1539,DEV005341,86.43
C005342,AU,2024-11-17,Occasional,4,0,944,DEV005342,530.66
C005343,ES,2022-04-19,Returning,17,0,1630,DEV005343,1238.0
C005344,NL,2022-09-24,Occasional,1,0,1605,DEV005344,41.61
C005345,ES,2021-08-10,Loyal,67,0,2232,DEV005345,8516.0
C005346,DE,2022-08-09,Occasional,1,0,1489,DEV005346,93.37
C005347,FR,2022-05-10,Occasional,6,0,1862,DEV005347,286.53
C005348,NL,2025-07-16,Occasional,1,0,329,DEV005348,78.54
C005349,IT,2022-11-05,Occasional,4,0,1611,DEV005349,436.39
C005350,IE,2025-01-20,Occasional,3,0,636,DEV005350,101.59
C005351,NL,2024-04-17,Occasional,4,0,761,DEV005351,293.15
C005352,US,2024-09-10,Returning,17,0,682,DEV005352,1416.35
C005353,GB,2022-07-01,Occasional,5,0,1964,DEV005353,470.08
C005354,IT,2024-06-11,Returning,15,0,739,DEV005354,1285.7
C005355,CA,2025-12-13,New,1,0,56,DEV005355,117.64
C005356,NL,2025-05-19,Occasional,4,0,732,DEV005356,418.82
C005357,NL,2023-06-18,Occasional,2,0,1077,DEV005357,224.97
C005358,DE,2025-11-08,New,0,0,94,DEV005358,0.0
C005359,CA,2025-02-25,New,1,0,438,DEV005359,29.56
C005360,AU,2025-02-19,New,1,0,728,DEV005360,64.16
C005361,NL,2022-10-07,Returning,19,0,1277,DEV005361,2840.79
C005362,AU,2025-03-05,New,0,0,885,DEV005362,0.0
C005363,DE,2024-12-28,Occasional,6,0,866,DEV005363,345.48
C005364,US,2025-02-21,New,2,0,793,DEV005364,67.61
C005365,GB,2023-12-13,Returning,13,0,883,DEV005365,1460.07
C005366,IT,2024-01-25,Occasional,2,0,1343,DEV005366,184.53
C005367,DE,2024-10-19,Occasional,3,0,506,DEV005367,195.84
C005368,AU,2025-04-19,New,1,0,928,DEV005368,60.0
C005369,GB,2022-03-17,Occasional,5,0,1737,DEV005369,352.49
C005370,DE,2023-06-09,Occasional,6,0,1603,DEV005370,464.82
C005371,IT,2020-12-26,Loyal,81,0,1936,DEV005371,5496.63
C005372,IE,2025-05-05,New,1,0,251,DEV005372,37.46
C005373,US,2025-03-29,Occasional,3,0,589,DEV005373,380.29
C005374,ES,2020-01-15,Loyal,34,0,2776,DEV005374,809.19
C005375,AU,2023-12-11,Occasional,6,0,1307,DEV005375,576.08
C005376,GB,2025-02-07,New,0,0,754,DEV005376,0.0
C005377,ES,2024-10-08,Returning,19,0,1024,DEV005377,1221.2
C005378,FR,2023-11-06,Returning,6,0,1288,DEV005378,946.56
C005379,IE,2020-01-24,Returning,9,0,2741,DEV005379,905.88
C005380,DE,2020-02-16,Returning,11,0,2694,DEV005380,1358.82
C005381,AU,2024-06-30,Returning,21,0,727,DEV005381,2555.11
C005382,ES,2022-08-25,Occasional,4,0,1788,DEV005382,516.99
C005383,CA,2021-09-29,Returning,18,0,2102,DEV005383,1186.14
C005384,CA,2025-04-08,New,1,0,892,DEV005384,64.54
C005385,AU,2019-02-06,Returning,15,0,2792,DEV005385,324.62
C005386,NL,2024-05-25,Occasional,6,0,1014,DEV005386,787.55
C005387,US,2023-07-27,Returning,7,0,1061,DEV005387,886.79
C005388,DE,2025-07-22,Occasional,5,0,413,DEV005388,180.33
C005389,IE,2022-03-18,Occasional,6,0,2038,DEV005389,529.52
C005390,US,2021-01-14,Returning,19,1,1994,DEV005390,1714.02
C005391,US,2025-01-14,New,1,0,660,DEV005391,74.77
C005392,FR,2024-07-15,Returning,11,0,1101,DEV005392,1046.52
C005393,AU,2021-04-14,Returning,18,0,2379,DEV005393,523.55
C005394,NL,2022-09-24,Occasional,1,0,1452,DEV005394,88.03
C005395,IT,2025-01-17,New,2,0,406,DEV005395,349.76
C005396,NL,2025-07-02,New,2,0,701,DEV005396,227.84
C005397,FR,2020-03-21,Returning,10,0,2425,DEV005397,1277.78
C005398,NL,2019-01-23,Returning,14,0,3257,DEV005398,2097.3
C005399,GB,2024-08-09,Returning,20,0,1174,DEV005399,3004.19
C005400,FR,2023-04-18,Occasional,3,0,1044,DEV005400,503.71
C005401,US,2023-04-05,Occasional,3,0,1648,DEV005401,371.94
C005402,DE,2025-11-06,New,0,0,534,DEV005402,0.0
C005403,NL,2025-01-29,New,0,0,847,DEV005403,0.0
C005404,NL,2025-09-16,Occasional,2,0,470,DEV005404,221.06
C005405,CA,2025-12-06,New,0,0,200,DEV005405,0.0
C005406,CA,2019-11-16,Returning,9,0,2943,DEV005406,920.7
C005407,CA,2025-01-02,Occasional,4,0,908,DEV005407,113.63
C005408,IE,2024-06-08,Returning,21,0,607,DEV005408,1707.79
C005409,IE,2022-08-09,Returning,8,0,1460,DEV005409,245.24
C005410,GB,2025-08-24,New,0,0,731,DEV005410,0.0
C005411,IT,2019-07-02,Loyal,74,0,2761,DEV005411,9066.2
C005412,GB,2022-05-03,Occasional,1,0,1436,DEV005412,73.81
C005413,NL,2023-08-29,Occasional,2,0,1114,DEV005413,159.19
C005414,FR,2023-07-01,Occasional,5,0,944,DEV005414,673.91
C005415,CA,2019-12-21,Loyal,67,0,2797,DEV005415,5215.64
C005416,US,2025-08-24,New,1,0,838,DEV005416,41.69
C005417,IE,2024-01-30,Returning,12,0,1362,DEV005417,1081.09
C005418,GB,2022-03-03,Occasional,5,0,1932,DEV005418,468.69
C005419,ES,2025-01-13,New,0,0,741,DEV005419,0.0
C005420,NL,2022-06-20,Returning,18,0,2004,DEV005420,970.05
C005421,CA,2020-04-18,Returning,20,0,2588,DEV005421,3208.94
C005422,AU,2023-03-13,Returning,7,0,1185,DEV005422,975.96
C005423,AU,2023-09-04,Occasional,2,0,1522,DEV005423,250.98
C005424,FR,2021-06-23,Returning,16,0,1944,DEV005424,443.24
C005425,GB,2025-10-04,New,1,0,168,DEV005425,40.25
C005426,CA,2023-02-12,Occasional,4,0,1429,DEV005426,473.12
C005427,AU,2024-08-16,Occasional,4,0,1130,DEV005427,463.26
C005428,NL,2020-02-19,Returning,13,0,2197,DEV005428,1801.03
C005429,NL,2019-03-12,Returning,12,0,3125,DEV005429,1593.16
C005430,IT,2024-04-19,Returning,12,0,926,DEV005430,951.82
C005431,IE,2023-11-01,Occasional,3,0,1152,DEV005431,377.28
C005432,FR,2025-01-22,New,2,0,438,DEV005432,205.27
C005433,US,2022-06-04,Occasional,5,0,1900,DEV005433,153.84
C005434,IT,2024-09-07,Returning,14,0,941,DEV005434,759.91
C005435,AU,2025-11-26,New,0,0,661,DEV005435,0.0
C005436,NL,2018-10-30,Loyal,31,0,2840,DEV005436,1645.1
C005437,IE,2018-02-14,Loyal,45,0,3375,DEV005437,5947.17
C005438,DE,2018-07-24,Loyal,26,0,2809,DEV005438,1213.92
C005439,GB,2022-11-04,Returning,15,0,1318,DEV005439,1948.72
C005440,ES,2025-05-10,New,1,0,399,DEV005440,39.63
C005441,DE,2022-01-06,Returning,19,0,1908,DEV005441,2879.82
C005442,GB,2022-06-12,Returning,8,0,1673,DEV005442,222.51
C005443,FR,2019-11-15,Returning,20,0,2954,DEV005443,2278.75
C005444,CA,2019-07-13,Returning,9,0,3056,DEV005444,912.87
C005445,NL,2025-05-04,New,2,0,907,DEV005445,302.39
C005446,AU,2025-05-06,New,2,0,698,DEV005446,148.6
C005447,NL,2024-09-20,Occasional,2,0,477,DEV005447,96.07
C005448,US,2023-04-02,Returning,6,0,1296,DEV005448,720.54
C005449,IT,2025-03-19,New,0,0,353,DEV005449,0.0
C005450,CA,2022-06-13,Occasional,3,0,1497,DEV005450,215.38
C005451,IE,2025-06-28,New,0,0,426,DEV005451,0.0
C005452,DE,2024-09-09,Occasional,1,0,813,DEV005452,128.04
C005453,US,2021-10-13,Loyal,66,0,1753,DEV005453,4494.82
C005454,US,2020-07-12,Returning,7,0,2244,DEV005454,817.8
C005455,FR,2024-08-06,Occasional,5,0,852,DEV005455,651.86
C005456,DE,2023-05-03,Returning,15,0,1519,DEV005456,1722.31
C005457,ES,2019-07-13,Returning,6,0,2611,DEV005457,771.16
C005458,FR,2023-11-20,Occasional,4,0,1441,DEV005458,426.03
C005459,GB,2022-11-02,Occasional,5,0,1561,DEV005459,458.3
C005460,FR,2022-04-09,Occasional,3,0,2057,DEV005460,404.47
C005461,FR,2022-06-23,Returning,14,0,1570,DEV005461,915.07
C005462,FR,2023-01-11,Occasional,4,0,1121,DEV005462,262.88
C005463,FR,2019-11-28,Returning,13,0,2727,DEV005463,1261.2
C005464,ES,2025-09-26,New,2,0,205,DEV005464,122.82
C005465,FR,2020-03-21,Returning,11,0,2780,DEV005465,973.25
C005466,FR,2023-08-20,Occasional,5,0,920,DEV005466,125.03
C005467,GB,2025-04-13,New,1,0,274,DEV005467,97.87
C005468,GB,2025-10-26,New,1,0,654,DEV005468,134.96
C005469,AU,2025-03-27,Occasional,5,0,999,DEV005469,471.54
C005470,GB,2024-01-09,Returning,14,0,1373,DEV005470,1837.54
C005471,IT,2022-01-20,Returning,18,0,1616,DEV005471,1157.72
C005472,IE,2024-01-18,Returning,20,0,1298,DEV005472,1794.73
C005473,IE,2018-06-11,Loyal,34,0,2993,DEV005473,2306.35
C005474,ES,2025-03-29,Occasional,6,0,795,DEV005474,653.25
C005475,IE,2025-05-01,New,1,0,262,DEV005475,40.3
C005476,US,2025-01-26,New,2,0,808,DEV005476,52.36
C005477,NL,2025-05-25,New,1,0,862,DEV005477,137.5
C005478,FR,2025-05-29,New,0,0,556,DEV005478,0.0
C005479,IT,2023-07-19,Occasional,2,0,1194,DEV005479,174.3
C005480,NL,2019-07-18,Returning,13,0,2862,DEV005480,1779.83
C005481,IE,2025-05-18,New,1,0,917,DEV005481,170.61
C005482,IE,2025-11-03,New,1,0,563,DEV005482,41.32
C005483,DE,2021-11-16,Returning,9,0,1523,DEV005483,217.27
C005484,AU,2023-08-05,Occasional,6,0,1403,DEV005484,477.18
C005485,DE,2022-04-27,Returning,21,0,1534,DEV005485,1707.21
C005486,IT,2024-03-08,Occasional,3,0,782,DEV005486,363.21
C005487,IE,2025-08-14,New,2,0,613,DEV005487,198.2
C005488,DE,2025-04-12,New,1,0,364,DEV005488,80.81
C005489,CA,2025-05-20,New,1,0,750,DEV005489,28.21
C005490,CA,2020-01-16,Returning,10,0,2537,DEV005490,553.78
C005491,DE,2024-07-09,Returning,8,0,971,DEV005491,949.07
C005492,US,2022-09-28,Occasional,2,0,1849,DEV005492,43.01
C005493,AU,2025-02-10,Occasional,6,0,910,DEV005493,812.16
C005494,IE,2024-11-05,Returning,10,0,1142,DEV005494,1630.62
C005495,NL,2023-01-02,Returning,5,0,1264,DEV005495,677.65
C005496,CA,2024-12-31,Returning,12,0,785,DEV005496,495.59
C005497,ES,2025-04-21,New,2,0,468,DEV005497,120.2
C005498,CA,2024-07-30,Occasional,1,0,929,DEV005498,89.98
C005499,ES,2025-07-10,New,2,0,234,DEV005499,77.16
C005500,ES,2023-02-17,Occasional,4,0,1503,DEV005500,389.61
C005501,NL,2023-08-29,Occasional,6,0,911,DEV005501,862.7
C005502,CA,2017-05-26,Loyal,99,0,3587,DEV005502,7863.02
C005503,US,2025-01-22,New,2,1,966,DEV005503,223.89
C005504,CA,2021-12-17,Returning,16,0,1827,DEV005504,1596.64
C005505,US,2025-10-15,New,0,0,345,DEV005505,0.0
C005506,AU,2022-07-27,Occasional,5,0,1263,DEV005506,540.45
C005507,IE,2022-11-13,Occasional,4,0,1874,DEV005507,381.96
C005508,US,2025-07-22,New,2,0,196,DEV005508,85.33
C005509,US,2025-03-08,New,0,0,766,DEV005509,0.0
C005510,ES,2025-04-22,Occasional,1,0,716,DEV005510,42.77
C005511,IE,2022-08-08,Returning,5,0,1566,DEV005511,620.02
C005512,FR,2019-03-19,Returning,8,0,2791,DEV005512,672.52
C005513,IT,2019-09-10,Returning,17,0,2789,DEV005513,737.5
C005514,ES,2025-09-17,Occasional,2,0,532,DEV005514,236.16
C005515,ES,2025-01-29,New,1,0,490,DEV005515,133.32
C005516,GB,2020-09-08,Loyal,80,0,2522,DEV005516,3862.23
C005517,FR,2019-05-25,Returning,9,0,3006,DEV005517,682.3
C005518,IT,2022-12-22,Occasional,3,0,1461,DEV005518,201.32
C005519,IE,2023-08-03,Occasional,1,0,1481,DEV005519,75.47
C005520,IE,2024-01-10,Occasional,3,0,1181,DEV005520,172.9
C005521,ES,2025-04-19,New,1,0,614,DEV005521,67.56
C005522,IT,2020-08-03,Returning,10,0,2144,DEV005522,1178.31
C005523,NL,2025-09-09,New,2,0,226,DEV005523,142.63
C005524,NL,2023-11-20,Returning,16,0,1440,DEV005524,2237.26
C005525,CA,2024-04-15,Occasional,6,0,710,DEV005525,830.73
C005526,US,2024-05-21,Occasional,1,0,1278,DEV005526,69.86
C005527,GB,2023-02-11,Occasional,6,0,1580,DEV005527,517.02
C005528,DE,2020-01-23,Returning,16,0,2772,DEV005528,755.45
C005529,DE,2025-02-14,Occasional,3,0,760,DEV005529,245.29
C005530,US,2017-01-27,Loyal,69,0,3337,DEV005530,6778.1
C005531,DE,2023-07-01,Occasional,2,0,1543,DEV005531,66.83
C005532,DE,2025-06-18,New,0,0,682,DEV005532,0.0
C005533,GB,2019-11-29,Loyal,88,0,2895,DEV005533,2887.0
C005534,NL,2025-04-05,New,0,0,453,DEV005534,0.0
C005535,FR,2025-03-15,New,1,0,459,DEV005535,21.97
C005536,AU,2025-03-14,New,2,0,496,DEV005536,86.79
C005537,DE,2022-09-29,Returning,5,0,1603,DEV005537,252.47
C005538,NL,2025-08-19,New,1,0,399,DEV005538,54.28
C005539,US,2025-08-30,New,0,0,825,DEV005539,0.0
C005540,ES,2023-10-02,Returning,16,0,1276,DEV005540,932.4
C005541,AU,2022-07-07,Returning,7,0,1986,DEV005541,1081.15
C005542,ES,2025-04-15,New,1,0,848,DEV005542,115.69
C005543,ES,2022-09-03,Returning,22,0,1606,DEV005543,1177.95
C005544,IT,2020-10-02,Returning,22,0,2102,DEV005544,1425.87
C005545,US,2025-05-23,New,1,0,285,DEV005545,91.32
C005546,AU,2024-04-22,Occasional,2,0,1120,DEV005546,166.81
C005547,IE,2021-01-09,Loyal,33,0,2463,DEV005547,2951.84
C005548,IT,2019-02-15,Returning,19,0,3172,DEV005548,1903.3
C005549,DE,2023-12-28,Occasional,2,0,1262,DEV005549,253.76
C005550,DE,2025-10-03,New,2,0,783,DEV005550,267.11
C005551,GB,2024-01-17,Occasional,2,0,1300,DEV005551,253.48
C005552,IT,2025-02-10,New,1,0,997,DEV005552,29.26
C005553,DE,2024-04-17,Occasional,6,0,1336,DEV005553,817.28
C005554,ES,2025-04-16,New,1,0,859,DEV005554,109.28
C005555,DE,2025-04-01,New,2,0,382,DEV005555,287.65
C005556,CA,2025-05-19,New,0,0,692,DEV005556,0.0
C005557,ES,2025-01-27,New,0,0,407,DEV005557,0.0
C005558,CA,2021-09-28,Returning,9,0,2204,DEV005558,1196.91
C005559,US,2023-02-15,Occasional,1,0,1357,DEV005559,110.44
C005560,FR,2022-02-05,Returning,10,0,1449,DEV005560,709.06
C005561,ES,2024-05-01,Returning,14,0,831,DEV005561,1329.27
C005562,IE,2023-09-20,Occasional,3,0,1452,DEV005562,113.28
C005563,DE,2024-01-15,Occasional,4,0,1373,DEV005563,173.57
C005564,AU,2018-03-31,Loyal,52,0,3515,DEV005564,3050.83
C005565,AU,2021-06-06,Returning,13,0,1827,DEV005565,783.52
C005566,IT,2025-06-18,Occasional,5,0,894,DEV005566,228.3
C005567,GB,2023-02-06,Occasional,6,0,1139,DEV005567,549.45
C005568,US,2022-05-19,Occasional,5,0,1482,DEV005568,97.45
C005569,CA,2025-02-08,New,1,0,647,DEV005569,78.2
C005570,CA,2025-06-30,New,2,0,868,DEV005570,53.65
C005571,GB,2020-01-27,Returning,18,0,2651,DEV005571,1606.55
C005572,FR,2019-03-31,Returning,13,0,3052,DEV005572,1525.32
C005573,GB,2024-04-13,Returning,9,0,1316,DEV005573,814.54
C005574,GB,2025-08-16,New,0,0,788,DEV005574,0.0
C005575,IE,2021-11-20,Returning,12,0,2032,DEV005575,1474.3
C005576,DE,2020-05-04,Loyal,66,0,2154,DEV005576,5775.23
C005577,CA,2025-08-05,New,2,0,743,DEV005577,46.0
C005578,IE,2019-03-28,Returning,7,0,2715,DEV005578,180.94
C005579,ES,2025-05-28,New,0,0,736,DEV005579,0.0
C005580,IE,2019-05-29,Returning,12,0,2434,DEV005580,579.39
C005581,ES,2022-08-13,Occasional,4,0,1500,DEV005581,117.3
C005582,IT,2021-11-15,Returning,17,0,1710,DEV005582,473.44
C005583,GB,2022-03-23,Occasional,6,0,1997,DEV005583,239.09
C005584,AU,2025-02-02,New,2,0,724,DEV005584,304.18
C005585,US,2025-02-17,New,0,0,465,DEV005585,0.0
C005586,US,2025-03-28,Occasional,5,0,338,DEV005586,88.28
C005587,NL,2025-04-10,New,2,0,627,DEV005587,166.8
C005588,IT,2024-06-30,Occasional,1,0,722,DEV005588,42.78
C005589,IE,2021-10-09,Loyal,50,0,1776,DEV005589,5394.25
C005590,DE,2020-08-05,Returning,23,0,2106,DEV005590,1710.27
C005591,FR,2023-08-25,Loyal,38,0,1179,DEV005591,1272.74
C005592,IT,2023-10-05,Returning,16,0,1127,DEV005592,1623.17
C005593,CA,2023-10-29,Returning,10,0,1241,DEV005593,1413.24
C005594,ES,2018-07-28,Loyal,30,0,3377,DEV005594,3393.48
C005595,AU,2022-01-14,Occasional,2,0,1457,DEV005595,47.21
C005596,AU,2024-01-09,Occasional,5,0,762,DEV005596,668.51
C005597,ES,2018-06-23,Loyal,43,0,2892,DEV005597,6087.74
C005598,DE,2025-03-04,New,2,0,716,DEV005598,72.36
C005599,NL,2023-10-02,Returning,24,0,918,DEV005599,973.17
C005600,IT,2019-06-23,Loyal,64,0,3076,DEV005600,8341.75
C005601,NL,2024-11-17,Returning,21,0,939,DEV005601,1568.42
C005602,IE,2021-05-29,Returning,13,0,1781,DEV005602,1206.14
C005603,IT,2017-03-05,Loyal,75,1,3403,DEV005603,2146.45
C005604,CA,2024-02-05,Occasional,4,0,1094,DEV005604,214.48
C005605,CA,2023-05-02,Occasional,6,0,1422,DEV005605,104.25
C005606,NL,2023-03-20,Occasional,4,0,1492,DEV005606,519.82
C005607,US,2017-09-07,Loyal,34,0,3159,DEV005607,2876.86
C005608,US,2023-02-02,Returning,19,0,1608,DEV005608,925.76
C005609,DE,2024-09-10,Returning,9,0,521,DEV005609,1003.67
C005610,IT,2025-03-20,New,2,0,370,DEV005610,193.46
C005611,ES,2023-07-31,Occasional,5,0,1188,DEV005611,554.23
C005612,FR,2024-11-01,Returning,7,0,851,DEV005612,389.91
C005613,IT,2023-05-28,Occasional,5,0,1305,DEV005613,641.51
C005614,NL,2023-02-22,Occasional,3,0,1099,DEV005614,362.03
C005615,NL,2025-11-29,New,1,0,191,DEV005615,120.02
C005616,IE,2025-08-27,New,1,0,152,DEV005616,134.82
C005617,ES,2020-12-12,Returning,10,0,2483,DEV005617,1054.01
C005618,DE,2020-08-11,Loyal,78,0,2472,DEV005618,4443.21
C005619,DE,2021-10-12,Returning,24,0,2254,DEV005619,2628.54
C005620,AU,2020-02-09,Returning,22,0,2501,DEV005620,2501.1
C005621,FR,2023-04-26,Occasional,6,0,1361,DEV005621,202.52
C005622,CA,2025-05-20,New,1,0,250,DEV005622,119.35
C005623,DE,2021-11-03,Returning,22,0,2060,DEV005623,715.92
C005624,CA,2023-12-14,Returning,9,0,1443,DEV005624,1345.41
C005625,AU,2023-02-18,Occasional,5,0,1536,DEV005625,171.87
C005626,FR,2025-08-26,New,0,0,441,DEV005626,0.0
C005627,IT,2020-03-04,Returning,10,0,2488,DEV005627,274.49
C005628,CA,2022-08-14,Returning,24,0,1883,DEV005628,1640.55
C005629,IE,2025-03-16,New,2,0,353,DEV005629,267.22
C005630,FR,2024-10-04,Occasional,5,0,1093,DEV005630,650.97
C005631,IE,2025-07-12,Occasional,5,0,220,DEV005631,684.36
C005632,IT,2021-08-23,Returning,14,0,2021,DEV005632,1100.73
C005633,IT,2024-05-31,Occasional,4,0,638,DEV005633,461.06
C005634,DE,2022-03-11,Occasional,4,0,1592,DEV005634,331.89
C005635,FR,2023-02-18,Loyal,26,0,1082,DEV005635,2876.17
C005636,ES,2020-04-22,Returning,9,0,2340,DEV005636,1115.85
C005637,IT,2025-02-22,New,1,0,349,DEV005637,70.82
C005638,US,2019-12-04,Returning,7,0,2490,DEV005638,280.81
C005639,GB,2022-09-14,Occasional,6,0,1308,DEV005639,161.92
C005640,NL,2019-08-24,Returning,16,0,2684,DEV005640,2180.37
C005641,GB,2022-04-30,Returning,14,0,2017,DEV005641,2118.55
C005642,NL,2024-12-20,Returning,6,0,523,DEV005642,628.66
C005643,FR,2019-12-05,Returning,22,1,2759,DEV005643,1759.36
C005644,AU,2023-05-11,Occasional,4,0,1183,DEV005644,100.4
C005645,GB,2023-10-01,Returning,15,0,1121,DEV005645,536.74
C005646,CA,2025-11-05,New,2,0,155,DEV005646,228.07
C005647,NL,2023-12-20,Occasional,1,0,1326,DEV005647,100.29
C005648,US,2022-07-19,Occasional,6,0,1684,DEV005648,333.68
C005649,US,2025-03-25,New,0,0,877,DEV005649,0.0
C005650,GB,2025-06-28,New,2,0,486,DEV005650,135.53
C005651,AU,2018-06-17,Loyal,33,0,2866,DEV005651,3793.61
C005652,DE,2024-04-04,Occasional,4,0,963,DEV005652,318.07
C005653,AU,2023-05-18,Occasional,5,0,1204,DEV005653,533.73
C005654,FR,2025-11-05,New,1,0,513,DEV005654,141.12
C005655,IT,2025-03-18,Occasional,5,0,660,DEV005655,659.66
C005656,CA,2025-05-29,Occasional,3,0,796,DEV005656,333.82
C005657,CA,2025-09-01,Occasional,5,0,446,DEV005657,336.82
C005658,NL,2025-08-10,New,0,0,732,DEV005658,0.0
C005659,DE,2025-06-21,New,0,0,459,DEV005659,0.0
C005660,IT,2025-06-16,Occasional,5,0,231,DEV005660,740.49
C005661,US,2020-03-14,Returning,24,0,2126,DEV005661,1155.26
C005662,ES,2020-05-24,Returning,6,0,2358,DEV005662,143.53
C005663,IE,2024-11-08,Occasional,6,0,1112,DEV005663,830.49
C005664,FR,2017-09-17,Loyal,87,0,3295,DEV005664,5824.05
C005665,CA,2025-07-14,New,1,0,825,DEV005665,125.44
C005666,ES,2025-06-09,New,0,0,212,DEV005666,0.0
C005667,US,2023-07-17,Returning,9,0,1195,DEV005667,600.61
C005668,GB,2023-04-02,Returning,6,0,1094,DEV005668,714.85
C005669,US,2025-05-04,New,2,0,254,DEV005669,89.14
C005670,AU,2022-04-08,Occasional,2,0,1372,DEV005670,76.8
C005671,US,2025-03-07,New,0,0,309,DEV005671,0.0
C005672,IT,2020-08-11,Returning,15,0,2357,DEV005672,675.07
C005673,AU,2024-08-22,Occasional,1,0,655,DEV005673,25.78
C005674,ES,2018-01-25,Loyal,38,0,3115,DEV005674,4998.12
C005675,CA,2021-07-09,Returning,14,0,1765,DEV005675,1138.25
C005676,US,2022-09-22,Returning,9,0,1442,DEV005676,495.12
C005677,FR,2025-07-20,Occasional,4,0,787,DEV005677,485.73
C005678,AU,2025-10-11,New,2,0,577,DEV005678,271.28
C005679,DE,2025-04-27,Occasional,1,0,366,DEV005679,50.78
C005680,DE,2025-03-22,New,2,0,858,DEV005680,226.1
C005681,IT,2023-06-20,Occasional,2,0,1014,DEV005681,122.93
C005682,CA,2025-03-19,Occasional,4,0,442,DEV005682,497.03
C005683,ES,2019-01-15,Loyal,24,0,3090,DEV005683,745.48
C005684,US,2023-05-13,Occasional,6,0,1066,DEV005684,319.1
C005685,NL,2022-01-22,Returning,8,0,1836,DEV005685,1098.55
C005686,AU,2025-08-29,New,1,0,734,DEV005686,81.43
C005687,NL,2019-03-20,Returning,6,0,2553,DEV005687,768.41
C005688,FR,2024-09-16,Occasional,6,0,1127,DEV005688,365.39
C005689,NL,2025-12-14,New,1,0,21,DEV005689,144.0
C005690,IT,2025-01-02,New,0,0,830,DEV005690,0.0
C005691,DE,2022-05-30,Occasional,6,0,1908,DEV005691,305.34
C005692,IE,2024-10-20,Occasional,1,0,881,DEV005692,17.41
C005693,IT,2023-08-06,Occasional,4,0,1103,DEV005693,136.68
C005694,NL,2025-07-10,Occasional,4,0,481,DEV005694,358.97
C005695,AU,2025-09-29,New,0,0,280,DEV005695,0.0
C005696,GB,2023-12-17,Returning,21,0,1390,DEV005696,395.82
C005697,AU,2023-08-17,Returning,14,0,1042,DEV005697,418.37
C005698,IT,2025-11-05,New,0,0,183,DEV005698,0.0
C005699,IT,2022-09-13,Occasional,6,0,1619,DEV005699,190.97
C005700,IT,2022-01-20,Returning,7,0,1506,DEV005700,1085.06
C005701,US,2022-09-08,Returning,11,0,1222,DEV005701,767.34
C005702,US,2025-07-24,New,0,0,806,DEV005702,0.0
C005703,IT,2025-04-06,Occasional,5,0,657,DEV005703,703.31
C005704,AU,2020-08-07,Returning,9,0,2534,DEV005704,1092.48
C005705,ES,2023-01-30,Loyal,76,0,1744,DEV005705,8296.02
C005706,FR,2021-10-12,Loyal,89,0,1983,DEV005706,2791.97
C005707,GB,2023-02-07,Returning,22,0,1559,DEV005707,2557.66
C005708,GB,2018-07-18,Loyal,27,0,3103,DEV005708,3981.5
C005709,CA,2019-07-17,Returning,12,0,2773,DEV005709,1637.51
C005710,IT,2025-12-15,New,1,0,102,DEV005710,102.91
C005711,IT,2020-04-21,Returning,6,0,2448,DEV005711,591.88
C005712,NL,2025-06-13,New,2,0,211,DEV005712,207.63
C005713,IE,2023-09-01,Occasional,6,0,1499,DEV005713,604.25
C005714,DE,2022-08-30,Occasional,5,0,1843,DEV005714,137.99
C005715,GB,2021-07-27,Returning,5,0,1665,DEV005715,301.84
C005716,CA,2019-04-12,Returning,6,0,2502,DEV005716,798.07
C005717,FR,2022-01-11,Occasional,1,0,2146,DEV005717,97.58
C005718,AU,2024-04-03,Occasional,2,0,1346,DEV005718,210.8
C005719,IT,2025-07-11,New,0,0,821,DEV005719,0.0
C005720,NL,2019-06-21,Returning,11,0,2606,DEV005720,982.49
C005721,NL,2025-01-11,Occasional,5,0,784,DEV005721,727.86
C005722,IE,2019-12-18,Loyal,41,0,2788,DEV005722,4956.46
C005723,GB,2025-08-15,New,1,0,393,DEV005723,22.94
C005724,GB,2020-07-16,Returning,14,0,2338,DEV005724,2002.5
C005725,ES,2020-12-17,Returning,9,0,2213,DEV005725,449.61
C005726,FR,2019-06-26,Loyal,73,0,3067,DEV005726,8833.12
C005727,GB,2021-10-04,Returning,5,0,1631,DEV005727,259.62
C005728,ES,2025-08-17,New,2,0,293,DEV005728,267.21
C005729,AU,2021-10-08,Returning,15,0,1597,DEV005729,651.53
C005730,IE,2025-12-21,New,1,0,277,DEV005730,163.49
C005731,ES,2022-07-22,Occasional,2,0,1279,DEV005731,80.24
C005732,AU,2024-02-03,Occasional,2,0,1004,DEV005732,138.05
C005733,US,2023-05-03,Returning,10,0,1127,DEV005733,325.65
C005734,CA,2024-12-10,Occasional,4,0,654,DEV005734,178.33
C005735,GB,2023-11-30,Occasional,3,0,1031,DEV005735,218.88
C005736,FR,2025-04-14,New,1,0,827,DEV005736,45.38
C005737,GB,2023-04-26,Occasional,5,0,1707,DEV005737,657.36
C005738,AU,2022-12-03,Occasional,2,0,1658,DEV005738,68.07
C005739,DE,2025-07-05,New,1,0,896,DEV005739,121.43
C005740,US,2025-08-15,Occasional,6,0,609,DEV005740,997.29
C005741,US,2025-02-03,New,0,0,883,DEV005741,0.0
C005742,AU,2025-10-18,New,0,0,188,DEV005742,0.0
C005743,DE,2023-06-12,Returning,20,0,1135,DEV005743,3087.69
C005744,GB,2022-07-28,Occasional,6,0,1734,DEV005744,583.23
C005745,CA,2020-02-19,Returning,17,0,2848,DEV005745,1570.24
C005746,CA,2025-11-30,New,2,0,243,DEV005746,100.94
C005747,US,2022-04-20,Returning,6,0,1781,DEV005747,329.46
C005748,GB,2022-02-16,Occasional,1,0,2126,DEV005748,97.22
C005749,DE,2023-11-26,Occasional,2,0,951,DEV005749,197.89
C005750,IT,2025-08-02,Occasional,3,0,337,DEV005750,89.35
C005751,AU,2024-07-22,Occasional,5,0,638,DEV005751,108.19
C005752,IE,2024-11-28,Occasional,3,0,415,DEV005752,121.57
C005753,IT,2024-05-06,Occasional,4,0,946,DEV005753,318.69
C005754,CA,2025-04-18,Occasional,4,0,785,DEV005754,452.35
C005755,NL,2022-03-30,Returning,10,0,1446,DEV005755,821.11
C005756,IE,2025-10-02,New,0,0,307,DEV005756,0.0
C005757,IE,2025-05-16,New,0,0,727,DEV005757,0.0
C005758,CA,2021-10-31,Returning,7,0,1626,DEV005758,204.77
C005759,FR,2023-03-16,Returning,8,0,1477,DEV005759,904.39
C005760,DE,2024-01-25,Occasional,5,0,1417,DEV005760,571.85
C005761,DE,2025-08-25,New,2,0,632,DEV005761,184.23
C005762,IT,2024-08-13,Occasional,4,0,1018,DEV005762,119.78
C005763,NL,2023-01-03,Occasional,1,0,1636,DEV005763,98.44
C005764,IT,2025-11-29,New,2,0,595,DEV005764,74.99
C005765,GB,2020-11-01,Returning,17,0,2065,DEV005765,365.08
C005766,NL,2023-10-16,Occasional,6,0,1507,DEV005766,559.54
C005767,GB,2022-07-03,Occasional,1,0,1924,DEV005767,30.22
C005768,IE,2025-04-24,New,2,0,702,DEV005768,37.55
C005769,DE,2023-02-19,Occasional,1,0,1349,DEV005769,82.86
C005770,US,2024-10-17,Occasional,2,0,687,DEV005770,48.45
C005771,ES,2023-05-04,Returning,9,0,1291,DEV005771,458.27
C005772,IT,2019-10-06,Returning,23,0,2393,DEV005772,3647.75
C005773,AU,2025-09-28,New,2,0,812,DEV005773,211.53
C005774,GB,2022-03-19,Occasional,3,0,1823,DEV005774,413.44
C005775,GB,2019-05-30,Returning,10,0,2479,DEV005775,832.56
C005776,IT,2022-12-23,Occasional,2,0,1541,DEV005776,100.61
C005777,IE,2023-11-07,Occasional,4,0,1006,DEV005777,361.11
C005778,AU,2025-04-16,New,0,0,875,DEV005778,0.0
C005779,IE,2020-05-05,Returning,15,0,2648,DEV005779,2193.2
C005780,AU,2025-03-30,New,1,0,480,DEV005780,152.23
C005781,ES,2020-02-20,Returning,15,0,2832,DEV005781,897.44
C005782,IT,2023-12-15,Loyal,70,0,1132,DEV005782,5910.06
C005783,AU,2025-08-05,Occasional,1,0,265,DEV005783,18.13
C005784,IE,2025-09-07,New,1,0,290,DEV005784,30.31
C005785,IT,2022-12-10,Occasional,4,0,1401,DEV005785,342.65
C005786,IT,2022-05-08,Occasional,6,0,1954,DEV005786,1049.99
C005787,AU,2023-08-07,Returning,11,0,1222,DEV005787,1739.32
C005788,US,2021-09-13,Returning,16,0,1817,DEV005788,1349.65
C005789,IE,2024-03-12,Occasional,5,0,720,DEV005789,218.19
C005790,NL,2022-09-23,Returning,19,0,1785,DEV005790,1161.98
C005791,GB,2025-02-25,New,0,0,508,DEV005791,0.0
C005792,IE,2025-05-17,New,2,0,535,DEV005792,95.15
C005793,IT,2024-01-24,Returning,23,0,1105,DEV005793,1433.44
C005794,AU,2020-07-20,Loyal,39,0,2074,DEV005794,4092.32
C005795,US,2019-02-05,Returning,9,0,2717,DEV005795,735.85
C005796,ES,2022-11-13,Occasional,6,0,1230,DEV005796,254.59
C005797,FR,2024-09-19,Returning,10,0,681,DEV005797,261.99
C005798,NL,2025-01-08,New,0,0,415,DEV005798,0.0
C005799,AU,2022-01-22,Returning,7,0,1704,DEV005799,620.28
C005800,CA,2021-02-13,Returning,14,0,2298,DEV005800,1831.95
C005801,IE,2022-09-15,Occasional,6,0,1475,DEV005801,777.65
C005802,NL,2025-05-05,Occasional,6,0,655,DEV005802,500.76
C005803,DE,2023-10-06,Occasional,4,0,928,DEV005803,257.53
C005804,AU,2019-05-15,Returning,24,0,3053,DEV005804,3050.91
C005805,CA,2025-04-05,Occasional,4,0,353,DEV005805,208.31
C005806,US,2025-01-28,New,0,0,951,DEV005806,0.0
C005807,IT,2023-05-22,Occasional,4,0,1326,DEV005807,487.36
C005808,NL,2019-08-14,Returning,6,0,2843,DEV005808,421.61
C005809,CA,2021-06-10,Returning,15,0,2257,DEV005809,533.02
C005810,ES,2024-08-07,Returning,14,0,652,DEV005810,1220.9
C005811,AU,2020-05-25,Loyal,61,0,2087,DEV005811,5065.68
C005812,US,2022-03-23,Returning,7,0,1422,DEV005812,369.01
C005813,GB,2022-03-09,Occasional,6,0,1448,DEV005813,521.59
C005814,IE,2021-10-29,Returning,15,0,2008,DEV005814,1553.05
C005815,GB,2024-05-15,Occasional,2,0,753,DEV005815,220.75
C005816,CA,2019-04-22,Returning,17,0,2580,DEV005816,1339.89
C005817,FR,2025-12-19,New,2,0,616,DEV005817,70.92
C005818,IT,2024-10-13,Occasional,6,0,496,DEV005818,772.51
C005819,DE,2025-04-27,New,2,0,641,DEV005819,120.22
C005820,FR,2025-04-02,New,0,0,308,DEV005820,0.0
C005821,IE,2023-07-30,Occasional,2,0,1551,DEV005821,117.15
C005822,FR,2024-01-14,Occasional,1,0,998,DEV005822,52.48
C005823,IT,2022-01-26,Returning,5,0,1978,DEV005823,233.69
C005824,DE,2025-02-02,New,1,0,382,DEV005824,60.82
C005825,AU,2025-01-08,New,1,0,465,DEV005825,141.96
C005826,CA,2025-05-20,New,2,0,225,DEV005826,69.92
C005827,FR,2025-02-17,Occasional,4,0,698,DEV005827,295.13
C005828,CA,2025-12-08,New,2,0,161,DEV005828,125.64
C005829,US,2023-10-21,Occasional,1,0,959,DEV005829,120.22
C005830,IT,2019-02-17,Returning,11,0,2796,DEV005830,1591.17
C005831,FR,2023-06-15,Loyal,51,0,1376,DEV005831,2972.33
C005832,CA,2025-01-08,New,1,0,412,DEV005832,59.2
C005833,AU,2022-09-08,Occasional,5,0,1725,DEV005833,137.89
C005834,US,2021-05-12,Returning,22,0,2276,DEV005834,2786.93
C005835,NL,2022-08-30,Occasional,6,0,1405,DEV005835,760.02
C005836,FR,2024-04-09,Occasional,3,0,703,DEV005836,106.18
C005837,FR,2024-05-08,Occasional,2,0,1066,DEV005837,46.4
C005838,FR,2023-11-25,Occasional,3,0,862,DEV005838,405.98
C005839,CA,2020-06-25,Returning,17,0,2209,DEV005839,955.42
C005840,NL,2020-08-12,Loyal,52,0,2378,DEV005840,2197.07
C005841,US,2025-04-24,Occasional,6,0,428,DEV005841,338.3
C005842,IE,2022-02-17,Returning,8,1,1697,DEV005842,202.37
C005843,US,2024-05-08,Occasional,1,0,1299,DEV005843,45.62
C005844,CA,2025-10-03,New,2,0,546,DEV005844,216.85
C005845,ES,2025-09-13,New,0,0,498,DEV005845,0.0
C005846,AU,2020-08-31,Returning,14,0,2329,DEV005846,1803.65
C005847,DE,2025-10-14,New,0,0,785,DEV005847,0.0
C005848,IT,2023-09-26,Occasional,4,0,904,DEV005848,258.08
C005849,GB,2023-12-02,Occasional,6,0,876,DEV005849,630.03
C005850,IT,2025-08-25,New,0,0,229,DEV005850,0.0
C005851,AU,2022-05-29,Occasional,2,0,1614,DEV005851,119.62
C005852,GB,2021-02-01,Returning,8,0,2467,DEV005852,322.96
C005853,IT,2019-05-31,Returning,16,0,3078,DEV005853,367.42
C005854,DE,2019-05-10,Loyal,38,0,2623,DEV005854,1093.87
C005855,US,2023-04-09,Returning,11,0,1347,DEV005855,504.24
C005856,IE,2025-10-19,New,0,0,363,DEV005856,0.0
C005857,US,2022-07-09,Returning,17,0,1441,DEV005857,560.14
C005858,AU,2021-01-11,Returning,5,0,2137,DEV005858,449.32
C005859,FR,2025-01-26,New,2,0,802,DEV005859,112.49
C005860,IT,2023-01-05,Occasional,4,0,1808,DEV005860,128.72
C005861,US,2023-11-10,Returning,7,0,1343,DEV005861,1150.54
C005862,CA,2020-11-04,Returning,22,0,2182,DEV005862,3132.06
C005863,US,2023-09-05,Occasional,3,0,1270,DEV005863,310.59
C005864,GB,2025-07-06,New,1,0,307,DEV005864,39.02
C005865,ES,2024-05-18,Occasional,1,0,634,DEV005865,37.94
C005866,DE,2024-04-15,Returning,20,0,686,DEV005866,1476.45
C005867,IE,2022-09-27,Occasional,5,0,1337,DEV005867,411.61
C005868,NL,2025-07-28,New,1,0,439,DEV005868,79.73
C005869,IT,2017-03-15,Loyal,69,0,3496,DEV005869,5089.57
C005870,IE,2025-05-07,Occasional,5,0,819,DEV005870,499.24
C005871,GB,2023-03-29,Returning,23,0,1643,DEV005871,3543.19
C005872,GB,2022-07-09,Occasional,5,0,1451,DEV005872,249.39
C005873,DE,2025-07-23,New,2,0,393,DEV005873,66.51
C005874,IE,2020-01-20,Returning,17,0,2207,DEV005874,1072.4
C005875,IT,2023-02-02,Occasional,3,0,1366,DEV005875,371.89
C005876,IT,2023-10-23,Occasional,4,0,1205,DEV005876,185.77
C005877,ES,2022-11-13,Returning,18,0,1170,DEV005877,2044.38
C005878,CA,2023-05-13,Returning,14,0,1435,DEV005878,1137.65
C005879,AU,2022-09-18,Occasional,1,0,1528,DEV005879,36.67
C005880,ES,2025-10-06,New,0,0,512,DEV005880,0.0
C005881,CA,2025-09-27,New,0,0,797,DEV005881,0.0
C005882,DE,2025-01-26,New,1,0,573,DEV005882,25.26
C005883,DE,2024-07-26,Occasional,4,0,754,DEV005883,413.21
C005884,GB,2023-07-25,Occasional,4,0,1434,DEV005884,67.42
C005885,FR,2019-08-11,Returning,18,0,2933,DEV005885,536.38
C005886,US,2023-07-02,Returning,16,0,1193,DEV005886,985.45
C005887,AU,2024-06-02,Occasional,5,0,695,DEV005887,140.98
C005888,CA,2023-11-27,Loyal,64,0,936,DEV005888,5455.17
C005889,GB,2023-06-08,Occasional,5,0,1239,DEV005889,363.28
C005890,NL,2025-12-28,New,0,0,85,DEV005890,0.0
C005891,IE,2025-01-02,New,0,0,569,DEV005891,0.0
C005892,US,2025-02-18,New,1,0,570,DEV005892,101.82
C005893,NL,2023-07-22,Returning,17,0,1170,DEV005893,1072.7
C005894,GB,2025-04-07,New,0,0,717,DEV005894,0.0
C005895,ES,2020-08-28,Returning,13,0,2361,DEV005895,531.58
C005896,US,2025-12-25,New,0,0,108,DEV005896,0.0
C005897,IE,2021-03-23,Returning,23,0,1853,DEV005897,749.27
C005898,US,2024-12-25,Returning,21,0,405,DEV005898,967.63
C005899,AU,2021-06-09,Returning,10,0,2122,DEV005899,987.05
C005900,US,2025-02-03,New,0,0,643,DEV005900,0.0
C005901,US,2022-06-09,Occasional,3,0,1925,DEV005901,215.11
C005902,CA,2022-01-06,Returning,16,0,1576,DEV005902,881.17
C005903,IT,2025-07-23,Occasional,2,0,193,DEV005903,55.09
C005904,FR,2025-01-27,New,1,0,966,DEV005904,29.23
C005905,CA,2025-07-13,New,2,0,576,DEV005905,188.73
C005906,IT,2022-06-12,Occasional,2,0,1329,DEV005906,200.1
C005907,ES,2023-02-03,Occasional,3,0,1347,DEV005907,288.83
C005908,GB,2025-02-28,New,1,0,911,DEV005908,38.47
C005909,GB,2020-06-15,Returning,11,0,2642,DEV005909,262.0
C005910,AU,2025-05-21,New,2,0,662,DEV005910,163.1
C005911,FR,2025-04-28,New,2,0,853,DEV005911,72.3
C005912,GB,2025-05-10,New,0,0,903,DEV005912,0.0
C005913,IE,2025-07-10,New,1,0,448,DEV005913,95.09
C005914,NL,2023-08-06,Returning,15,0,1323,DEV005914,322.03
C005915,IE,2023-02-14,Loyal,43,0,1073,DEV005915,3109.18
C005916,FR,2025-10-27,New,1,0,662,DEV005916,36.95
C005917,NL,2021-11-20,Returning,16,0,1791,DEV005917,556.94
C005918,IT,2023-04-12,Occasional,5,0,1526,DEV005918,538.77
C005919,AU,2021-05-17,Returning,14,0,2418,DEV005919,1446.23
C005920,IT,2025-08-16,New,1,0,324,DEV005920,88.31
C005921,IT,2025-06-27,New,0,0,430,DEV005921,0.0
C005922,DE,2025-06-07,Occasional,4,0,240,DEV005922,521.49
C005923,FR,2024-09-19,Occasional,1,0,562,DEV005923,79.36
C005924,IT,2022-05-21,Occasional,4,0,1992,DEV005924,228.29
C005925,ES,2019-04-18,Loyal,23,0,2656,DEV005925,1574.25
C005926,DE,2019-07-04,Loyal,79,0,2734,DEV005926,6869.14
C005927,IE,2019-01-31,Returning,19,0,3168,DEV005927,1453.85
C005928,NL,2022-05-27,Returning,7,0,1317,DEV005928,839.2
C005929,IT,2025-08-28,New,0,0,651,DEV005929,0.0
C005930,CA,2025-03-05,Occasional,3,0,851,DEV005930,267.97
C005931,US,2025-03-05,New,1,0,516,DEV005931,152.67
C005932,GB,2025-03-21,New,0,0,994,DEV005932,0.0
C005933,NL,2025-03-31,New,0,0,352,DEV005933,0.0
C005934,ES,2025-04-26,New,0,0,301,DEV005934,0.0
C005935,DE,2025-08-21,Occasional,2,0,788,DEV005935,106.02
C005936,FR,2025-04-18,New,0,0,753,DEV005936,0.0
C005937,NL,2025-04-21,New,2,0,846,DEV005937,213.97
C005938,ES,2025-07-17,New,0,0,451,DEV005938,0.0
C005939,DE,2020-08-27,Returning,15,0,2161,DEV005939,1670.33
C005940,IE,2025-08-01,New,2,0,531,DEV005940,195.07
C005941,GB,2025-07-15,New,2,0,502,DEV005941,178.96
C005942,FR,2025-11-02,New,2,0,474,DEV005942,56.62
C005943,CA,2024-02-20,Occasional,2,0,914,DEV005943,43.81
C005944,DE,2025-09-27,New,0,0,778,DEV005944,0.0
C005945,US,2025-05-18,New,1,0,520,DEV005945,84.94
C005946,IT,2017-06-26,Loyal,71,0,3606,DEV005946,5833.61
C005947,CA,2025-08-10,Occasional,5,0,216,DEV005947,450.42
C005948,DE,2025-05-22,New,2,0,489,DEV005948,270.24
C005949,FR,2019-06-23,Returning,5,0,2856,DEV005949,197.34
C005950,DE,2023-05-16,Occasional,2,0,1461,DEV005950,304.5
C005951,US,2025-08-30,New,0,0,645,DEV005951,0.0
C005952,DE,2025-10-09,New,1,0,214,DEV005952,129.49
C005953,AU,2020-09-11,Returning,15,0,2068,DEV005953,480.13
C005954,FR,2024-03-14,Occasional,2,0,1279,DEV005954,127.04
C005955,DE,2020-07-24,Returning,7,0,2715,DEV005955,244.36
C005956,US,2022-04-08,Loyal,80,0,1558,DEV005956,9701.48
C005957,ES,2021-08-02,Returning,19,0,2287,DEV005957,2175.33
C005958,NL,2022-03-03,Occasional,3,0,1872,DEV005958,311.7
C005959,IT,2025-02-15,New,1,0,485,DEV005959,71.55
C005960,DE,2020-08-29,Loyal,88,0,2395,DEV005960,4874.34
C005961,CA,2022-04-26,Loyal,99,0,1923,DEV005961,11762.98
C005962,NL,2020-10-16,Returning,19,0,2377,DEV005962,513.87
C005963,IT,2021-04-21,Returning,15,0,2200,DEV005963,1021.85
C005964,NL,2025-04-26,New,0,0,526,DEV005964,0.0
C005965,ES,2021-05-09,Returning,6,0,2053,DEV005965,332.44
C005966,IE,2022-09-15,Occasional,1,0,1384,DEV005966,131.12
C005967,NL,2021-07-14,Loyal,45,0,2170,DEV005967,3624.52
C005968,US,2025-10-09,New,1,0,265,DEV005968,126.63
C005969,FR,2022-06-13,Returning,11,0,1880,DEV005969,1404.76
C005970,US,2023-01-11,Loyal,91,0,1233,DEV005970,9519.13
C005971,IT,2025-09-27,New,1,0,252,DEV005971,81.55
C005972,DE,2025-09-27,Occasional,1,0,796,DEV005972,80.56
C005973,ES,2022-01-22,Loyal,62,0,1907,DEV005973,2675.81
C005974,US,2022-05-05,Returning,11,0,1969,DEV005974,900.38
C005975,NL,2019-05-30,Returning,15,0,2861,DEV005975,854.39
C005976,ES,2024-11-13,Occasional,4,0,604,DEV005976,271.75
C005977,ES,2024-08-11,Occasional,2,0,1132,DEV005977,164.89
C005978,FR,2025-12-16,New,0,0,92,DEV005978,0.0
C005979,CA,2017-12-11,Loyal,56,0,3373,DEV005979,2254.57
C005980,ES,2021-10-13,Returning,18,0,2110,DEV005980,1583.36
C005981,IE,2025-10-28,New,2,0,446,DEV005981,169.8
C005982,ES,2025-02-13,New,2,0,771,DEV005982,309.45
C005983,DE,2025-04-29,New,0,0,294,DEV005983,0.0
C005984,CA,2020-01-10,Returning,18,0,2586,DEV005984,1478.13
C005985,DE,2025-07-09,New,2,0,323,DEV005985,268.26
C005986,US,2023-07-25,Returning,16,0,1599,DEV005986,1768.83
C005987,FR,2021-05-29,Returning,12,0,2173,DEV005987,690.61
C005988,FR,2025-06-05,New,0,0,626,DEV005988,0.0
C005989,IE,2025-10-09,New,1,0,264,DEV005989,65.73
C005990,DE,2022-03-02,Returning,5,0,2073,DEV005990,346.19
C005991,CA,2019-12-10,Returning,14,0,2820,DEV005991,434.84
C005992,US,2024-05-05,Occasional,3,0,886,DEV005992,279.85
C005993,GB,2023-11-09,Returning,24,0,1073,DEV005993,1520.4
C005994,DE,2020-12-01,Returning,12,0,1888,DEV005994,1321.73
C005995,CA,2020-12-12,Returning,11,0,1975,DEV005995,1112.11
C005996,GB,2022-05-28,Occasional,2,0,1437,DEV005996,115.38
C005997,US,2025-01-03,New,1,0,1015,DEV005997,87.84
C005998,AU,2022-11-30,Loyal,44,0,1407,DEV005998,5810.64
C005999,NL,2025-08-18,New,0,0,333,DEV005999,0.0
C006000,AU,2025-08-01,Occasional,5,0,494,DEV006000,626.05
C006001,CA,2023-07-08,Returning,11,0,1043,DEV006001,1459.85
C006002,NL,2025-11-25,New,0,0,558,DEV006002,0.0
C006003,IE,2019-06-24,Returning,14,0,2954,DEV006003,1155.16
C006004,FR,2020-04-27,Loyal,87,0,2469,DEV006004,3135.25
C006005,IT,2024-09-20,Returning,17,0,481,DEV006005,1370.13
C006006,ES,2024-10-16,Returning,16,0,982,DEV006006,1048.88
C006007,CA,2025-12-29,New,2,0,359,DEV006007,79.69
C006008,US,2025-09-10,New,0,0,324,DEV006008,0.0
C006009,US,2021-08-15,Returning,7,0,2185,DEV006009,644.71
C006010,FR,2025-08-28,New,1,0,802,DEV006010,33.15
C006011,GB,2022-12-16,Returning,18,0,1777,DEV006011,1945.11
C006012,GB,2023-01-08,Returning,14,0,1619,DEV006012,1793.76
C006013,IT,2025-03-01,New,2,0,806,DEV006013,99.33
C006014,US,2024-05-13,Returning,14,0,767,DEV006014,2180.44
C006015,ES,2025-06-29,New,2,0,338,DEV006015,148.82
C006016,ES,2017-04-08,Loyal,58,1,3708,DEV006016,5471.25
C006017,NL,2022-06-20,Occasional,5,1,1447,DEV006017,232.13
C006018,DE,2021-07-25,Returning,20,0,1908,DEV006018,397.56
C006019,NL,2022-10-19,Occasional,3,0,1233,DEV006019,243.24
C006020,DE,2025-01-07,New,1,0,911,DEV006020,89.48
C006021,IE,2025-08-07,New,1,0,452,DEV006021,146.4
C006022,AU,2018-08-03,Loyal,73,0,3435,DEV006022,6375.78
C006023,IE,2024-08-21,Returning,6,0,543,DEV006023,218.12
C006024,ES,2024-05-12,Occasional,3,0,605,DEV006024,111.64
C006025,IT,2022-11-30,Occasional,2,0,1717,DEV006025,270.42
C006026,IE,2025-10-07,New,0,0,238,DEV006026,0.0
C006027,GB,2025-01-13,New,1,0,512,DEV006027,113.44
C006028,CA,2020-11-16,Loyal,65,0,2255,DEV006028,5914.14
C006029,AU,2025-04-28,New,1,0,637,DEV006029,42.51
C006030,AU,2025-03-14,Occasional,1,0,965,DEV006030,134.46
C006031,GB,2025-05-28,New,1,0,618,DEV006031,75.53
C006032,CA,2025-08-18,New,0,0,361,DEV006032,0.0
C006033,CA,2023-08-10,Occasional,4,0,986,DEV006033,180.51
C006034,CA,2025-10-15,New,2,0,341,DEV006034,155.3
C006035,IE,2025-12-03,New,0,0,176,DEV006035,0.0
C006036,GB,2023-05-25,Loyal,67,0,1327,DEV006036,9036.22
C006037,FR,2020-12-27,Returning,9,0,1971,DEV006037,1219.13
C006038,DE,2023-03-15,Returning,5,0,1640,DEV006038,407.05
C006039,NL,2025-06-20,New,1,0,878,DEV006039,153.76
C006040,IE,2022-10-13,Loyal,56,0,1401,DEV006040,1517.6
C006041,US,2025-12-21,New,0,0,131,DEV006041,0.0
C006042,AU,2022-02-01,Occasional,1,0,1995,DEV006042,94.67
C006043,CA,2025-05-07,New,2,0,246,DEV006043,67.53
C006044,DE,2023-12-16,Returning,22,0,1050,DEV006044,715.13
C006045,IE,2024-09-27,Occasional,3,0,799,DEV006045,455.67
C006046,IT,2023-08-07,Occasional,4,0,947,DEV006046,570.23
C006047,CA,2025-07-14,New,0,0,509,DEV006047,0.0
C006048,CA,2025-10-17,New,0,0,620,DEV006048,0.0
C006049,IE,2025-11-04,New,1,0,744,DEV006049,22.93
C006050,NL,2025-04-01,New,0,0,366,DEV006050,0.0
C006051,ES,2025-04-05,New,0,0,536,DEV006051,0.0
C006052,AU,2023-09-11,Occasional,3,0,1396,DEV006052,316.09
C006053,AU,2022-03-02,Occasional,6,0,1584,DEV006053,177.18
C006054,IE,2023-12-18,Returning,18,0,1421,DEV006054,1849.82
C006055,ES,2023-06-24,Returning,20,0,1490,DEV006055,2299.5
C006056,NL,2025-07-03,Occasional,3,0,737,DEV006056,375.04
C006057,IE,2020-10-19,Returning,19,0,1941,DEV006057,1362.64
C006058,DE,2024-09-09,Returning,16,0,599,DEV006058,1166.67
C006059,IE,2022-03-30,Returning,11,1,1722,DEV006059,337.22
C006060,IE,2025-04-25,New,0,0,790,DEV006060,0.0
C006061,DE,2019-07-01,Returning,11,0,2784,DEV006061,1590.51
C006062,NL,2025-07-26,New,1,0,192,DEV006062,93.69
C006063,NL,2025-02-22,New,0,0,820,DEV006063,0.0
C006064,CA,2019-01-24,Returning,13,0,3208,DEV006064,278.67
C006065,IT,2023-04-12,Occasional,3,0,1284,DEV006065,371.54
C006066,CA,2022-01-13,Occasional,2,0,1887,DEV006066,100.13
C006067,NL,2024-10-31,Returning,12,0,884,DEV006067,1858.65
C006068,FR,2021-12-22,Returning,21,0,1592,DEV006068,2577.17
C006069,GB,2019-06-20,Returning,11,0,2790,DEV006069,1286.29
C006070,NL,2025-08-02,Occasional,6,0,582,DEV006070,414.51
C006071,IE,2023-11-15,Returning,5,0,980,DEV006071,561.06
C006072,NL,2025-12-25,New,1,0,100,DEV006072,62.6
C006073,ES,2024-07-01,Returning,24,0,1234,DEV006073,921.64
C006074,NL,2024-12-11,Occasional,2,0,697,DEV006074,116.38
C006075,ES,2025-01-07,New,0,0,843,DEV006075,0.0
C006076,ES,2025-03-17,New,2,0,886,DEV006076,164.6
C006077,CA,2023-05-29,Returning,12,0,951,DEV006077,1148.8
C006078,CA,2020-09-21,Loyal,36,0,2284,DEV006078,4565.73
C006079,US,2023-09-15,Returning,15,0,1287,DEV006079,1722.0
C006080,AU,2025-06-11,Occasional,3,0,697,DEV006080,172.65
C006081,DE,2025-03-09,Occasional,5,0,890,DEV006081,120.26
C006082,DE,2022-12-29,Loyal,34,0,1684,DEV006082,4726.31
C006083,ES,2024-04-22,Occasional,3,0,1234,DEV006083,176.44
C006084,IT,2021-05-29,Loyal,84,2,2398,DEV006084,11617.05
C006085,DE,2025-08-27,New,2,0,599,DEV006085,52.57
C006086,FR,2021-07-01,Returning,13,0,1905,DEV006086,1511.27
C006087,IE,2022-05-11,Occasional,5,0,2047,DEV006087,620.0
C006088,IT,2024-06-13,Occasional,6,0,735,DEV006088,395.32
C006089,GB,2023-06-18,Occasional,5,0,1204,DEV006089,689.97
C006090,US,2024-06-12,Occasional,1,0,1069,DEV006090,132.93
C006091,IT,2020-08-31,Returning,7,0,2607,DEV006091,505.65
C006092,DE,2022-11-28,Occasional,3,0,1520,DEV006092,232.59
C006093,AU,2025-07-13,New,0,0,368,DEV006093,0.0
C006094,DE,2025-10-26,New,1,0,446,DEV006094,44.43
C006095,AU,2023-02-20,Returning,12,0,1522,DEV006095,1078.1
C006096,GB,2025-09-30,New,1,0,510,DEV006096,65.24
C006097,ES,2023-12-18,Returning,20,0,1031,DEV006097,2585.48
C006098,IT,2025-04-06,New,0,0,684,DEV006098,0.0
C006099,ES,2025-05-01,New,1,0,865,DEV006099,39.48
C006100,IT,2024-10-09,Occasional,6,1,945,DEV006100,298.32
C006101,IE,2025-11-04,New,2,0,105,DEV006101,242.13
C006102,US,2025-09-05,New,2,0,660,DEV006102,42.75
C006103,CA,2023-12-21,Occasional,3,0,778,DEV006103,193.94
C006104,IT,2024-03-16,Occasional,4,0,800,DEV006104,171.51
C006105,DE,2023-02-12,Returning,18,0,1438,DEV006105,1633.68
C006106,IT,2020-01-04,Loyal,65,0,2841,DEV006106,3205.11
C006107,FR,2024-04-02,Returning,22,0,1348,DEV006107,2361.33
C006108,FR,2025-01-22,New,2,0,608,DEV006108,280.53
C006109,US,2025-10-13,New,0,0,346,DEV006109,0.0
C006110,FR,2025-12-26,New,0,0,697,DEV006110,0.0
C006111,IT,2021-04-21,Returning,8,0,2065,DEV006111,888.67
C006112,CA,2023-10-06,Occasional,2,0,1405,DEV006112,131.33
C006113,IE,2023-03-12,Returning,6,0,1105,DEV006113,158.87
C006114,IE,2025-01-29,New,2,0,877,DEV006114,65.82
C006115,CA,2024-03-18,Occasional,3,0,680,DEV006115,172.09
C006116,DE,2025-05-10,Occasional,1,0,385,DEV006116,91.73
C006117,FR,2025-09-28,Occasional,5,0,715,DEV006117,577.56
C006118,ES,2025-09-11,New,2,0,731,DEV006118,289.32
C006119,ES,2024-03-22,Occasional,4,0,1170,DEV006119,486.19
C006120,IE,2020-06-17,Returning,12,0,2048,DEV006120,356.27
C006121,GB,2025-01-06,New,2,0,1043,DEV006121,129.73
C006122,FR,2017-07-02,Loyal,42,0,3484,DEV006122,2660.22
C006123,IT,2024-11-20,Returning,8,0,714,DEV006123,370.62
C006124,CA,2025-09-06,New,1,0,342,DEV006124,133.83
C006125,NL,2025-08-21,New,0,0,495,DEV006125,0.0
C006126,GB,2020-01-26,Returning,14,2,2716,DEV006126,2318.08
C006127,AU,2025-07-13,New,2,0,747,DEV006127,323.23
C006128,IT,2025-09-18,Occasional,5,0,582,DEV006128,373.38
C006129,NL,2025-07-13,New,1,0,295,DEV006129,46.31
C006130,IE,2025-12-28,New,0,0,310,DEV006130,0.0
C006131,CA,2022-06-10,Occasional,1,0,1563,DEV006131,98.08
C006132,FR,2017-11-08,Loyal,50,0,3595,DEV006132,5878.34
C006133,DE,2022-09-05,Occasional,5,0,1213,DEV006133,631.1
C006134,IE,2025-11-29,New,1,0,690,DEV006134,29.91
C006135,IE,2024-05-29,Returning,19,0,786,DEV006135,1810.63
C006136,DE,2025-07-05,New,2,0,886,DEV006136,125.06
C006137,NL,2023-05-30,Occasional,5,0,1582,DEV006137,248.39
C006138,DE,2023-10-03,Occasional,4,0,1222,DEV006138,425.31
C006139,FR,2025-05-06,Occasional,6,0,546,DEV006139,652.4
C006140,US,2019-06-22,Loyal,62,0,2982,DEV006140,2163.78
C006141,DE,2025-08-30,New,1,0,460,DEV006141,84.92
C006142,NL,2025-04-05,New,0,0,647,DEV006142,0.0
C006143,NL,2022-01-26,Occasional,3,0,1801,DEV006143,179.02
C006144,GB,2022-12-09,Returning,5,0,1463,DEV006144,228.58
C006145,AU,2025-04-17,New,1,0,666,DEV006145,121.99
C006146,CA,2025-04-04,New,0,0,775,DEV006146,0.0
C006147,IE,2021-12-23,Returning,22,0,1945,DEV006147,1884.99
C006148,DE,2021-01-13,Returning,20,0,2257,DEV006148,1993.08
C006149,GB,2023-01-05,Returning,13,0,1369,DEV006149,1764.2
C006150,ES,2025-11-30,New,0,0,745,DEV006150,0.0
C006151,IE,2023-08-03,Occasional,1,0,1398,DEV006151,48.63
C006152,AU,2025-05-29,Occasional,2,0,868,DEV006152,146.7
C006153,NL,2022-08-06,Occasional,6,0,1838,DEV006153,367.06
C006154,IE,2020-02-29,Loyal,30,0,2767,DEV006154,3137.53
C006155,FR,2022-02-17,Occasional,1,0,1723,DEV006155,105.31
C006156,IE,2022-01-19,Occasional,6,0,1883,DEV006156,562.14
C006157,FR,2024-04-21,Occasional,6,0,1077,DEV006157,230.95
C006158,NL,2025-12-03,New,0,0,327,DEV006158,0.0
C006159,US,2023-12-04,Occasional,1,0,774,DEV006159,80.44
C006160,IT,2023-05-23,Occasional,1,0,1120,DEV006160,120.68
C006161,IE,2024-06-03,Returning,8,0,1203,DEV006161,701.28
C006162,ES,2024-11-07,Returning,12,0,1021,DEV006162,248.43
C006163,AU,2020-12-13,Returning,24,0,2556,DEV006163,2180.59
C006164,ES,2025-11-18,New,1,0,280,DEV006164,19.19
C006165,IT,2025-02-12,New,1,0,661,DEV006165,34.28
C006166,US,2022-04-23,Occasional,4,0,1730,DEV006166,399.42
C006167,IT,2025-01-20,New,2,0,1060,DEV006167,304.7
C006168,GB,2022-01-04,Occasional,3,0,2011,DEV006168,333.06
C006169,DE,2025-06-17,New,2,0,519,DEV006169,137.64
C006170,AU,2025-10-15,New,1,1,93,DEV006170,48.37
C006171,NL,2022-02-27,Occasional,3,0,1608,DEV006171,98.65
C006172,AU,2023-11-20,Returning,9,0,1086,DEV006172,798.11
C006173,ES,2020-03-26,Loyal,74,0,2721,DEV006173,7424.07
C006174,US,2023-09-22,Occasional,3,0,1518,DEV006174,347.35
C006175,ES,2025-01-04,Occasional,4,0,734,DEV006175,383.34
C006176,GB,2023-09-20,Occasional,6,0,1369,DEV006176,787.33
C006177,IT,2022-06-17,Loyal,51,0,1808,DEV006177,6135.32
C006178,FR,2021-12-20,Returning,20,0,1986,DEV006178,3146.43
C006179,US,2017-01-21,Loyal,99,0,3801,DEV006179,13224.6
C006180,FR,2023-08-14,Returning,6,0,1215,DEV006180,298.66
C006181,US,2022-03-14,Returning,13,0,1711,DEV006181,1736.55
C006182,DE,2025-10-30,New,1,0,286,DEV006182,26.81
C006183,FR,2021-11-14,Loyal,24,0,1864,DEV006183,1187.84
C006184,NL,2025-01-01,New,1,1,892,DEV006184,21.93
C006185,US,2025-08-22,New,0,0,385,DEV006185,0.0
C006186,DE,2024-10-05,Occasional,5,0,618,DEV006186,199.23
C006187,ES,2025-10-23,New,2,0,614,DEV006187,66.76
C006188,AU,2020-10-26,Returning,6,0,2054,DEV006188,114.56
C006189,NL,2025-07-17,New,2,0,424,DEV006189,223.59
C006190,FR,2024-07-16,Returning,15,0,553,DEV006190,1013.0
C006191,AU,2022-10-22,Returning,9,0,1732,DEV006191,1262.54
C006192,US,2025-03-08,New,2,0,979,DEV006192,194.72
C006193,IE,2024-03-17,Returning,20,0,661,DEV006193,2695.14
C006194,NL,2024-07-25,Occasional,6,0,922,DEV006194,559.77
C006195,DE,2024-07-26,Occasional,2,0,800,DEV006195,276.64
C006196,CA,2025-07-31,New,0,0,460,DEV006196,0.0
C006197,GB,2024-01-05,Occasional,4,0,782,DEV006197,609.73
C006198,GB,2020-02-03,Returning,9,0,2799,DEV006198,1134.78
C006199,IE,2025-02-21,New,2,0,944,DEV006199,53.79
C006200,US,2025-08-11,Occasional,6,0,530,DEV006200,755.21
C006201,IE,2021-04-01,Loyal,85,0,2103,DEV006201,3820.04
C006202,NL,2025-06-16,New,0,0,303,DEV006202,0.0
C006203,ES,2018-02-18,Loyal,38,0,2925,DEV006203,4801.87
C006204,AU,2021-01-06,Returning,15,0,2508,DEV006204,925.55
C006205,IE,2020-08-10,Returning,24,0,2047,DEV006205,989.3
C006206,FR,2017-12-31,Loyal,81,0,3019,DEV006206,5767.39
C006207,GB,2023-01-12,Loyal,65,0,1143,DEV006207,5814.49
C006208,NL,2022-01-14,Loyal,26,0,1905,DEV006208,471.6
C006209,CA,2022-02-12,Occasional,1,0,2050,DEV006209,28.32
C006210,FR,2025-09-16,New,1,0,276,DEV006210,38.29
C006211,IT,2025-05-28,New,2,0,649,DEV006211,221.36
C006212,IE,2025-08-11,New,2,0,280,DEV006212,53.62
C006213,US,2024-08-16,Occasional,4,0,581,DEV006213,609.0
C006214,GB,2022-11-19,Occasional,3,0,1819,DEV006214,376.44
C006215,IE,2025-01-16,New,1,0,863,DEV006215,106.28
C006216,DE,2025-08-06,New,1,1,463,DEV006216,41.16
C006217,ES,2023-09-29,Returning,15,0,981,DEV006217,1091.21
C006218,AU,2024-11-22,Occasional,2,0,825,DEV006218,193.09
C006219,FR,2019-10-23,Returning,6,0,2372,DEV006219,389.04
C006220,NL,2020-01-22,Returning,7,0,2294,DEV006220,829.66
C006221,NL,2025-01-29,New,0,0,800,DEV006221,0.0
C006222,FR,2025-06-23,New,0,0,477,DEV006222,0.0
C006223,NL,2021-01-02,Returning,18,0,2356,DEV006223,1568.22
C006224,DE,2025-08-10,New,0,0,226,DEV006224,0.0
C006225,IE,2021-08-04,Loyal,81,0,1813,DEV006225,2086.1
C006226,GB,2025-07-18,Occasional,2,0,729,DEV006226,349.34
C006227,ES,2019-06-01,Returning,11,0,2490,DEV006227,1256.46
C006228,AU,2025-07-12,New,1,0,353,DEV006228,75.14
C006229,DE,2024-09-27,Occasional,1,0,1174,DEV006229,103.7
C006230,ES,2022-11-25,Returning,7,0,1242,DEV006230,990.09
C006231,AU,2020-04-01,Returning,23,0,2545,DEV006231,1273.98
C006232,CA,2024-02-06,Occasional,1,0,1061,DEV006232,122.56
C006233,NL,2025-03-20,New,0,0,897,DEV006233,0.0
C006234,IT,2025-12-29,New,0,0,319,DEV006234,0.0
C006235,GB,2021-11-09,Loyal,49,0,1601,DEV006235,4763.86
C006236,IT,2025-02-05,New,2,0,476,DEV006236,186.02
C006237,DE,2017-12-24,Loyal,49,0,3402,DEV006237,2924.25
C006238,IE,2019-04-30,Loyal,73,1,3163,DEV006238,3437.93
C006239,NL,2022-10-24,Occasional,4,0,1399,DEV006239,424.88
C006240,IT,2025-01-07,New,0,0,872,DEV006240,0.0
C006241,DE,2025-05-01,New,0,0,356,DEV006241,0.0
C006242,ES,2024-06-21,Occasional,2,0,948,DEV006242,54.96
C006243,AU,2025-04-26,New,0,0,328,DEV006243,0.0
C006244,IT,2019-05-12,Returning,18,0,2438,DEV006244,1994.45
C006245,CA,2025-09-13,New,2,0,124,DEV006245,144.76
C006246,IT,2024-09-10,Occasional,1,0,682,DEV006246,129.88
C006247,IT,2025-09-09,New,0,0,564,DEV006247,0.0
C006248,AU,2023-05-28,Loyal,93,0,1551,DEV006248,5363.33
C006249,IE,2025-03-29,New,2,0,408,DEV006249,131.39
C006250,NL,2020-03-21,Loyal,49,0,2634,DEV006250,5851.78
C006251,AU,2022-08-28,Returning,9,0,1885,DEV006251,1022.08
C006252,CA,2023-06-24,Occasional,4,0,1538,DEV006252,316.65
C006253,IT,2023-11-30,Occasional,1,1,781,DEV006253,30.98
C006254,CA,2022-09-10,Occasional,5,0,1897,DEV006254,488.97
C006255,GB,2022-07-06,Occasional,2,0,1355,DEV006255,243.6
C006256,IE,2019-04-24,Returning,13,0,2661,DEV006256,341.44
C006257,FR,2023-01-15,Occasional,3,0,1638,DEV006257,400.94
C006258,NL,2022-06-29,Occasional,5,0,1762,DEV006258,475.66
C006259,US,2020-02-14,Returning,10,0,2588,DEV006259,384.1
C006260,DE,2025-01-17,New,0,0,475,DEV006260,0.0
C006261,FR,2024-11-29,Occasional,1,0,690,DEV006261,96.87
C006262,NL,2019-01-03,Returning,7,0,2884,DEV006262,588.85
C006263,ES,2025-03-30,Occasional,6,0,882,DEV006263,825.28
C006264,GB,2022-04-02,Returning,14,0,1693,DEV006264,648.54
C006265,DE,2025-03-26,Occasional,4,0,740,DEV006265,285.02
C006266,IT,2025-07-11,New,1,0,280,DEV006266,44.65
C006267,US,2025-07-16,New,2,0,423,DEV006267,94.91
C006268,FR,2025-12-02,New,0,0,663,DEV006268,0.0
C006269,AU,2024-09-28,Occasional,2,0,1147,DEV006269,191.32
C006270,DE,2023-05-25,Occasional,4,0,1405,DEV006270,579.12
C006271,CA,2025-08-23,Occasional,5,0,197,DEV006271,102.41
C006272,DE,2022-04-10,Occasional,3,3,1552,DEV006272,395.34
C006273,US,2024-05-03,Occasional,2,0,950,DEV006273,295.29
C006274,US,2024-09-28,Occasional,5,0,873,DEV006274,576.04
C006275,US,2025-05-03,New,0,0,258,DEV006275,0.0
C006276,IE,2021-03-05,Returning,8,0,2249,DEV006276,156.31
C006277,NL,2019-09-12,Returning,17,0,2838,DEV006277,2659.78
C006278,IE,2024-11-16,Returning,10,0,463,DEV006278,1124.48
C006279,NL,2022-08-14,Returning,12,0,1517,DEV006279,1769.85
C006280,AU,2025-08-24,New,1,0,512,DEV006280,126.61
C006281,AU,2023-04-09,Loyal,99,0,1497,DEV006281,6466.3
C006282,IT,2019-02-05,Returning,5,0,2926,DEV006282,297.94
C006283,FR,2025-04-07,New,1,0,312,DEV006283,57.23
C006284,GB,2023-11-15,Returning,15,0,1334,DEV006284,1450.52
C006285,US,2023-01-04,Occasional,2,0,1538,DEV006285,109.24
C006286,IE,2024-12-27,Occasional,3,0,461,DEV006286,125.82
C006287,NL,2019-02-27,Returning,12,0,3061,DEV006287,1145.49
C006288,IE,2023-10-21,Returning,7,0,1159,DEV006288,833.54
C006289,FR,2025-11-10,New,1,0,686,DEV006289,24.04
C006290,US,2025-04-04,Occasional,1,0,489,DEV006290,79.24
C006291,AU,2022-08-02,Occasional,1,0,1623,DEV006291,48.2
C006292,GB,2019-06-30,Returning,9,0,2396,DEV006292,1034.31
C006293,AU,2022-06-13,Occasional,1,0,1558,DEV006293,63.05
C006294,FR,2025-03-30,New,1,0,568,DEV006294,25.26
C006295,DE,2023-09-15,Returning,16,0,1475,DEV006295,1994.81
C006296,CA,2024-09-04,Occasional,6,0,858,DEV006296,684.18
C006297,AU,2025-07-07,New,0,0,332,DEV006297,0.0
C006298,FR,2025-11-25,New,0,0,624,DEV006298,0.0
C006299,FR,2022-06-26,Occasional,3,0,1637,DEV006299,213.19
C006300,US,2022-04-14,Returning,22,0,1494,DEV006300,1026.18
C006301,DE,2023-10-03,Loyal,30,0,1257,DEV006301,2760.66
C006302,AU,2023-12-27,Returning,13,0,1210,DEV006302,1509.3
C006303,IT,2021-12-03,Returning,15,0,1723,DEV006303,678.26
C006304,US,2024-01-27,Returning,17,0,749,DEV006304,1381.5
C006305,IT,2019-07-17,Returning,14,0,2582,DEV006305,733.21
C006306,AU,2025-09-28,New,0,0,712,DEV006306,0.0
C006307,AU,2025-05-16,New,1,0,689,DEV006307,97.73
C006308,NL,2021-12-14,Returning,9,0,1699,DEV006308,1252.46
C006309,GB,2025-06-11,New,1,0,422,DEV006309,118.16
C006310,DE,2022-10-01,Returning,10,0,1368,DEV006310,1103.84
C006311,IE,2024-02-20,Returning,17,0,758,DEV006311,1374.37
C006312,ES,2022-08-24,Returning,8,0,1657,DEV006312,1047.64
C006313,US,2019-09-01,Returning,21,0,2880,DEV006313,1951.65
C006314,CA,2025-07-27,New,0,0,735,DEV006314,0.0
C006315,DE,2024-01-25,Occasional,4,0,752,DEV006315,406.28
C006316,DE,2023-03-05,Occasional,5,0,1482,DEV006316,326.35
C006317,CA,2023-05-04,Occasional,6,0,1237,DEV006317,903.95
C006318,GB,2020-09-16,Returning,21,0,2210,DEV006318,3254.06
C006319,AU,2025-05-20,Occasional,1,0,297,DEV006319,36.83
C006320,AU,2025-05-09,New,1,0,538,DEV006320,128.19
C006321,NL,2024-06-23,Occasional,2,0,582,DEV006321,72.77
C006322,ES,2025-06-22,New,1,0,678,DEV006322,42.49
C006323,NL,2025-03-29,New,2,0,368,DEV006323,240.7
C006324,AU,2024-08-17,Occasional,2,0,1019,DEV006324,113.33
C006325,GB,2025-03-31,Occasional,5,0,443,DEV006325,592.08
C006326,AU,2025-01-18,New,2,0,1000,DEV006326,261.63
C006327,US,2019-10-29,Returning,16,0,2384,DEV006327,786.6
C006328,GB,2023-09-01,Occasional,2,0,1518,DEV006328,48.68
C006329,IE,2020-01-23,Returning,17,0,2643,DEV006329,1564.04
C006330,NL,2018-10-15,Loyal,59,0,3173,DEV006330,6499.47
C006331,GB,2019-12-27,Returning,11,0,2533,DEV006331,824.09
C006332,US,2025-08-04,New,2,0,243,DEV006332,326.43
C006333,ES,2024-12-09,Occasional,2,0,923,DEV006333,161.88
C006334,IE,2025-04-14,New,2,0,974,DEV006334,244.4
C006335,US,2025-01-05,New,0,0,454,DEV006335,0.0
C006336,IE,2025-07-19,New,1,0,559,DEV006336,96.08
C006337,DE,2019-02-23,Returning,10,0,2836,DEV006337,238.36
C006338,US,2025-12-11,New,2,0,78,DEV006338,89.03
C006339,IT,2019-07-13,Returning,7,0,2638,DEV006339,528.84
C006340,GB,2025-09-05,New,1,0,224,DEV006340,162.7
C006341,AU,2023-05-10,Returning,19,0,1101,DEV006341,707.21
C006342,GB,2023-12-18,Occasional,6,0,872,DEV006342,824.21
C006343,FR,2023-01-08,Occasional,3,0,1764,DEV006343,312.34
C006344,US,2023-06-02,Occasional,5,0,1003,DEV006344,271.08
C006345,IE,2021-03-11,Returning,17,0,1815,DEV006345,2324.95
C006346,DE,2022-02-27,Occasional,3,0,2113,DEV006346,198.33
C006347,AU,2019-01-15,Returning,15,0,3013,DEV006347,2278.97
C006348,IE,2019-09-02,Returning,12,0,2860,DEV006348,737.79
C006349,IE,2025-03-03,New,2,0,479,DEV006349,142.98
C006350,IT,2024-12-29,Returning,6,0,1083,DEV006350,434.8
C006351,IT,2022-01-21,Returning,18,0,1925,DEV006351,2012.92
C006352,IE,2025-06-29,New,1,0,281,DEV006352,52.22
C006353,AU,2023-11-04,Returning,13,0,1506,DEV006353,386.3
C006354,FR,2025-01-11,New,1,0,912,DEV006354,56.03
C006355,US,2025-12-07,New,2,0,571,DEV006355,223.21
C006356,IE,2025-09-22,New,1,0,301,DEV006356,103.7
C006357,CA,2022-05-09,Loyal,44,0,1754,DEV006357,3638.37
C006358,IT,2021-02-04,Returning,7,0,1885,DEV006358,338.04
C006359,FR,2023-05-30,Returning,13,0,1368,DEV006359,688.15
C006360,CA,2025-03-16,New,2,0,897,DEV006360,131.01
C006361,DE,2020-09-19,Loyal,44,0,2605,DEV006361,4907.85
C006362,IE,2023-07-12,Occasional,1,0,1112,DEV006362,56.28
C006363,ES,2022-03-16,Occasional,5,0,1401,DEV006363,526.81
C006364,US,2024-04-02,Occasional,1,0,820,DEV006364,57.52
C006365,IT,2025-05-30,New,2,0,724,DEV006365,225.39
C006366,AU,2024-10-25,Occasional,6,0,601,DEV006366,429.34
C006367,NL,2025-09-18,New,1,0,696,DEV006367,131.95
C006368,ES,2023-07-05,Occasional,1,0,1260,DEV006368,41.64
C006369,IT,2025-09-08,Occasional,3,0,128,DEV006369,423.53
C006370,ES,2021-12-17,Loyal,47,0,1626,DEV006370,5271.31
C006371,GB,2025-08-31,New,2,0,750,DEV006371,45.18
C006372,IE,2017-09-23,Loyal,20,0,3330,DEV006372,1952.73
C006373,FR,2023-05-13,Occasional,3,0,1367,DEV006373,439.36
C006374,NL,2024-10-29,Occasional,2,0,429,DEV006374,224.96
C006375,US,2022-06-01,Occasional,3,0,1790,DEV006375,76.21
C006376,IE,2023-01-20,Loyal,69,0,1804,DEV006376,4969.49
C006377,FR,2022-09-17,Returning,19,0,1232,DEV006377,476.68
C006378,DE,2025-10-23,New,0,0,544,DEV006378,0.0
C006379,GB,2023-02-19,Occasional,2,0,1461,DEV006379,268.54
C006380,IT,2025-09-08,New,0,0,200,DEV006380,0.0
C006381,ES,2023-07-25,Returning,13,0,1418,DEV006381,1661.17
C006382,IE,2025-03-16,Occasional,1,0,352,DEV006382,110.57
C006383,DE,2025-03-25,New,1,0,328,DEV006383,99.68
C006384,IE,2019-07-10,Returning,14,0,2826,DEV006384,1967.17
C006385,NL,2022-04-25,Returning,15,0,1759,DEV006385,272.43
C006386,ES,2021-01-16,Returning,21,0,2510,DEV006386,2390.91
C006387,DE,2024-12-19,Occasional,6,0,724,DEV006387,152.44
C006388,NL,2020-12-20,Loyal,29,0,2522,DEV006388,2740.35
C006389,CA,2023-03-23,Returning,8,0,1739,DEV006389,608.2
C006390,IE,2024-12-12,Returning,17,0,510,DEV006390,2428.32
C006391,NL,2024-03-25,Returning,20,0,799,DEV006391,630.8
C006392,IE,2024-12-25,Occasional,3,0,836,DEV006392,138.79
C006393,DE,2024-02-05,Occasional,6,0,1306,DEV006393,1014.87
C006394,AU,2022-08-31,Loyal,26,0,1347,DEV006394,1870.34
C006395,AU,2025-09-18,New,2,0,414,DEV006395,178.89
C006396,GB,2024-12-24,Returning,8,0,945,DEV006396,527.19
C006397,IT,2023-04-20,Occasional,6,0,1535,DEV006397,912.82
C006398,DE,2025-07-08,Occasional,3,0,509,DEV006398,380.04
C006399,FR,2022-11-17,Occasional,2,0,1273,DEV006399,134.31
C006400,CA,2024-07-30,Returning,8,0,816,DEV006400,878.83
C006401,IT,2023-07-04,Occasional,3,0,1286,DEV006401,391.99
C006402,ES,2021-07-03,Returning,17,0,2166,DEV006402,513.39
C006403,DE,2022-12-03,Returning,10,0,1766,DEV006403,787.57
C006404,IT,2025-10-13,New,0,0,378,DEV006404,0.0
C006405,US,2025-03-08,New,1,0,302,DEV006405,70.34
C006406,GB,2025-03-28,Occasional,2,0,627,DEV006406,306.45
C006407,US,2023-12-11,Returning,11,0,1368,DEV006407,1174.12
C006408,IE,2024-06-01,Occasional,4,0,697,DEV006408,188.23
C006409,CA,2021-07-13,Returning,9,0,2110,DEV006409,830.89
C006410,US,2020-07-25,Returning,21,0,2459,DEV006410,2237.13
C006411,IE,2024-04-08,Occasional,4,0,769,DEV006411,439.97
C006412,DE,2022-03-27,Occasional,4,0,1380,DEV006412,492.34
C006413,IT,2024-02-18,Returning,21,0,1184,DEV006413,603.73
C006414,GB,2025-10-26,New,1,0,190,DEV006414,111.2
C006415,FR,2022-05-23,Occasional,2,0,1375,DEV006415,117.87
C006416,IE,2022-09-11,Occasional,3,0,1567,DEV006416,159.65
C006417,NL,2022-08-13,Occasional,1,0,1818,DEV006417,115.21
C006418,GB,2025-04-22,New,0,0,706,DEV006418,0.0
C006419,CA,2023-04-14,Occasional,1,0,1573,DEV006419,91.28
C006420,GB,2019-02-04,Loyal,41,0,3244,DEV006420,2982.71
C006421,IE,2025-12-17,New,0,0,554,DEV006421,0.0
C006422,US,2022-02-12,Occasional,2,0,2097,DEV006422,91.6
C006423,CA,2022-01-15,Occasional,4,0,1659,DEV006423,134.22
C006424,IT,2021-10-29,Returning,14,0,2204,DEV006424,345.98
C006425,ES,2022-09-05,Occasional,3,0,1479,DEV006425,133.43
C006426,GB,2023-09-21,Loyal,49,0,1182,DEV006426,3829.07
C006427,IT,2025-04-22,New,1,0,935,DEV006427,38.79
C006428,DE,2025-07-13,New,0,0,476,DEV006428,0.0
C006429,FR,2023-05-20,Loyal,58,0,1676,DEV006429,3518.59
C006430,US,2022-09-04,Occasional,2,0,1228,DEV006430,231.39
C006431,CA,2025-01-13,Occasional,1,0,357,DEV006431,106.69
C006432,IE,2023-03-08,Loyal,23,0,1745,DEV006432,3027.83
C006433,FR,2019-11-20,Returning,17,0,2860,DEV006433,972.21
C006434,IE,2022-01-28,Occasional,1,0,1525,DEV006434,78.2
C006435,NL,2021-03-25,Returning,24,0,2190,DEV006435,2081.73
C006436,DE,2025-05-05,New,2,0,902,DEV006436,273.79
C006437,US,2023-04-27,Returning,17,0,1496,DEV006437,1973.43
C006438,FR,2021-08-29,Returning,17,0,1861,DEV006438,917.88
C006439,NL,2024-05-16,Returning,21,0,857,DEV006439,2580.69
C006440,IE,2025-10-27,New,1,0,393,DEV006440,109.34
C006441,NL,2017-02-01,Loyal,82,1,3348,DEV006441,6097.84
C006442,AU,2022-12-06,Occasional,5,0,1304,DEV006442,557.39
C006443,ES,2025-08-19,New,1,0,672,DEV006443,51.86
C006444,US,2025-06-06,New,2,0,751,DEV006444,228.15
C006445,NL,2020-09-05,Returning,16,0,1985,DEV006445,1017.59
C006446,IT,2019-02-13,Loyal,100,1,2896,DEV006446,12668.58
C006447,GB,2025-07-17,Occasional,5,0,524,DEV006447,334.43
C006448,NL,2024-04-07,Occasional,1,0,889,DEV006448,42.8
C006449,NL,2023-11-28,Occasional,5,0,1424,DEV006449,359.56
C006450,CA,2019-06-22,Returning,12,0,2545,DEV006450,1032.85
C006451,NL,2022-04-16,Occasional,1,0,1680,DEV006451,107.42
C006452,CA,2024-03-30,Returning,24,0,1287,DEV006452,673.49
C006453,NL,2025-08-21,Occasional,3,0,449,DEV006453,359.98
C006454,FR,2022-01-27,Loyal,58,0,2019,DEV006454,6441.03
C006455,IT,2024-01-19,Occasional,4,0,1201,DEV006455,565.23
C006456,FR,2024-06-12,Returning,11,0,787,DEV006456,1418.98
C006457,ES,2024-08-09,Returning,6,0,835,DEV006457,339.03
C006458,ES,2020-12-16,Returning,22,0,2343,DEV006458,1150.81
C006459,IE,2021-01-19,Returning,12,0,2362,DEV006459,560.43
C006460,IT,2025-06-11,New,2,0,930,DEV006460,221.73
C006461,NL,2023-12-06,Returning,17,0,1110,DEV006461,1079.97
C006462,IE,2023-08-22,Returning,8,0,1137,DEV006462,679.62
C006463,NL,2025-08-03,New,2,0,621,DEV006463,241.72
C006464,NL,2021-03-24,Returning,13,0,2403,DEV006464,1247.3
C006465,CA,2018-09-01,Loyal,37,0,3233,DEV006465,2472.0
C006466,FR,2025-07-23,New,0,0,177,DEV006466,0.0
C006467,DE,2022-06-22,Returning,14,0,1945,DEV006467,1104.64
C006468,NL,2025-05-09,New,0,0,356,DEV006468,0.0
C006469,GB,2023-06-25,Occasional,2,0,1518,DEV006469,195.53
C006470,ES,2020-01-28,Returning,20,0,2298,DEV006470,1852.61
C006471,CA,2020-08-24,Returning,24,0,2322,DEV006471,2684.68
C006472,FR,2020-10-14,Returning,21,0,2183,DEV006472,3088.88
C006473,CA,2023-11-18,Occasional,5,0,1132,DEV006473,142.16
C006474,IE,2022-07-16,Loyal,61,0,1279,DEV006474,4415.2
C006475,US,2025-05-17,New,1,0,300,DEV006475,55.85
C006476,FR,2023-03-20,Returning,19,0,1565,DEV006476,2920.37
C006477,CA,2023-11-28,Occasional,3,0,1070,DEV006477,215.9
C006478,IT,2023-05-01,Returning,6,0,1345,DEV006478,764.56
C006479,ES,2023-11-22,Returning,10,0,839,DEV006479,413.89
C006480,ES,2022-07-17,Returning,6,0,1726,DEV006480,694.81
C006481,ES,2021-01-01,Loyal,94,0,2058,DEV006481,3278.98
C006482,AU,2022-09-25,Occasional,1,0,1287,DEV006482,143.72
C006483,CA,2025-06-28,New,2,0,648,DEV006483,119.0
C006484,GB,2019-02-08,Loyal,32,0,2634,DEV006484,800.8
C006485,CA,2025-11-26,New,1,0,444,DEV006485,164.59
C006486,GB,2025-09-16,New,1,0,315,DEV006486,53.76
C006487,ES,2020-04-18,Returning,11,0,2503,DEV006487,1591.11
C006488,CA,2025-09-24,New,1,0,676,DEV006488,140.4
C006489,GB,2025-08-13,Occasional,1,0,192,DEV006489,127.53
C006490,IE,2025-05-27,New,0,0,307,DEV006490,0.0
C006491,IE,2025-06-05,Occasional,6,0,562,DEV006491,771.88
C006492,DE,2023-12-04,Loyal,65,0,1374,DEV006492,8571.15
C006493,IE,2025-06-22,New,1,0,744,DEV006493,93.67
C006494,IE,2025-05-12,New,1,0,804,DEV006494,119.25
C006495,ES,2021-06-22,Returning,17,0,1802,DEV006495,2510.4
C006496,GB,2025-07-27,Occasional,5,0,171,DEV006496,300.45
C006497,NL,2020-01-20,Returning,17,0,2485,DEV006497,1454.2
C006498,GB,2023-01-07,Returning,10,0,1284,DEV006498,915.18
C006499,NL,2025-03-25,New,2,0,887,DEV006499,287.43
C006500,FR,2025-04-23,New,0,0,591,DEV006500,0.0
C006501,FR,2020-12-11,Returning,13,0,2176,DEV006501,682.14
C006502,DE,2022-05-20,Occasional,4,0,1665,DEV006502,343.32
C006503,IT,2025-10-10,New,2,0,169,DEV006503,224.59
C006504,DE,2023-06-03,Returning,14,0,1254,DEV006504,1010.29
C006505,GB,2022-06-04,Occasional,4,0,1709,DEV006505,405.44
C006506,AU,2021-09-05,Returning,17,0,2112,DEV006506,453.95
C006507,NL,2025-02-06,New,1,0,881,DEV006507,111.59
C006508,US,2022-10-14,Occasional,6,0,1479,DEV006508,220.03
C006509,CA,2022-08-12,Loyal,99,0,1727,DEV006509,10203.06
C006510,ES,2023-03-07,Occasional,1,0,1173,DEV006510,79.32
C006511,GB,2019-03-15,Returning,19,0,2575,DEV006511,311.86
C006512,CA,2022-06-29,Occasional,6,0,1324,DEV006512,529.89
C006513,DE,2024-10-24,Returning,15,0,844,DEV006513,1584.85
C006514,FR,2022-02-03,Loyal,80,0,2041,DEV006514,6720.25
C006515,CA,2024-11-17,Occasional,3,0,929,DEV006515,417.64
C006516,FR,2025-10-22,New,2,0,499,DEV006516,307.55
C006517,IT,2025-01-14,Occasional,2,0,733,DEV006517,284.34
C006518,GB,2025-05-21,Occasional,2,0,642,DEV006518,111.0
C006519,IE,2024-10-28,Occasional,2,0,884,DEV006519,52.94
C006520,IE,2023-07-01,Loyal,74,0,1357,DEV006520,5741.4
C006521,GB,2022-09-15,Occasional,1,0,1377,DEV006521,79.79
C006522,DE,2022-04-11,Loyal,40,0,1939,DEV006522,4161.2
C006523,DE,2023-05-30,Occasional,5,0,1245,DEV006523,437.15
C006524,FR,2025-01-07,New,0,0,1077,DEV006524,0.0
C006525,IE,2022-04-16,Occasional,6,0,1811,DEV006525,594.59
C006526,ES,2025-08-20,New,1,0,665,DEV006526,24.92
C006527,GB,2025-04-05,Occasional,6,0,645,DEV006527,553.79
C006528,IT,2025-03-25,New,2,0,853,DEV006528,337.66
C006529,CA,2022-08-01,Returning,24,0,1767,DEV006529,677.4
C006530,FR,2025-06-15,New,2,0,203,DEV006530,104.03
C006531,IT,2024-02-29,Occasional,3,0,1060,DEV006531,477.7
C006532,AU,2023-10-09,Loyal,75,0,1239,DEV006532,8763.78
C006533,GB,2023-12-03,Returning,11,0,1244,DEV006533,563.4
C006534,IE,2023-10-13,Occasional,2,0,830,DEV006534,231.21
C006535,IE,2023-07-27,Occasional,6,0,1189,DEV006535,920.38
C006536,IT,2025-03-04,Occasional,2,0,450,DEV006536,275.22
C006537,NL,2025-05-17,New,0,0,331,DEV006537,0.0
C006538,FR,2021-09-28,Returning,24,0,2149,DEV006538,3803.47
C006539,IT,2023-06-23,Occasional,2,0,1296,DEV006539,212.35
C006540,ES,2024-09-24,Occasional,3,0,925,DEV006540,170.58
C006541,US,2025-07-11,New,0,0,349,DEV006541,0.0
C006542,FR,2021-07-12,Returning,5,0,2270,DEV006542,173.61
C006543,GB,2025-06-03,New,1,0,346,DEV006543,123.1
C006544,FR,2025-06-16,Occasional,3,0,231,DEV006544,145.43
C006545,AU,2019-06-05,Loyal,54,0,2524,DEV006545,1876.74
C006546,IE,2021-09-25,Returning,11,0,2248,DEV006546,477.38
C006547,IE,2021-03-04,Returning,5,0,2296,DEV006547,411.86
C006548,GB,2024-12-22,Returning,10,0,663,DEV006548,528.36
C006549,IE,2023-12-30,Returning,23,0,1186,DEV006549,2078.57
C006550,ES,2022-09-11,Occasional,4,0,1303,DEV006550,408.31
C006551,US,2020-02-01,Returning,21,0,2532,DEV006551,1888.03
C006552,ES,2020-09-11,Loyal,64,0,2211,DEV006552,3791.02
C006553,FR,2022-05-12,Occasional,2,0,1742,DEV006553,140.17
C006554,NL,2022-06-30,Occasional,3,1,1733,DEV006554,284.21
C006555,IT,2021-01-05,Loyal,70,0,2518,DEV006555,4404.3
C006556,IE,2025-02-24,Occasional,4,0,576,DEV006556,418.69
C006557,FR,2024-12-08,Returning,7,0,1055,DEV006557,445.49
C006558,IE,2019-02-11,Loyal,58,0,2809,DEV006558,6281.39
C006559,ES,2025-02-08,Occasional,2,0,659,DEV006559,248.45
C006560,AU,2025-08-08,Occasional,2,0,709,DEV006560,170.6
C006561,CA,2024-01-29,Returning,17,0,1211,DEV006561,1555.45
C006562,ES,2021-08-03,Returning,5,0,1941,DEV006562,299.62
C006563,FR,2025-10-05,New,0,0,231,DEV006563,0.0
C006564,FR,2025-01-14,New,1,0,818,DEV006564,122.4
C006565,US,2021-09-22,Returning,8,0,2237,DEV006565,251.84
C006566,FR,2023-09-14,Occasional,3,0,1195,DEV006566,117.94
C006567,CA,2019-09-09,Returning,19,0,2956,DEV006567,1702.34
C006568,NL,2025-06-24,New,2,0,446,DEV006568,222.37
C006569,GB,2022-07-25,Loyal,83,0,1507,DEV006569,6956.4
C006570,CA,2025-07-28,New,0,0,720,DEV006570,0.0
C006571,AU,2025-05-02,Occasional,1,0,737,DEV006571,33.2
C006572,IE,2025-07-26,New,0,0,436,DEV006572,0.0
C006573,CA,2021-04-27,Returning,24,0,2397,DEV006573,838.39
C006574,CA,2023-09-24,Occasional,3,0,884,DEV006574,275.23
C006575,CA,2024-12-27,Occasional,2,0,404,DEV006575,80.05
C006576,FR,2023-11-02,Occasional,5,0,1137,DEV006576,376.9
C006577,FR,2024-05-08,Occasional,2,0,954,DEV006577,100.44
C006578,CA,2021-06-30,Returning,14,0,1886,DEV006578,1100.17
C006579,GB,2023-08-24,Returning,21,0,1094,DEV006579,1675.22
C006580,NL,2022-03-12,Returning,23,0,1397,DEV006580,1792.5
C006581,AU,2024-06-07,Returning,16,0,919,DEV006581,1159.57
C006582,FR,2025-09-09,New,0,0,273,DEV006582,0.0
C006583,NL,2021-06-30,Returning,15,0,2180,DEV006583,1171.11
C006584,FR,2024-02-02,Occasional,4,0,1053,DEV006584,436.15
C006585,FR,2025-04-23,New,2,0,668,DEV006585,221.01
C006586,US,2025-04-19,New,2,0,687,DEV006586,105.63
C006587,IT,2020-07-24,Returning,14,0,2061,DEV006587,445.47
C006588,NL,2022-03-14,Occasional,4,0,2090,DEV006588,156.5
C006589,GB,2025-01-26,New,1,0,699,DEV006589,116.51
C006590,DE,2023-08-29,Occasional,1,0,946,DEV006590,40.38
C006591,CA,2023-11-15,Occasional,2,0,1418,DEV006591,304.85
C006592,ES,2022-08-23,Occasional,6,0,1305,DEV006592,644.14
C006593,FR,2024-07-16,Occasional,3,0,1204,DEV006593,108.6
C006594,GB,2024-09-05,Occasional,4,0,1165,DEV006594,569.86
C006595,IE,2024-01-30,Returning,22,0,1248,DEV006595,1223.47
C006596,CA,2022-03-29,Occasional,6,0,1502,DEV006596,133.69
C006597,AU,2021-09-27,Returning,14,0,2191,DEV006597,1116.32
C006598,IE,2023-10-08,Returning,23,1,983,DEV006598,1471.43
C006599,AU,2023-06-27,Occasional,3,0,1436,DEV006599,409.51
C006600,AU,2024-07-06,Occasional,5,0,962,DEV006600,481.9
C006601,IE,2020-11-09,Returning,13,0,2531,DEV006601,1407.15
C006602,GB,2023-02-07,Loyal,31,0,1203,DEV006602,1651.73
C006603,ES,2023-01-20,Loyal,40,0,1276,DEV006603,4258.25
C006604,ES,2022-11-30,Returning,22,0,1346,DEV006604,2999.12
C006605,NL,2023-08-06,Returning,7,0,1258,DEV006605,989.51
C006606,GB,2023-01-10,Occasional,2,0,1156,DEV006606,181.86
C006607,FR,2024-01-09,Returning,19,0,1437,DEV006607,479.17
C006608,ES,2025-06-01,New,1,0,605,DEV006608,109.32
C006609,IE,2022-11-13,Occasional,1,0,1712,DEV006609,123.64
C006610,NL,2025-09-08,New,1,0,613,DEV006610,52.2
C006611,IT,2023-01-17,Returning,24,0,1281,DEV006611,1008.96
C006612,US,2023-06-24,Loyal,41,0,1085,DEV006612,934.75
C006613,IT,2021-03-27,Returning,8,0,2359,DEV006613,888.52
C006614,FR,2025-11-18,New,2,0,366,DEV006614,123.68
C006615,FR,2023-12-22,Loyal,51,0,1310,DEV006615,6446.34
C006616,CA,2024-12-22,Occasional,5,0,705,DEV006616,572.98
C006617,IT,2019-12-09,Loyal,67,0,2640,DEV006617,3306.57
C006618,NL,2021-07-25,Returning,11,0,1769,DEV006618,796.6
C006619,CA,2019-09-29,Returning,16,0,2881,DEV006619,2285.0
C006620,FR,2024-02-29,Occasional,6,0,988,DEV006620,469.02
C006621,FR,2023-04-11,Occasional,4,0,1637,DEV006621,344.6
C006622,GB,2025-08-10,New,0,0,183,DEV006622,0.0
C006623,US,2021-01-17,Loyal,46,0,2422,DEV006623,5923.92
C006624,US,2023-07-10,Occasional,3,0,1415,DEV006624,251.54
C006625,DE,2023-09-29,Occasional,3,0,1527,DEV006625,172.71
C006626,FR,2025-09-21,Occasional,3,0,772,DEV006626,327.66
C006627,ES,2025-03-10,New,0,0,884,DEV006627,0.0
C006628,IE,2023-11-28,Loyal,100,0,772,DEV006628,12851.63
C006629,ES,2022-08-09,Returning,14,0,1942,DEV006629,1832.79
C006630,ES,2023-04-03,Loyal,34,0,1360,DEV006630,1455.41
C006631,ES,2022-03-02,Returning,13,0,1626,DEV006631,780.74
C006632,NL,2025-07-08,New,0,0,749,DEV006632,0.0
C006633,FR,2023-06-12,Returning,16,0,1197,DEV006633,1334.84
C006634,NL,2025-03-10,Occasional,6,0,425,DEV006634,519.79
C006635,AU,2022-03-12,Loyal,20,0,1916,DEV006635,2130.21
C006636,IT,2023-07-21,Occasional,4,0,966,DEV006636,567.35
C006637,GB,2025-01-11,New,2,0,958,DEV006637,176.39
C006638,FR,2018-11-14,Loyal,100,0,2650,DEV006638,8943.32
C006639,ES,2023-03-31,Occasional,1,0,1736,DEV006639,87.82
C006640,ES,2021-05-25,Returning,5,0,2200,DEV006640,509.75
C006641,US,2024-02-11,Returning,17,0,955,DEV006641,1252.12
C006642,GB,2025-04-23,New,0,0,536,DEV006642,0.0
C006643,ES,2022-08-07,Occasional,5,0,1581,DEV006643,199.78
C006644,IE,2025-03-08,Occasional,1,0,348,DEV006644,70.46
C006645,GB,2025-10-26,New,2,0,402,DEV006645,55.89
C006646,ES,2024-08-05,Occasional,5,0,1162,DEV006646,568.34
C006647,US,2023-03-14,Occasional,1,0,1540,DEV006647,66.94
C006648,IT,2022-05-08,Occasional,3,0,1539,DEV006648,109.34
C006649,DE,2024-10-07,Returning,15,0,597,DEV006649,1176.34
C006650,GB,2022-12-29,Occasional,2,0,1267,DEV006650,115.8
C006651,DE,2025-01-25,Occasional,1,0,619,DEV006651,75.92
C006652,AU,2025-05-22,New,0,0,357,DEV006652,0.0
C006653,IT,2022-03-30,Occasional,3,0,1902,DEV006653,393.38
C006654,IT,2025-11-14,New,1,0,214,DEV006654,96.07
C006655,US,2017-03-28,Loyal,94,1,3301,DEV006655,2560.55
C006656,IE,2023-07-17,Loyal,61,2,947,DEV006656,9286.69
C006657,US,2024-01-12,Occasional,2,0,841,DEV006657,86.37
C006658,US,2025-12-07,New,1,0,175,DEV006658,76.65
C006659,IE,2025-02-25,Occasional,5,0,426,DEV006659,235.83
C006660,NL,2025-01-09,New,2,0,480,DEV006660,280.43
C006661,NL,2022-07-30,Occasional,6,0,1461,DEV006661,716.65
C006662,IE,2024-10-24,Occasional,6,0,439,DEV006662,505.38
C006663,IT,2024-07-09,Occasional,6,0,1157,DEV006663,485.36
C006664,DE,2025-03-27,New,2,0,301,DEV006664,149.56
C006665,CA,2023-09-12,Occasional,3,0,1272,DEV006665,439.06
C006666,AU,2025-08-08,New,2,0,822,DEV006666,247.82
C006667,US,2025-04-19,New,1,0,759,DEV006667,65.65
C006668,IT,2022-02-23,Occasional,5,0,1738,DEV006668,617.54
C006669,US,2025-02-01,New,2,0,651,DEV006669,253.17
C006670,GB,2022-04-21,Occasional,5,0,1975,DEV006670,424.25
C006671,FR,2023-11-24,Occasional,1,0,843,DEV006671,44.04
C006672,AU,2025-06-24,New,2,0,588,DEV006672,54.22
C006673,FR,2021-12-08,Returning,13,0,1997,DEV006673,1253.97
C006674,FR,2018-06-01,Loyal,90,0,3057,DEV006674,3869.92
C006675,US,2022-09-03,Occasional,3,0,1347,DEV006675,105.15
C006676,IE,2019-08-14,Returning,19,0,2533,DEV006676,1051.83
C006677,CA,2017-05-04,Loyal,25,0,3522,DEV006677,3950.61
C006678,ES,2019-04-27,Returning,12,0,3082,DEV006678,623.56
C006679,GB,2023-09-08,Occasional,4,0,1079,DEV006679,404.53
C006680,DE,2022-02-16,Occasional,5,0,1873,DEV006680,679.98
C006681,NL,2025-07-05,New,1,0,477,DEV006681,106.97
C006682,GB,2024-08-01,Occasional,4,0,1098,DEV006682,277.81
C006683,US,2023-07-02,Returning,7,0,1018,DEV006683,675.61
C006684,AU,2023-02-17,Occasional,3,0,1530,DEV006684,387.63
C006685,FR,2025-11-29,New,1,0,311,DEV006685,92.94
C006686,GB,2021-11-13,Returning,5,0,1660,DEV006686,593.26
C006687,IT,2023-11-29,Occasional,4,0,830,DEV006687,281.51
C006688,CA,2023-02-24,Returning,24,0,1698,DEV006688,1508.31
C006689,NL,2019-04-07,Loyal,46,0,2735,DEV006689,5764.7
C006690,US,2025-10-22,New,2,0,536,DEV006690,202.41
C006691,CA,2025-09-27,Occasional,5,0,263,DEV006691,353.18
C006692,IE,2017-03-18,Loyal,99,2,3249,DEV006692,8616.56
C006693,NL,2023-07-30,Occasional,4,0,1394,DEV006693,126.63
C006694,DE,2024-04-23,Returning,20,0,1303,DEV006694,950.53
C006695,CA,2024-05-19,Returning,14,0,1182,DEV006695,406.52
C006696,US,2023-10-01,Returning,15,0,1467,DEV006696,2015.37
C006697,IE,2023-02-03,Occasional,6,0,1316,DEV006697,864.76
C006698,US,2021-02-19,Returning,6,0,1818,DEV006698,632.19
C006699,FR,2025-02-06,New,0,0,731,DEV006699,0.0
C006700,FR,2025-06-20,New,0,0,731,DEV006700,0.0
C006701,CA,2021-08-09,Returning,18,0,2113,DEV006701,2508.77
C006702,NL,2021-11-01,Returning,9,0,1556,DEV006702,242.37
C006703,ES,2022-11-03,Occasional,1,0,1741,DEV006703,160.09
C006704,US,2024-11-16,Returning,24,0,424,DEV006704,2911.71
C006705,IE,2024-02-19,Occasional,6,0,1152,DEV006705,929.24
C006706,IE,2025-06-27,New,0,0,507,DEV006706,0.0
C006707,IT,2022-12-14,Occasional,1,0,1357,DEV006707,134.06
C006708,CA,2025-09-15,New,0,0,345,DEV006708,0.0
C006709,NL,2025-01-12,New,1,0,1029,DEV006709,105.54
C006710,ES,2025-12-20,New,1,0,272,DEV006710,86.23
C006711,IT,2025-09-28,New,2,0,528,DEV006711,247.31
C006712,ES,2025-07-16,New,0,0,825,DEV006712,0.0
C006713,IT,2022-07-02,Occasional,5,0,1896,DEV006713,675.42
C006714,DE,2022-03-10,Occasional,5,0,1961,DEV006714,294.71
C006715,IE,2021-12-28,Loyal,94,0,1562,DEV006715,3625.16
C006716,AU,2025-01-07,New,0,0,904,DEV006716,0.0
C006717,US,2021-03-16,Returning,5,0,1930,DEV006717,122.32
C006718,FR,2020-02-15,Returning,15,0,2784,DEV006718,2063.84
C006719,IE,2025-07-19,New,2,0,354,DEV006719,264.03
C006720,IE,2021-09-06,Loyal,64,0,2247,DEV006720,3590.91
C006721,ES,2019-08-08,Returning,8,0,2852,DEV006721,310.92
C006722,FR,2025-03-08,Occasional,5,0,373,DEV006722,515.29
C006723,DE,2025-02-02,New,1,0,734,DEV006723,84.72
C006724,IE,2024-12-31,Returning,10,0,376,DEV006724,666.02
C006725,DE,2025-11-23,New,1,0,103,DEV006725,95.32
C006726,GB,2025-09-30,Occasional,5,0,702,DEV006726,127.6
C006727,AU,2022-08-18,Returning,13,0,1665,DEV006727,337.77
C006728,IT,2023-12-21,Loyal,71,0,984,DEV006728,6125.36
C006729,DE,2025-09-05,New,2,0,721,DEV006729,85.1
C006730,US,2025-07-04,New,1,0,770,DEV006730,103.85
C006731,NL,2021-11-27,Returning,5,0,2084,DEV006731,154.56
C006732,NL,2019-05-01,Returning,9,0,2580,DEV006732,781.42
C006733,IT,2023-08-14,Returning,6,0,903,DEV006733,390.84
C006734,FR,2024-06-30,Occasional,1,0,1061,DEV006734,43.21
C006735,US,2020-12-04,Returning,6,0,1913,DEV006735,650.24
C006736,ES,2019-03-26,Returning,8,0,2837,DEV006736,777.44
C006737,GB,2019-04-05,Returning,12,1,3175,DEV006737,703.37
C006738,GB,2022-12-22,Occasional,2,0,1574,DEV006738,176.52
C006739,NL,2023-07-18,Occasional,6,0,1370,DEV006739,781.09
C006740,IT,2024-02-29,Occasional,1,0,891,DEV006740,139.3
C006741,US,2022-01-24,Returning,20,0,1464,DEV006741,2287.66
C006742,IE,2025-04-10,New,1,0,966,DEV006742,85.12
C006743,NL,2021-03-12,Returning,15,0,2320,DEV006743,420.38
C006744,NL,2025-05-15,New,0,0,538,DEV006744,0.0
C006745,NL,2023-09-28,Occasional,6,0,1402,DEV006745,917.38
C006746,AU,2023-12-06,Occasional,5,0,1190,DEV006746,190.98
C006747,AU,2019-11-13,Returning,12,0,2859,DEV006747,966.4
C006748,IT,2025-12-11,New,0,0,335,DEV006748,0.0
C006749,IE,2025-05-13,New,2,0,810,DEV006749,262.96
C006750,ES,2022-01-28,Occasional,3,0,1552,DEV006750,75.97
C006751,AU,2020-04-10,Loyal,25,0,2190,DEV006751,3906.46
C006752,ES,2024-10-17,Occasional,6,0,614,DEV006752,122.91
C006753,NL,2025-11-26,New,1,0,668,DEV006753,40.39
C006754,IT,2019-07-09,Returning,24,0,2575,DEV006754,3042.85
C006755,IE,2017-11-16,Loyal,52,0,3189,DEV006755,6494.75
C006756,NL,2020-04-18,Returning,7,0,2743,DEV006756,376.66
C006757,AU,2019-06-14,Returning,16,0,2513,DEV006757,1401.3
C006758,ES,2025-08-19,New,1,0,142,DEV006758,42.48
C006759,FR,2022-12-06,Occasional,1,0,1662,DEV006759,68.2
C006760,FR,2025-01-09,New,1,0,468,DEV006760,154.83
C006761,IT,2023-07-20,Returning,22,0,1496,DEV006761,1357.49
C006762,ES,2024-07-12,Occasional,6,0,785,DEV006762,469.67
C006763,GB,2020-11-12,Loyal,97,0,2093,DEV006763,12003.88
C006764,IE,2024-10-02,Occasional,6,0,1098,DEV006764,495.63
C006765,AU,2025-12-01,New,2,0,243,DEV006765,179.53
C006766,GB,2025-02-22,New,2,0,968,DEV006766,78.43
C006767,CA,2025-08-15,New,1,0,554,DEV006767,42.98
C006768,US,2024-05-22,Occasional,3,2,839,DEV006768,100.53
C006769,AU,2023-11-17,Occasional,2,0,1433,DEV006769,93.18
C006770,IE,2022-07-20,Returning,6,0,1490,DEV006770,992.82
C006771,AU,2018-04-23,Loyal,62,0,3295,DEV006771,2104.53
C006772,IE,2025-03-08,New,0,0,791,DEV006772,0.0
C006773,US,2023-02-16,Occasional,4,0,1382,DEV006773,223.97
C006774,CA,2025-04-18,Occasional,3,0,801,DEV006774,391.39
C006775,US,2019-01-03,Returning,17,0,3027,DEV006775,1477.22
C006776,ES,2021-10-03,Returning,14,0,1786,DEV006776,1090.7
C006777,IE,2020-09-27,Returning,6,0,2408,DEV006777,545.61
C006778,AU,2023-03-04,Returning,16,0,1120,DEV006778,366.8
C006779,AU,2025-10-05,New,0,0,536,DEV006779,0.0
C006780,FR,2023-02-17,Returning,19,0,1282,DEV006780,1948.89
C006781,NL,2024-12-16,Occasional,6,0,574,DEV006781,304.41
C006782,DE,2022-11-06,Occasional,6,0,1360,DEV006782,195.06
C006783,AU,2023-11-06,Occasional,3,0,1331,DEV006783,226.47
C006784,CA,2025-12-24,New,0,0,491,DEV006784,0.0
C006785,IE,2022-09-22,Returning,22,0,1199,DEV006785,406.31
C006786,AU,2025-08-30,Occasional,1,0,411,DEV006786,78.45
C006787,FR,2025-09-02,New,1,0,741,DEV006787,59.17
C006788,US,2023-05-23,Returning,14,0,1598,DEV006788,301.16
C006789,CA,2023-11-17,Returning,14,0,1358,DEV006789,530.98
C006790,NL,2023-11-05,Occasional,6,0,1069,DEV006790,423.94
C006791,US,2023-08-26,Occasional,4,0,1576,DEV006791,399.43
C006792,IE,2025-02-23,New,1,0,968,DEV006792,36.93
C006793,ES,2025-04-17,Occasional,2,3,533,DEV006793,250.73
C006794,ES,2021-11-24,Loyal,35,0,1948,DEV006794,1116.33
C006795,IE,2025-06-10,New,0,0,752,DEV006795,0.0
C006796,GB,2022-01-29,Occasional,3,0,1720,DEV006796,268.25
C006797,ES,2023-07-24,Occasional,4,0,1201,DEV006797,392.5
C006798,IE,2025-07-09,New,0,0,816,DEV006798,0.0
C006799,US,2022-08-08,Returning,9,0,1901,DEV006799,1234.41
C006800,DE,2022-11-30,Returning,21,0,1609,DEV006800,714.03
C006801,NL,2023-08-02,Occasional,2,0,1240,DEV006801,180.59
C006802,DE,2025-05-21,New,2,0,635,DEV006802,194.0
C006803,NL,2025-01-01,Occasional,2,0,388,DEV006803,290.15
C006804,IT,2024-05-06,Occasional,6,0,1005,DEV006804,215.24
C006805,US,2020-05-07,Returning,20,0,2216,DEV006805,1585.75
C006806,US,2021-01-26,Returning,5,0,2125,DEV006806,491.34
C006807,ES,2025-02-03,New,2,0,529,DEV006807,155.45
C006808,CA,2025-01-08,New,0,0,552,DEV006808,0.0
C006809,AU,2023-08-08,Occasional,1,0,1380,DEV006809,26.68
C006810,FR,2025-05-20,New,0,0,304,DEV006810,0.0
C006811,AU,2023-07-23,Occasional,4,0,1025,DEV006811,429.41
C006812,DE,2024-04-05,Returning,15,0,790,DEV006812,502.44
C006813,IT,2025-04-26,New,0,0,639,DEV006813,0.0
C006814,IE,2019-08-07,Returning,22,0,2784,DEV006814,2499.57
C006815,ES,2023-04-25,Occasional,4,0,1649,DEV006815,398.4
C006816,IE,2020-06-13,Returning,23,0,2543,DEV006816,1547.44
C006817,NL,2022-11-24,Occasional,2,1,1257,DEV006817,97.07
C006818,GB,2025-10-05,New,2,0,178,DEV006818,280.89
C006819,DE,2024-10-18,Returning,9,0,513,DEV006819,1157.13
C006820,IT,2024-09-06,Occasional,2,0,682,DEV006820,213.68
C006821,US,2022-09-12,Occasional,4,0,1423,DEV006821,205.49
C006822,FR,2025-07-24,New,1,0,319,DEV006822,102.59
C006823,FR,2023-09-27,Occasional,2,0,1497,DEV006823,97.14
C006824,US,2025-02-28,New,0,0,318,DEV006824,0.0
C006825,FR,2022-06-03,Returning,9,0,1599,DEV006825,214.25
C006826,AU,2023-05-07,Occasional,4,0,1561,DEV006826,295.92
C006827,US,2022-12-25,Occasional,3,0,1386,DEV006827,302.37
C006828,IE,2024-12-13,Occasional,6,0,480,DEV006828,525.76
C006829,IE,2019-12-27,Returning,18,0,2430,DEV006829,1950.62
C006830,FR,2025-04-28,Occasional,2,0,456,DEV006830,107.83
C006831,DE,2024-01-29,Returning,18,0,887,DEV006831,2333.51
C006832,NL,2022-01-15,Occasional,3,0,1576,DEV006832,502.87
C006833,IE,2025-01-01,Occasional,5,0,719,DEV006833,262.19
C006834,CA,2022-07-01,Returning,23,0,1727,DEV006834,620.69
C006835,NL,2021-04-17,Returning,24,0,1754,DEV006835,3632.6
C006836,ES,2022-09-15,Returning,18,0,1369,DEV006836,1322.09
C006837,ES,2022-04-04,Returning,22,0,1880,DEV006837,3837.91
C006838,IE,2023-09-02,Returning,21,0,1080,DEV006838,1159.52
C006839,IE,2025-01-22,New,0,0,809,DEV006839,0.0
C006840,AU,2022-08-07,Occasional,5,0,1242,DEV006840,806.27
C006841,IE,2023-09-05,Occasional,5,1,983,DEV006841,785.99
C006842,IE,2022-07-19,Returning,18,0,1764,DEV006842,1546.11
C006843,IE,2023-03-07,Occasional,4,0,1707,DEV006843,183.82
C006844,GB,2023-01-23,Occasional,6,0,1288,DEV006844,296.81
C006845,IE,2025-05-26,New,0,0,904,DEV006845,0.0
C006846,NL,2025-03-02,Occasional,1,0,388,DEV006846,53.5
C006847,DE,2023-10-12,Occasional,2,0,1306,DEV006847,186.01
C006848,AU,2020-02-24,Loyal,55,0,2371,DEV006848,3312.17
C006849,IE,2025-09-27,New,2,0,614,DEV006849,100.9
C006850,GB,2025-11-13,New,2,0,157,DEV006850,105.51
C006851,IT,2020-10-14,Returning,16,0,2374,DEV006851,1970.56
C006852,IT,2019-10-04,Returning,20,0,2640,DEV006852,1338.44
C006853,GB,2025-10-23,New,2,0,335,DEV006853,190.32
C006854,GB,2025-03-05,New,1,0,764,DEV006854,89.23
C006855,IT,2022-12-05,Occasional,4,0,1216,DEV006855,272.92
C006856,US,2025-08-10,Occasional,3,0,732,DEV006856,331.73
C006857,IT,2025-09-11,Occasional,5,0,700,DEV006857,470.05
C006858,FR,2025-04-06,Occasional,3,0,338,DEV006858,137.54
C006859,NL,2025-10-17,New,2,0,793,DEV006859,38.18
C006860,IT,2024-03-14,Occasional,6,0,1296,DEV006860,477.63
C006861,US,2025-04-18,Occasional,1,0,754,DEV006861,86.45
C006862,GB,2023-04-21,Returning,6,0,1340,DEV006862,539.51
C006863,FR,2025-07-10,Occasional,4,0,677,DEV006863,89.23
C006864,ES,2019-06-06,Returning,14,0,2781,DEV006864,1482.63
C006865,CA,2023-03-04,Occasional,3,0,1308,DEV006865,396.02
C006866,CA,2019-07-01,Returning,16,0,2844,DEV006866,630.86
C006867,FR,2025-12-18,New,0,1,110,DEV006867,0.0
C006868,IT,2023-06-12,Returning,17,0,1607,DEV006868,1084.19
C006869,US,2023-12-11,Occasional,5,0,917,DEV006869,418.25
C006870,CA,2022-12-30,Occasional,5,0,1241,DEV006870,737.34
C006871,ES,2023-12-08,Returning,23,0,1165,DEV006871,2995.1
C006872,FR,2023-02-25,Occasional,4,0,1598,DEV006872,103.93
C006873,IT,2023-07-30,Occasional,1,0,1067,DEV006873,101.88
C006874,IE,2022-03-22,Occasional,4,0,1453,DEV006874,308.37
C006875,IT,2025-09-20,Occasional,3,0,732,DEV006875,262.6
C006876,DE,2022-09-28,Occasional,1,0,1662,DEV006876,60.44
C006877,FR,2025-08-21,New,2,0,472,DEV006877,159.08
C006878,FR,2025-02-15,New,0,0,634,DEV006878,0.0
C006879,GB,2022-12-11,Returning,20,0,1347,DEV006879,865.39
C006880,IT,2025-12-21,New,1,0,254,DEV006880,82.24
C006881,GB,2022-02-11,Returning,9,0,1959,DEV006881,320.31
C006882,GB,2025-09-17,New,2,0,139,DEV006882,146.67
C006883,DE,2024-01-10,Returning,6,0,1449,DEV006883,689.96
C006884,NL,2025-06-22,New,0,0,480,DEV006884,0.0
C006885,IT,2022-06-18,Returning,16,0,1620,DEV006885,1528.95
C006886,IT,2020-06-11,Returning,21,0,2240,DEV006886,2456.27
C006887,DE,2020-02-14,Returning,11,1,2602,DEV006887,1435.5
C006888,DE,2023-04-17,Occasional,1,0,1065,DEV006888,78.5
C006889,GB,2020-05-20,Returning,14,0,2440,DEV006889,846.29
C006890,ES,2020-10-27,Returning,12,0,2344,DEV006890,622.84
C006891,IT,2019-06-26,Returning,24,0,2973,DEV006891,1590.91
C006892,FR,2022-02-11,Occasional,3,0,1966,DEV006892,344.45
C006893,FR,2025-08-04,Occasional,5,0,653,DEV006893,629.31
C006894,DE,2022-12-04,Occasional,3,0,1702,DEV006894,118.26
C006895,US,2025-02-17,New,2,0,825,DEV006895,209.04
C006896,CA,2025-10-21,New,1,0,241,DEV006896,54.49
C006897,IE,2025-12-14,New,1,0,713,DEV006897,23.03
C006898,AU,2025-08-22,Occasional,3,0,668,DEV006898,83.19
C006899,ES,2024-05-04,Occasional,5,0,855,DEV006899,804.99
C006900,ES,2025-08-24,New,2,0,648,DEV006900,193.74
C006901,IE,2025-10-05,New,1,0,196,DEV006901,69.4
C006902,ES,2025-09-08,New,1,0,756,DEV006902,58.68
C006903,IE,2024-08-12,Returning,11,0,709,DEV006903,520.21
C006904,CA,2022-06-29,Occasional,4,0,1628,DEV006904,365.63
C006905,IE,2024-02-29,Occasional,1,0,1094,DEV006905,112.21
C006906,IT,2025-03-27,New,0,0,805,DEV006906,0.0
C006907,CA,2022-01-27,Occasional,5,0,2030,DEV006907,238.05
C006908,IE,2021-09-10,Returning,16,0,1837,DEV006908,846.2
C006909,DE,2024-11-11,Occasional,6,0,443,DEV006909,744.03
C006910,AU,2019-11-05,Returning,12,0,2933,DEV006910,810.77
C006911,AU,2019-04-20,Returning,23,0,3162,DEV006911,1938.09
C006912,IT,2025-04-26,New,1,0,689,DEV006912,65.43
C006913,US,2025-02-18,Occasional,6,0,580,DEV006913,813.85
C006914,ES,2021-08-26,Returning,23,0,2282,DEV006914,573.75
C006915,NL,2025-11-04,New,0,0,278,DEV006915,0.0
C006916,IE,2025-01-28,New,2,0,962,DEV006916,94.68
C006917,US,2024-12-11,Returning,12,0,532,DEV006917,1425.28
C006918,ES,2019-03-10,Returning,23,0,2791,DEV006918,2416.86
C006919,FR,2023-01-16,Returning,15,0,1231,DEV006919,1530.6
C006920,FR,2022-11-15,Returning,21,0,1236,DEV006920,845.22
C006921,ES,2025-01-05,New,1,0,804,DEV006921,124.44
C006922,IE,2022-08-13,Returning,16,0,1627,DEV006922,1545.3
C006923,GB,2023-08-31,Occasional,3,0,983,DEV006923,265.09
C006924,AU,2025-09-05,New,1,0,483,DEV006924,141.77
C006925,IE,2023-03-01,Returning,17,0,1659,DEV006925,366.21
C006926,GB,2020-11-20,Loyal,35,0,1930,DEV006926,773.18
C006927,CA,2025-08-28,New,1,0,659,DEV006927,162.9
C006928,GB,2023-08-02,Occasional,5,0,941,DEV006928,267.51
C006929,NL,2020-07-30,Loyal,75,0,2024,DEV006929,2966.36
C006930,IE,2025-12-21,New,0,0,406,DEV006930,0.0
C006931,IT,2020-11-23,Returning,10,0,2461,DEV006931,605.33
C006932,IT,2024-04-18,Returning,10,0,873,DEV006932,299.13
C006933,NL,2021-06-28,Loyal,65,0,2339,DEV006933,3919.43
C006934,GB,2025-08-10,Occasional,1,0,696,DEV006934,85.45
C006935,FR,2025-01-18,New,1,0,410,DEV006935,30.33
C006936,NL,2023-08-21,Loyal,60,0,1321,DEV006936,7755.64
C006937,AU,2020-02-12,Returning,5,0,2323,DEV006937,152.52
C006938,FR,2025-01-23,New,2,0,698,DEV006938,129.3
C006939,US,2019-10-11,Returning,15,0,2792,DEV006939,1356.36
C006940,FR,2025-09-08,New,2,0,689,DEV006940,183.1
C006941,ES,2022-06-28,Loyal,24,0,1668,DEV006941,1558.2
C006942,FR,2022-05-27,Occasional,2,0,1592,DEV006942,158.09
C006943,CA,2024-09-15,Returning,17,0,816,DEV006943,820.61
C006944,GB,2025-02-28,New,1,0,319,DEV006944,22.95
C006945,GB,2023-02-23,Occasional,1,0,1490,DEV006945,46.26
C006946,AU,2022-10-10,Occasional,1,0,1810,DEV006946,43.85
C006947,CA,2025-09-17,Occasional,1,0,764,DEV006947,95.44
C006948,FR,2018-09-13,Loyal,60,0,3107,DEV006948,3194.03
C006949,GB,2025-08-26,New,2,0,308,DEV006949,301.48
C006950,AU,2024-01-28,Occasional,5,0,1314,DEV006950,252.85
C006951,US,2025-01-07,New,0,0,1080,DEV006951,0.0
C006952,IT,2025-10-24,New,0,0,269,DEV006952,0.0
C006953,IE,2025-02-13,New,0,0,961,DEV006953,0.0
C006954,IE,2023-04-27,Loyal,91,0,1164,DEV006954,11987.51
C006955,IT,2019-07-27,Returning,5,0,2922,DEV006955,252.55
C006956,GB,2022-01-17,Occasional,4,0,1760,DEV006956,415.78
C006957,ES,2024-11-28,Occasional,6,0,486,DEV006957,265.4
C006958,US,2024-11-17,Returning,17,0,503,DEV006958,1237.93
C006959,IE,2017-03-06,Loyal,60,0,3431,DEV006959,4630.2
C006960,IT,2025-06-25,New,0,0,226,DEV006960,0.0
C006961,US,2025-07-04,New,2,0,741,DEV006961,121.08
C006962,IT,2021-08-23,Returning,8,0,1690,DEV006962,621.56
C006963,IT,2025-01-04,Occasional,6,0,526,DEV006963,509.02
C006964,CA,2023-03-26,Loyal,54,0,1476,DEV006964,1375.54
C006965,NL,2023-05-20,Returning,16,0,1478,DEV006965,1895.92
C006966,ES,2025-03-08,New,2,0,371,DEV006966,279.03
C006967,DE,2025-08-11,New,1,0,492,DEV006967,20.97
C006968,CA,2025-08-26,New,2,0,695,DEV006968,308.25
C006969,DE,2025-08-03,New,0,0,583,DEV006969,0.0
C006970,FR,2024-05-30,Occasional,3,0,1187,DEV006970,150.87
C006971,NL,2021-07-09,Returning,5,0,1789,DEV006971,430.75
C006972,US,2019-03-09,Returning,16,0,2535,DEV006972,992.11
C006973,AU,2019-12-31,Returning,6,0,2216,DEV006973,141.47
C006974,ES,2022-12-05,Occasional,6,0,1638,DEV006974,466.5
C006975,FR,2021-08-02,Loyal,68,0,2271,DEV006975,4124.4
C006976,IT,2021-03-06,Returning,11,0,2064,DEV006976,910.76
C006977,NL,2025-12-23,New,0,0,192,DEV006977,0.0
C006978,IE,2019-01-23,Returning,16,0,2647,DEV006978,1276.13
C006979,US,2021-11-14,Returning,24,0,1895,DEV006979,558.56
C006980,CA,2023-07-08,Occasional,1,0,1321,DEV006980,18.86
C006981,IE,2023-09-04,Occasional,1,0,1549,DEV006981,118.18
C006982,GB,2021-05-11,Returning,6,0,2262,DEV006982,443.44
C006983,IT,2025-11-04,New,2,0,701,DEV006983,201.2
C006984,DE,2023-02-20,Returning,10,0,1393,DEV006984,1571.95
C006985,GB,2022-08-05,Returning,14,0,1715,DEV006985,911.71
C006986,FR,2019-04-22,Returning,17,0,2456,DEV006986,2248.13
C006987,NL,2021-07-15,Returning,7,0,1939,DEV006987,693.56
C006988,IE,2025-05-05,New,2,0,252,DEV006988,171.35
C006989,FR,2020-10-30,Returning,11,0,2472,DEV006989,1212.3
C006990,ES,2025-08-13,New,2,0,235,DEV006990,56.92
C006991,ES,2017-02-06,Loyal,27,0,3594,DEV006991,922.6
C006992,DE,2019-02-19,Loyal,60,0,2705,DEV006992,2456.63
C006993,AU,2023-01-30,Occasional,6,0,1664,DEV006993,133.0
C006994,NL,2021-11-05,Returning,17,0,1874,DEV006994,978.92
C006995,IT,2025-11-10,New,0,0,781,DEV006995,0.0
C006996,US,2025-12-04,New,2,0,700,DEV006996,299.46
C006997,ES,2022-04-04,Occasional,4,0,1551,DEV006997,130.49
C006998,ES,2024-08-08,Returning,12,0,782,DEV006998,1381.58
C006999,NL,2021-02-09,Loyal,45,0,1869,DEV006999,2389.91
C007000,GB,2024-05-22,Occasional,1,0,940,DEV007000,152.44
C007001,AU,2024-03-15,Occasional,2,0,922,DEV007001,276.92
C007002,AU,2022-06-21,Occasional,3,0,1751,DEV007002,283.83
C007003,CA,2022-07-25,Occasional,4,0,1316,DEV007003,173.27
C007004,US,2022-06-11,Loyal,25,0,1825,DEV007004,1563.85
C007005,IE,2020-07-10,Loyal,99,0,2306,DEV007005,11897.76
C007006,DE,2024-07-26,Occasional,6,0,963,DEV007006,533.34
C007007,FR,2024-04-04,Occasional,4,0,871,DEV007007,533.28
C007008,ES,2024-08-13,Occasional,2,0,1034,DEV007008,313.33
C007009,IT,2022-04-11,Occasional,4,0,1810,DEV007009,515.0
C007010,NL,2024-04-24,Returning,23,0,919,DEV007010,2932.4
C007011,NL,2025-03-06,Occasional,2,0,365,DEV007011,241.33
C007012,CA,2023-02-04,Occasional,1,0,1392,DEV007012,82.97
C007013,DE,2023-11-08,Occasional,3,0,1121,DEV007013,218.0
C007014,DE,2019-07-03,Returning,17,0,2806,DEV007014,532.45
C007015,GB,2025-09-30,New,1,0,197,DEV007015,83.78
C007016,IT,2025-11-15,New,1,0,437,DEV007016,143.93
C007017,DE,2023-10-24,Occasional,4,0,1103,DEV007017,265.91
C007018,ES,2025-01-09,New,1,0,599,DEV007018,160.23
C007019,AU,2023-09-10,Loyal,41,0,1251,DEV007019,5325.77
C007020,DE,2020-02-23,Returning,15,0,2559,DEV007020,1413.65
C007021,US,2018-07-28,Loyal,70,0,2742,DEV007021,7423.35
C007022,NL,2019-12-05,Returning,12,0,2865,DEV007022,1371.81
C007023,GB,2023-11-07,Occasional,3,0,1185,DEV007023,378.81
C007024,CA,2025-08-06,Occasional,4,0,819,DEV007024,274.2
C007025,ES,2024-06-01,Occasional,6,0,821,DEV007025,248.45
C007026,GB,2025-10-03,New,1,0,448,DEV007026,47.94
C007027,IT,2022-07-10,Loyal,32,0,1918,DEV007027,3920.07
C007028,ES,2025-08-22,New,2,0,741,DEV007028,245.37
C007029,DE,2022-11-24,Returning,5,0,1618,DEV007029,582.82
C007030,IE,2023-11-02,Returning,14,0,1422,DEV007030,1378.2
C007031,FR,2024-09-20,Occasional,5,0,1105,DEV007031,724.35
C007032,DE,2025-09-23,Occasional,5,0,304,DEV007032,675.75
C007033,DE,2023-07-31,Occasional,2,0,1262,DEV007033,220.01
C007034,AU,2020-12-16,Returning,22,0,2110,DEV007034,2702.55
C007035,NL,2025-01-16,New,1,0,415,DEV007035,82.9
C007036,ES,2021-06-20,Returning,5,0,2383,DEV007036,570.22
C007037,AU,2019-03-18,Returning,5,0,3056,DEV007037,680.38
C007038,CA,2024-06-17,Returning,16,0,712,DEV007038,546.04
C007039,NL,2022-09-19,Returning,18,0,1839,DEV007039,2242.71
C007040,GB,2021-01-19,Loyal,44,0,2048,DEV007040,2070.48
C007041,IE,2024-06-20,Returning,8,0,995,DEV007041,679.96
C007042,US,2020-10-04,Returning,19,0,2560,DEV007042,549.84
C007043,IT,2021-03-30,Returning,20,0,2429,DEV007043,748.07
C007044,AU,2018-06-09,Loyal,90,0,3285,DEV007044,8758.26
C007045,FR,2024-05-03,Returning,16,0,690,DEV007045,2215.41
C007046,AU,2022-05-08,Occasional,3,0,1779,DEV007046,159.13
C007047,CA,2021-08-29,Returning,10,0,2173,DEV007047,810.3
C007048,CA,2025-08-25,New,2,0,727,DEV007048,112.41
C007049,DE,2022-12-03,Returning,17,0,1140,DEV007049,515.53
C007050,NL,2023-09-12,Occasional,4,0,909,DEV007050,166.36
C007051,US,2019-07-21,Loyal,89,0,2560,DEV007051,13485.73
C007052,NL,2019-01-05,Loyal,99,0,3153,DEV007052,6389.78
C007053,AU,2020-01-30,Returning,16,0,2611,DEV007053,2501.87
C007054,CA,2024-05-05,Returning,20,0,923,DEV007054,747.47
C007055,GB,2022-09-20,Returning,14,0,1547,DEV007055,1345.14
C007056,IT,2021-09-04,Returning,6,0,2032,DEV007056,306.56
C007057,IT,2023-12-06,Returning,23,0,1110,DEV007057,1947.95
C007058,IT,2024-02-10,Occasional,2,0,1284,DEV007058,99.69
C007059,NL,2022-02-14,Occasional,3,0,1785,DEV007059,168.79
C007060,FR,2022-06-30,Occasional,4,0,1791,DEV007060,711.57
C007061,IE,2025-07-25,New,2,0,740,DEV007061,246.59
C007062,IE,2025-05-29,Occasional,3,0,338,DEV007062,367.18
C007063,IE,2022-01-12,Returning,24,0,1973,DEV007063,2056.27
C007064,GB,2025-01-10,New,0,0,477,DEV007064,0.0
C007065,IE,2020-01-12,Returning,13,0,2880,DEV007065,706.56
C007066,GB,2021-01-07,Returning,9,0,2044,DEV007066,1344.84
C007067,GB,2025-05-29,New,0,0,876,DEV007067,0.0
C007068,ES,2024-09-26,Returning,22,0,872,DEV007068,790.11
C007069,CA,2019-08-11,Returning,15,0,2738,DEV007069,857.95
C007070,IT,2021-05-28,Returning,18,0,1745,DEV007070,721.48
C007071,FR,2021-07-16,Returning,22,0,1714,DEV007071,629.69
C007072,ES,2025-07-10,New,2,0,460,DEV007072,36.68
C007073,ES,2023-02-04,Returning,19,0,1572,DEV007073,2817.5
C007074,GB,2021-09-21,Returning,15,0,2092,DEV007074,917.89
C007075,ES,2023-09-05,Returning,20,0,1184,DEV007075,527.26
C007076,IE,2022-07-06,Returning,6,0,1343,DEV007076,547.92
C007077,FR,2025-09-09,New,0,0,330,DEV007077,0.0
C007078,NL,2021-06-11,Loyal,38,0,2243,DEV007078,2648.6
C007079,IT,2022-01-29,Returning,18,0,2047,DEV007079,1396.56
C007080,DE,2020-04-08,Loyal,55,0,2408,DEV007080,3100.95
C007081,FR,2022-10-22,Returning,14,0,1278,DEV007081,1370.72
C007082,ES,2022-06-13,Occasional,5,0,1958,DEV007082,644.63
C007083,CA,2022-11-26,Returning,13,0,1291,DEV007083,612.81
C007084,DE,2025-11-09,New,0,0,83,DEV007084,0.0
C007085,ES,2023-12-17,Occasional,6,0,1044,DEV007085,447.06
C007086,CA,2025-03-22,New,2,0,568,DEV007086,172.1
C007087,US,2025-05-15,New,2,0,291,DEV007087,155.91
C007088,DE,2025-09-01,New,1,0,845,DEV007088,89.63
C007089,GB,2022-05-24,Occasional,4,0,1947,DEV007089,88.04
C007090,CA,2025-10-23,New,1,0,402,DEV007090,32.94
C007091,IT,2024-12-02,Occasional,3,0,774,DEV007091,277.88
C007092,FR,2025-08-06,Occasional,5,0,856,DEV007092,171.83
C007093,IE,2024-11-14,Occasional,3,0,1069,DEV007093,183.14
C007094,FR,2024-01-04,Occasional,3,0,1389,DEV007094,215.48
C007095,NL,2023-10-01,Occasional,2,0,1222,DEV007095,285.0
C007096,ES,2022-07-31,Occasional,2,0,1264,DEV007096,209.25
C007097,IE,2025-09-14,New,1,0,402,DEV007097,114.16
C007098,US,2025-06-12,New,0,0,388,DEV007098,0.0
C007099,AU,2025-04-26,New,2,0,493,DEV007099,139.16
C007100,GB,2024-11-29,Returning,8,0,1000,DEV007100,470.63
C007101,NL,2024-05-21,Occasional,6,0,618,DEV007101,128.33
C007102,FR,2025-07-25,New,1,0,357,DEV007102,69.68
C007103,DE,2025-01-19,New,2,0,765,DEV007103,38.13
C007104,GB,2025-06-07,Occasional,6,0,700,DEV007104,648.86
C007105,IE,2022-04-28,Loyal,94,0,1548,DEV007105,14297.38
C007106,ES,2024-05-27,Occasional,6,0,697,DEV007106,465.3
C007107,NL,2025-02-09,New,2,0,439,DEV007107,224.83
C007108,IE,2020-05-10,Returning,24,0,2311,DEV007108,3181.37
C007109,NL,2020-12-08,Returning,13,0,2297,DEV007109,235.13
C007110,CA,2023-12-25,Returning,12,0,1446,DEV007110,1467.22
C007111,IE,2025-05-09,Occasional,1,0,244,DEV007111,74.26
C007112,AU,2025-07-28,Occasional,5,0,235,DEV007112,844.2
C007113,US,2022-07-03,Occasional,6,0,1705,DEV007113,383.48
C007114,IE,2024-02-15,Returning,5,0,710,DEV007114,435.45
C007115,IT,2019-09-05,Loyal,44,0,2772,DEV007115,3526.3
C007116,IE,2025-06-26,Occasional,6,0,641,DEV007116,306.33
C007117,GB,2025-01-10,New,0,0,483,DEV007117,0.0
C007118,AU,2025-12-20,New,0,0,389,DEV007118,0.0
C007119,AU,2025-08-03,New,1,0,160,DEV007119,109.8
C007120,NL,2025-04-16,New,2,0,340,DEV007120,207.47
C007121,DE,2025-03-31,New,1,0,659,DEV007121,43.95
C007122,FR,2021-02-28,Returning,8,0,2467,DEV007122,577.71
C007123,NL,2022-05-03,Occasional,6,0,1708,DEV007123,791.25
C007124,NL,2022-06-14,Occasional,5,0,1508,DEV007124,163.27
C007125,US,2025-02-16,New,0,0,510,DEV007125,0.0
C007126,FR,2025-07-07,New,1,0,872,DEV007126,106.09
C007127,ES,2025-06-18,New,0,0,516,DEV007127,0.0
C007128,AU,2024-10-26,Returning,16,0,877,DEV007128,2232.71
C007129,CA,2019-06-01,Returning,11,0,2513,DEV007129,1627.57
C007130,GB,2022-10-07,Returning,12,0,1869,DEV007130,810.99
C007131,ES,2023-10-20,Loyal,46,0,1412,DEV007131,6071.97
C007132,ES,2017-08-07,Loyal,82,0,3636,DEV007132,4433.79
C007133,FR,2025-08-04,New,2,0,444,DEV007133,209.84
C007134,NL,2025-10-10,New,2,0,257,DEV007134,176.94
C007135,AU,2022-06-14,Occasional,3,0,1589,DEV007135,209.27
C007136,US,2023-03-11,Occasional,5,0,1180,DEV007136,337.56
C007137,DE,2019-01-27,Returning,15,0,3024,DEV007137,1630.73
C007138,IT,2025-01-24,New,2,0,928,DEV007138,185.6
C007139,IE,2025-02-21,Occasional,3,0,1000,DEV007139,398.03
C007140,GB,2022-07-23,Occasional,5,0,1443,DEV007140,159.17
C007141,NL,2018-04-27,Loyal,35,0,3180,DEV007141,1849.81
C007142,NL,2022-03-16,Occasional,2,0,1555,DEV007142,224.7
C007143,DE,2023-08-14,Occasional,6,0,1300,DEV007143,759.84
C007144,NL,2020-12-18,Returning,7,0,2061,DEV007144,850.93
C007145,NL,2025-08-19,New,0,0,742,DEV007145,0.0
C007146,ES,2022-09-08,Returning,21,0,1927,DEV007146,2777.31
C007147,NL,2022-07-19,Returning,11,0,1922,DEV007147,1021.28
C007148,DE,2022-03-24,Occasional,2,0,1913,DEV007148,186.66
C007149,ES,2023-08-04,Occasional,1,0,979,DEV007149,112.0
C007150,FR,2020-11-07,Returning,17,0,2128,DEV007150,1769.27
C007151,NL,2022-12-13,Returning,18,0,1649,DEV007151,2211.9
C007152,ES,2023-03-10,Occasional,2,0,1284,DEV007152,219.11
C007153,CA,2023-05-11,Occasional,2,0,1420,DEV007153,121.23
C007154,CA,2022-10-25,Occasional,6,0,1202,DEV007154,952.38
C007155,CA,2025-06-25,New,2,0,279,DEV007155,166.44
C007156,IE,2022-10-10,Occasional,6,0,1260,DEV007156,228.53
C007157,IE,2023-10-03,Returning,9,0,942,DEV007157,845.37
C007158,IT,2025-05-24,Occasional,4,1,884,DEV007158,151.55
C007159,IT,2022-12-09,Occasional,1,0,1629,DEV007159,74.86
C007160,ES,2022-05-07,Occasional,5,0,2053,DEV007160,378.18
C007161,IE,2022-07-13,Loyal,72,0,1417,DEV007161,4294.31
C007162,AU,2025-11-17,New,2,0,355,DEV007162,224.27
C007163,AU,2023-11-17,Returning,21,0,1206,DEV007163,1348.16
C007164,US,2024-01-15,Occasional,4,0,829,DEV007164,388.12
C007165,AU,2021-01-14,Returning,22,0,2160,DEV007165,755.1
C007166,GB,2025-04-11,New,2,0,362,DEV007166,173.37
C007167,GB,2020-02-23,Returning,12,0,2552,DEV007167,939.73
C007168,US,2021-02-26,Returning,14,0,2265,DEV007168,1337.23
C007169,US,2021-07-16,Returning,8,0,1961,DEV007169,1332.53
C007170,GB,2022-10-31,Returning,13,0,1523,DEV007170,1499.16
C007171,CA,2024-03-10,Returning,6,0,1172,DEV007171,636.57
C007172,CA,2025-06-19,New,1,0,493,DEV007172,142.99
C007173,IE,2025-06-19,Occasional,4,0,485,DEV007173,408.3
C007174,DE,2020-09-24,Returning,24,0,2214,DEV007174,2534.24
C007175,GB,2023-09-01,Occasional,2,0,1148,DEV007175,199.6
C007176,GB,2025-08-02,New,1,0,380,DEV007176,158.31
C007177,NL,2019-03-30,Loyal,68,0,2899,DEV007177,8224.09
C007178,NL,2025-12-26,New,1,0,732,DEV007178,158.42
C007179,GB,2020-07-31,Loyal,57,0,2089,DEV007179,4264.77
C007180,FR,2024-07-26,Returning,20,0,1035,DEV007180,3141.9
C007181,IE,2025-03-02,New,2,0,456,DEV007181,92.96
C007182,DE,2024-01-28,Returning,9,0,1060,DEV007182,1081.45
C007183,DE,2025-12-23,New,1,0,412,DEV007183,148.47
C007184,IE,2024-11-06,Occasional,3,0,1080,DEV007184,300.66
C007185,AU,2019-03-13,Returning,22,0,2869,DEV007185,1824.28
C007186,NL,2025-11-01,New,0,0,657,DEV007186,0.0
C007187,ES,2019-03-03,Returning,6,0,3026,DEV007187,556.13
C007188,IE,2020-08-19,Loyal,59,0,2103,DEV007188,2538.53
C007189,DE,2022-03-04,Returning,5,0,1450,DEV007189,316.06
C007190,CA,2019-12-16,Loyal,44,0,2662,DEV007190,6449.13
C007191,AU,2025-08-19,New,0,0,728,DEV007191,0.0
C007192,GB,2023-02-11,Occasional,6,0,1350,DEV007192,454.48
C007193,US,2024-08-10,Occasional,2,0,591,DEV007193,58.99
C007194,AU,2024-01-10,Occasional,6,0,771,DEV007194,735.9
C007195,IT,2022-08-30,Returning,20,0,1666,DEV007195,1298.62
C007196,IT,2025-08-26,New,2,0,817,DEV007196,219.73
C007197,US,2021-12-15,Returning,6,0,1718,DEV007197,488.14
C007198,AU,2024-05-14,Returning,23,0,1052,DEV007198,2141.5
C007199,NL,2025-08-20,New,2,0,221,DEV007199,65.8
C007200,GB,2025-01-08,New,2,0,398,DEV007200,117.64
C007201,GB,2025-06-29,New,2,0,288,DEV007201,215.54
C007202,DE,2025-02-11,Occasional,5,0,815,DEV007202,362.29
C007203,AU,2023-11-03,Returning,8,0,881,DEV007203,722.31
C007204,NL,2023-05-19,Occasional,2,3,1087,DEV007204,52.66
C007205,GB,2023-03-31,Returning,13,0,1301,DEV007205,508.84
C007206,IT,2024-09-01,Returning,10,0,803,DEV007206,493.29
C007207,DE,2025-11-22,New,0,0,690,DEV007207,0.0
C007208,IE,2025-06-11,New,0,0,368,DEV007208,0.0
C007209,IE,2019-03-27,Returning,16,0,3010,DEV007209,1832.35
C007210,DE,2024-06-10,Occasional,3,0,1209,DEV007210,458.24
C007211,FR,2024-02-20,Occasional,1,0,945,DEV007211,30.24
C007212,IT,2019-05-05,Returning,8,0,2732,DEV007212,1122.76
C007213,CA,2025-07-28,New,1,0,660,DEV007213,129.2
C007214,IT,2022-02-14,Returning,16,0,1607,DEV007214,1809.73
C007215,DE,2025-03-15,New,0,0,571,DEV007215,0.0
C007216,GB,2023-10-27,Occasional,1,0,1265,DEV007216,96.98
C007217,GB,2020-02-10,Loyal,76,0,2279,DEV007217,2885.06
C007218,IT,2024-09-11,Returning,21,0,1193,DEV007218,687.53
C007219,AU,2022-01-15,Occasional,5,0,2079,DEV007219,288.01
C007220,DE,2022-06-10,Occasional,5,0,1515,DEV007220,727.89
C007221,GB,2022-06-24,Occasional,4,0,1443,DEV007221,653.27
C007222,IT,2023-11-16,Occasional,2,0,1002,DEV007222,225.54
C007223,DE,2023-12-12,Returning,18,0,1319,DEV007223,529.41
C007224,US,2018-12-01,Loyal,30,0,3070,DEV007224,1937.91
C007225,DE,2025-08-02,New,1,0,385,DEV007225,110.42
C007226,ES,2019-04-20,Returning,20,0,2576,DEV007226,2731.98
C007227,GB,2019-05-14,Returning,17,0,2603,DEV007227,1012.06
C007228,US,2025-10-03,New,2,0,309,DEV007228,107.17
C007229,GB,2023-10-11,Occasional,5,0,1053,DEV007229,594.81
C007230,US,2025-07-14,Occasional,3,0,259,DEV007230,256.43
C007231,IT,2021-04-08,Returning,8,0,1828,DEV007231,145.0
C007232,GB,2022-10-23,Returning,9,0,1432,DEV007232,627.06
C007233,IE,2025-04-13,New,0,0,650,DEV007233,0.0
C007234,DE,2020-08-14,Returning,24,0,1998,DEV007234,1739.96
C007235,US,2022-01-30,Occasional,1,0,1945,DEV007235,77.57
C007236,NL,2018-08-09,Loyal,100,0,2728,DEV007236,4598.7
C007237,IT,2025-10-21,New,2,0,359,DEV007237,38.0
C007238,FR,2022-08-13,Returning,9,0,1375,DEV007238,1233.48
C007239,GB,2025-02-21,New,1,0,422,DEV007239,77.47
C007240,IE,2025-08-17,New,1,0,377,DEV007240,46.01
C007241,NL,2025-08-14,New,1,0,308,DEV007241,71.34
C007242,IT,2024-06-23,Returning,24,0,943,DEV007242,763.75
C007243,FR,2025-11-03,New,0,0,423,DEV007243,0.0
C007244,CA,2025-08-01,New,0,0,655,DEV007244,0.0
C007245,FR,2022-09-26,Occasional,1,0,1363,DEV007245,153.89
C007246,FR,2021-05-23,Loyal,79,1,1951,DEV007246,7255.25
C007247,CA,2021-03-17,Returning,15,0,1806,DEV007247,1998.59
C007248,FR,2022-10-21,Returning,14,0,1491,DEV007248,1541.17
C007249,IE,2023-12-16,Occasional,4,0,1270,DEV007249,120.36
C007250,ES,2023-05-26,Occasional,3,0,1499,DEV007250,298.64
C007251,IE,2021-11-11,Returning,13,0,1623,DEV007251,562.8
C007252,GB,2024-04-01,Returning,8,0,873,DEV007252,184.52
C007253,FR,2023-12-03,Returning,12,0,1301,DEV007253,325.14
C007254,IE,2025-05-03,Occasional,5,0,926,DEV007254,591.35
C007255,FR,2024-01-29,Occasional,5,0,839,DEV007255,732.75
C007256,GB,2024-03-26,Returning,22,0,980,DEV007256,1250.63
C007257,CA,2024-01-03,Returning,13,0,1066,DEV007257,496.07
C007258,US,2020-06-15,Returning,9,0,2722,DEV007258,354.47
C007259,FR,2025-07-12,Occasional,1,0,532,DEV007259,93.82
C007260,DE,2022-03-06,Returning,17,0,1524,DEV007260,2485.88
C007261,IT,2024-01-10,Returning,6,0,767,DEV007261,609.76
C007262,AU,2024-01-30,Occasional,3,0,1160,DEV007262,191.49
C007263,GB,2020-01-16,Returning,9,0,2274,DEV007263,1180.69
C007264,CA,2025-05-14,New,2,0,446,DEV007264,240.66
C007265,US,2025-03-22,New,1,0,523,DEV007265,86.65
C007266,AU,2020-04-25,Returning,18,0,2333,DEV007266,2196.88
C007267,AU,2021-04-15,Returning,5,0,1874,DEV007267,640.8
C007268,NL,2024-01-02,Returning,9,0,1317,DEV007268,224.53
C007269,ES,2024-07-27,Occasional,2,0,1023,DEV007269,195.01
C007270,NL,2022-11-10,Occasional,3,0,1414,DEV007270,196.84
C007271,AU,2024-06-24,Returning,9,0,1147,DEV007271,901.91
C007272,IT,2022-08-03,Returning,6,0,1436,DEV007272,861.75
C007273,NL,2021-02-06,Loyal,27,0,1796,DEV007273,2026.49
C007274,IT,2025-01-12,Occasional,6,0,652,DEV007274,175.52
C007275,CA,2019-07-27,Returning,24,0,2894,DEV007275,1296.15
C007276,AU,2025-04-29,New,2,0,362,DEV007276,46.67
C007277,CA,2025-09-30,New,0,0,149,DEV007277,0.0
C007278,AU,2025-07-31,New,2,0,740,DEV007278,89.51
C007279,AU,2022-03-16,Returning,12,0,1914,DEV007279,1025.1
C007280,IE,2022-01-28,Occasional,4,0,1768,DEV007280,559.25
C007281,GB,2025-03-09,Occasional,2,0,811,DEV007281,110.91
C007282,FR,2025-04-19,New,0,0,520,DEV007282,0.0
C007283,IT,2024-02-04,Occasional,1,0,786,DEV007283,18.5
C007284,US,2025-01-28,New,0,0,477,DEV007284,0.0
C007285,NL,2024-01-09,Returning,19,0,1278,DEV007285,1151.45
C007286,IT,2022-01-09,Returning,24,0,1691,DEV007286,2199.2
C007287,US,2020-06-09,Returning,7,0,2037,DEV007287,354.01
C007288,GB,2024-09-05,Occasional,6,0,714,DEV007288,937.2
C007289,ES,2025-08-30,New,0,0,189,DEV007289,0.0
C007290,FR,2025-03-29,New,2,0,342,DEV007290,53.85
C007291,AU,2022-05-31,Occasional,4,0,1775,DEV007291,291.12
C007292,GB,2023-11-23,Occasional,6,0,1040,DEV007292,473.95
C007293,NL,2025-12-18,New,2,0,128,DEV007293,41.34
C007294,NL,2025-06-22,New,1,0,390,DEV007294,53.25
C007295,AU,2024-06-18,Occasional,1,0,979,DEV007295,120.91
C007296,IE,2023-12-07,Loyal,48,0,796,DEV007296,1251.51
C007297,US,2025-08-31,New,2,0,253,DEV007297,81.88
C007298,AU,2019-03-15,Returning,20,0,3119,DEV007298,2665.18
C007299,US,2022-04-03,Occasional,6,0,1717,DEV007299,667.26
C007300,US,2024-05-06,Occasional,3,0,654,DEV007300,93.28
C007301,DE,2019-10-01,Loyal,57,0,2328,DEV007301,5404.69
C007302,CA,2021-09-23,Returning,9,0,2273,DEV007302,873.12
C007303,ES,2020-06-20,Returning,7,0,2533,DEV007303,582.33
C007304,IE,2022-11-07,Returning,12,0,1621,DEV007304,628.01
C007305,IE,2024-02-09,Occasional,1,0,1295,DEV007305,112.0
C007306,DE,2019-12-17,Returning,15,0,2534,DEV007306,713.3
C007307,IT,2022-06-08,Returning,11,0,1378,DEV007307,792.42
C007308,AU,2023-09-13,Loyal,97,0,1246,DEV007308,10094.17
C007309,IT,2022-12-22,Occasional,3,0,1672,DEV007309,386.62
C007310,US,2022-11-08,Returning,24,0,1862,DEV007310,2561.75
C007311,CA,2023-02-13,Returning,22,0,1306,DEV007311,1466.46
C007312,IE,2025-05-12,New,2,0,246,DEV007312,185.75
C007313,AU,2025-10-23,New,2,0,405,DEV007313,54.42
C007314,CA,2025-07-16,Occasional,1,0,251,DEV007314,50.57
C007315,ES,2021-05-22,Returning,13,0,2005,DEV007315,965.71
C007316,GB,2025-10-10,New,1,0,260,DEV007316,82.97
C007317,AU,2020-09-13,Loyal,48,0,2573,DEV007317,1257.0
C007318,AU,2023-09-19,Occasional,3,0,1106,DEV007318,155.59
C007319,FR,2020-11-09,Returning,23,1,1960,DEV007319,1527.53
C007320,ES,2019-09-03,Returning,23,0,2832,DEV007320,1589.3
C007321,US,2020-01-01,Loyal,97,0,2557,DEV007321,11892.69
C007322,DE,2023-06-09,Occasional,1,0,1412,DEV007322,42.84
C007323,AU,2025-06-28,Occasional,6,0,747,DEV007323,590.25
C007324,ES,2025-08-28,Occasional,1,0,577,DEV007324,86.26
C007325,GB,2021-06-16,Returning,21,0,2018,DEV007325,1610.09
C007326,DE,2020-10-23,Returning,22,0,1995,DEV007326,2432.44
C007327,AU,2022-10-14,Occasional,3,0,1592,DEV007327,246.11
C007328,US,2019-12-12,Returning,11,0,2839,DEV007328,1626.23
C007329,ES,2025-03-11,New,1,0,368,DEV007329,137.12
C007330,DE,2020-12-16,Returning,6,0,2558,DEV007330,663.42
C007331,FR,2024-02-19,Occasional,3,0,1221,DEV007331,411.64
C007332,US,2019-02-01,Returning,17,0,2800,DEV007332,2181.74
C007333,DE,2025-03-12,New,1,0,806,DEV007333,78.51
C007334,FR,2024-01-25,Occasional,4,0,1054,DEV007334,472.48
C007335,CA,2024-12-07,Occasional,1,0,739,DEV007335,46.02
C007336,IE,2025-03-22,New,2,0,993,DEV007336,55.44
C007337,ES,2025-03-15,New,1,0,999,DEV007337,21.19
C007338,AU,2023-06-11,Returning,18,0,1562,DEV007338,1760.18
C007339,US,2024-01-17,Returning,14,0,750,DEV007339,1573.98
C007340,IT,2025-09-15,Occasional,5,0,706,DEV007340,421.79
C007341,IE,2024-02-28,Returning,5,0,816,DEV007341,196.03
C007342,CA,2021-07-18,Returning,18,0,1717,DEV007342,985.14
C007343,DE,2025-05-05,Occasional,6,0,400,DEV007343,153.18
C007344,CA,2025-12-01,New,2,0,273,DEV007344,199.55
C007345,IE,2023-04-02,Loyal,68,0,1106,DEV007345,4730.89
C007346,DE,2024-11-02,Returning,21,1,617,DEV007346,775.94
C007347,CA,2022-04-30,Occasional,2,0,1417,DEV007347,145.45
C007348,IT,2023-12-22,Occasional,1,0,1085,DEV007348,33.61
C007349,AU,2025-01-06,Occasional,4,0,683,DEV007349,563.32
C007350,IE,2022-03-14,Occasional,2,0,1722,DEV007350,143.62
C007351,CA,2024-05-24,Occasional,1,0,878,DEV007351,53.71
C007352,DE,2019-09-29,Returning,9,0,2457,DEV007352,237.64
C007353,AU,2025-01-08,New,2,0,623,DEV007353,209.37
C007354,NL,2025-07-02,New,2,0,475,DEV007354,51.04
C007355,DE,2025-04-07,New,2,0,791,DEV007355,250.69
C007356,CA,2023-09-23,Returning,11,0,1250,DEV007356,1684.28
C007357,ES,2022-11-20,Loyal,77,0,1395,DEV007357,6067.41
C007358,ES,2022-03-01,Occasional,1,0,2057,DEV007358,110.03
C007359,FR,2024-08-01,Occasional,1,0,609,DEV007359,51.46
C007360,CA,2019-01-09,Returning,19,0,2550,DEV007360,2031.62
C007361,DE,2024-12-18,Occasional,6,0,502,DEV007361,440.84
C007362,CA,2023-04-10,Occasional,4,0,1183,DEV007362,383.16
C007363,CA,2021-09-29,Returning,14,0,2203,DEV007363,292.59
C007364,IE,2025-03-23,New,1,0,937,DEV007364,138.07
C007365,ES,2023-02-26,Returning,11,0,1763,DEV007365,753.65
C007366,DE,2025-08-19,New,2,0,676,DEV007366,103.59
C007367,AU,2023-04-04,Occasional,3,0,1397,DEV007367,330.41
C007368,DE,2025-04-25,New,0,0,454,DEV007368,0.0
C007369,IT,2025-03-14,New,1,0,322,DEV007369,96.93
C007370,ES,2025-12-17,New,1,0,179,DEV007370,116.14
C007371,GB,2025-03-23,New,2,0,297,DEV007371,262.77
C007372,GB,2025-01-25,New,0,0,608,DEV007372,0.0
C007373,GB,2023-06-23,Returning,18,0,1025,DEV007373,732.21
C007374,AU,2023-06-17,Occasional,6,0,1419,DEV007374,398.91
C007375,GB,2023-04-07,Occasional,1,0,1509,DEV007375,34.35
C007376,FR,2019-06-22,Returning,22,0,2627,DEV007376,2309.84
C007377,AU,2022-04-20,Occasional,6,0,1699,DEV007377,141.47
C007378,CA,2017-06-01,Loyal,57,0,3726,DEV007378,2313.45
C007379,GB,2025-03-26,New,2,0,308,DEV007379,154.88
C007380,AU,2019-09-21,Returning,20,0,2845,DEV007380,358.43
C007381,ES,2025-06-24,New,2,0,833,DEV007381,232.93
C007382,IT,2023-01-18,Occasional,6,0,1608,DEV007382,171.34
C007383,NL,2022-04-17,Occasional,5,0,1546,DEV007383,299.8
C007384,IT,2023-06-27,Occasional,6,0,1024,DEV007384,765.35
C007385,NL,2024-06-10,Returning,19,0,684,DEV007385,2259.33
C007386,US,2025-01-23,New,0,0,712,DEV007386,0.0
C007387,IE,2025-03-04,Occasional,3,0,402,DEV007387,150.62
C007388,NL,2023-05-28,Returning,18,0,1463,DEV007388,2009.84
C007389,NL,2023-11-27,Returning,20,0,1387,DEV007389,1181.62
C007390,AU,2022-08-19,Loyal,54,0,1893,DEV007390,6654.15
C007391,US,2023-02-21,Returning,11,0,1504,DEV007391,1003.56
C007392,DE,2024-11-16,Occasional,2,0,763,DEV007392,232.18
C007393,GB,2023-11-05,Occasional,3,0,801,DEV007393,84.98
C007394,ES,2025-09-11,Occasional,5,0,592,DEV007394,231.0
C007395,NL,2019-08-10,Returning,22,0,2809,DEV007395,3071.26
C007396,IE,2024-09-01,Returning,16,0,908,DEV007396,745.88
C007397,US,2025-10-31,New,2,0,218,DEV007397,263.72
C007398,FR,2023-06-27,Returning,24,0,1603,DEV007398,3196.04
C007399,NL,2023-03-08,Occasional,1,0,1526,DEV007399,54.78
C007400,NL,2017-11-18,Loyal,24,0,2998,DEV007400,1286.9
C007401,FR,2021-07-01,Loyal,96,0,2356,DEV007401,6754.37
C007402,DE,2019-04-15,Returning,6,0,3035,DEV007402,621.05
C007403,US,2022-04-15,Returning,9,0,1987,DEV007403,907.89
C007404,FR,2023-08-21,Occasional,5,0,954,DEV007404,735.72
C007405,DE,2024-01-05,Occasional,3,0,900,DEV007405,326.4
C007406,AU,2023-08-11,Occasional,1,0,1311,DEV007406,61.78
C007407,US,2019-04-05,Loyal,62,0,2733,DEV007407,9430.68
C007408,CA,2025-02-17,Occasional,6,0,865,DEV007408,593.06
C007409,GB,2022-10-08,Returning,7,0,1463,DEV007409,343.55
C007410,IE,2025-07-03,New,2,0,895,DEV007410,75.2
C007411,IT,2024-05-11,Occasional,4,0,984,DEV007411,293.36
C007412,GB,2019-10-19,Returning,24,0,2314,DEV007412,1896.36
C007413,GB,2025-08-06,New,0,0,691,DEV007413,0.0
C007414,FR,2025-05-19,Occasional,3,0,524,DEV007414,279.64
C007415,AU,2020-11-17,Returning,15,0,1914,DEV007415,919.23
C007416,AU,2025-01-15,New,0,0,991,DEV007416,0.0
C007417,DE,2023-12-15,Occasional,1,0,999,DEV007417,63.19
C007418,IE,2020-06-27,Returning,10,0,2248,DEV007418,427.5
C007419,AU,2023-02-05,Returning,10,0,1758,DEV007419,896.36
C007420,DE,2023-07-14,Occasional,6,0,974,DEV007420,1047.62
C007421,IE,2022-01-30,Returning,19,0,2015,DEV007421,1218.28
C007422,DE,2021-12-26,Returning,18,0,2024,DEV007422,695.83
C007423,IE,2025-05-01,New,1,0,967,DEV007423,124.51
C007424,FR,2023-03-21,Loyal,95,3,1363,DEV007424,10328.49
C007425,NL,2022-11-30,Loyal,77,0,1273,DEV007425,5905.71
C007426,AU,2025-04-05,New,1,0,948,DEV007426,115.64
C007427,NL,2025-06-26,New,1,0,654,DEV007427,45.54
C007428,IE,2021-05-11,Returning,16,0,2000,DEV007428,2262.72
C007429,IT,2022-04-06,Returning,24,0,1528,DEV007429,3280.25
C007430,IE,2023-10-19,Occasional,4,0,918,DEV007430,148.55
C007431,US,2025-12-27,New,2,0,580,DEV007431,137.01
C007432,GB,2025-04-03,New,0,0,682,DEV007432,0.0
C007433,IT,2025-09-01,New,2,0,572,DEV007433,74.92
C007434,IE,2022-03-21,Occasional,4,0,1627,DEV007434,287.9
C007435,DE,2019-07-27,Loyal,95,1,2656,DEV007435,9843.83
C007436,DE,2025-07-31,New,2,1,816,DEV007436,147.25
C007437,CA,2023-10-04,Returning,16,0,1414,DEV007437,2059.01
C007438,IT,2024-02-19,Occasional,5,0,1145,DEV007438,570.51
C007439,FR,2025-01-21,Occasional,6,0,494,DEV007439,579.41
C007440,NL,2023-05-27,Occasional,3,0,1472,DEV007440,214.95
C007441,ES,2023-03-19,Occasional,3,0,1079,DEV007441,290.4
C007442,AU,2023-07-13,Occasional,6,0,1358,DEV007442,492.34
C007443,DE,2024-12-07,Occasional,5,0,894,DEV007443,307.05
C007444,US,2025-07-06,Occasional,1,0,283,DEV007444,98.76
C007445,ES,2025-04-05,New,2,0,282,DEV007445,115.08
C007446,ES,2024-04-02,Occasional,2,0,691,DEV007446,178.0
C007447,AU,2025-04-27,Occasional,5,0,727,DEV007447,625.61
C007448,IE,2024-04-23,Returning,8,0,1241,DEV007448,596.07
C007449,DE,2025-06-07,New,0,0,366,DEV007449,0.0
C007450,ES,2022-06-11,Occasional,3,0,1850,DEV007450,466.82
C007451,GB,2022-03-04,Returning,15,0,1605,DEV007451,1138.07
C007452,DE,2025-09-26,Occasional,1,0,660,DEV007452,147.96
C007453,NL,2022-03-25,Occasional,5,0,1822,DEV007453,180.02
C007454,GB,2025-09-19,Occasional,1,0,581,DEV007454,97.11
C007455,NL,2024-08-07,Returning,8,0,818,DEV007455,307.68
C007456,US,2022-08-11,Occasional,2,0,1966,DEV007456,233.37
C007457,US,2025-10-31,New,1,0,135,DEV007457,36.88
C007458,CA,2025-08-11,Occasional,2,0,610,DEV007458,173.03
C007459,ES,2023-06-19,Occasional,1,0,1345,DEV007459,113.61
C007460,IE,2025-07-29,New,2,0,358,DEV007460,108.34
C007461,DE,2025-05-05,New,1,0,298,DEV007461,24.96
C007462,US,2021-02-18,Returning,22,0,2259,DEV007462,1429.21
C007463,DE,2025-10-03,New,1,0,531,DEV007463,34.78
C007464,AU,2020-05-27,Returning,18,0,2151,DEV007464,2255.55
C007465,US,2024-09-29,Occasional,5,0,626,DEV007465,495.66
C007466,AU,2021-12-08,Returning,18,1,1935,DEV007466,2187.57
C007467,FR,2025-07-24,New,1,0,220,DEV007467,39.48
C007468,DE,2024-07-25,Returning,16,0,624,DEV007468,348.46
C007469,DE,2025-04-08,New,0,0,816,DEV007469,0.0
C007470,US,2023-03-11,Occasional,4,0,1520,DEV007470,510.7
C007471,GB,2023-07-08,Loyal,83,0,1279,DEV007471,4238.44
C007472,IT,2023-03-19,Occasional,6,0,1487,DEV007472,440.87
C007473,US,2020-07-16,Returning,17,0,2437,DEV007473,3020.97
C007474,DE,2023-03-01,Returning,22,0,1325,DEV007474,1364.44
C007475,ES,2021-07-16,Returning,15,0,2106,DEV007475,2359.64
C007476,DE,2025-02-27,New,1,0,499,DEV007476,129.64
C007477,AU,2024-11-04,Occasional,1,0,630,DEV007477,104.02
C007478,GB,2025-05-18,New,1,0,562,DEV007478,41.52
C007479,FR,2023-07-12,Occasional,6,0,1519,DEV007479,477.29
C007480,CA,2025-08-29,New,1,0,202,DEV007480,97.82
C007481,IT,2022-12-02,Loyal,81,0,1690,DEV007481,5925.38
C007482,NL,2020-01-25,Returning,23,0,2302,DEV007482,3097.79
C007483,FR,2020-06-15,Returning,11,0,2683,DEV007483,1000.32
C007484,CA,2025-01-03,New,0,0,879,DEV007484,0.0
C007485,CA,2025-09-20,Occasional,6,0,586,DEV007485,533.94
C007486,CA,2025-04-07,New,0,0,471,DEV007486,0.0
C007487,ES,2025-05-06,Occasional,4,0,931,DEV007487,101.79
C007488,IT,2024-12-22,Occasional,5,0,841,DEV007488,556.73
C007489,FR,2020-02-08,Returning,10,0,2206,DEV007489,775.0
C007490,ES,2023-09-30,Occasional,3,0,1441,DEV007490,411.66
C007491,FR,2025-08-10,New,2,0,777,DEV007491,146.9
C007492,FR,2021-09-06,Returning,6,0,1710,DEV007492,437.06
C007493,CA,2025-04-22,New,1,0,423,DEV007493,143.51
C007494,IE,2021-03-30,Returning,20,0,1879,DEV007494,1640.68
C007495,DE,2022-01-08,Returning,16,0,1842,DEV007495,1137.83
C007496,ES,2019-04-08,Returning,14,0,2921,DEV007496,1459.59
C007497,CA,2024-12-29,Occasional,2,0,1034,DEV007497,215.25
C007498,IT,2024-07-23,Occasional,1,0,1208,DEV007498,48.95
C007499,NL,2025-06-18,New,1,0,789,DEV007499,126.05
C007500,AU,2023-11-04,Returning,18,0,1295,DEV007500,408.41
C007501,IT,2020-04-05,Returning,11,0,2825,DEV007501,1756.49
C007502,DE,2025-01-27,New,0,0,947,DEV007502,0.0
C007503,GB,2025-08-06,New,1,0,151,DEV007503,116.32
C007504,CA,2025-04-30,Occasional,6,0,852,DEV007504,704.29
C007505,ES,2024-12-26,Returning,15,0,742,DEV007505,1221.25
C007506,CA,2025-03-26,New,0,0,328,DEV007506,0.0
C007507,AU,2025-05-06,Occasional,3,0,482,DEV007507,331.62
C007508,IT,2025-03-08,New,0,0,333,DEV007508,0.0
C007509,ES,2023-06-10,Occasional,2,0,1291,DEV007509,262.4
C007510,FR,2023-04-26,Loyal,75,0,1036,DEV007510,6379.68
C007511,FR,2020-04-23,Returning,5,0,2447,DEV007511,526.53
C007512,AU,2025-01-09,New,0,0,954,DEV007512,0.0
C007513,IE,2025-05-04,New,1,0,506,DEV007513,91.17
C007514,DE,2025-05-19,Occasional,6,0,338,DEV007514,811.89
C007515,AU,2023-12-07,Occasional,1,0,1407,DEV007515,68.99
C007516,ES,2023-09-30,Occasional,1,0,1008,DEV007516,79.88
C007517,DE,2023-03-30,Occasional,1,0,1186,DEV007517,50.49
C007518,US,2022-02-08,Occasional,2,0,1774,DEV007518,144.62
C007519,GB,2025-06-02,New,2,0,264,DEV007519,289.69
C007520,ES,2024-09-04,Occasional,6,0,946,DEV007520,589.76
C007521,GB,2023-08-27,Returning,19,1,1024,DEV007521,482.56
C007522,CA,2025-02-01,New,1,0,629,DEV007522,92.99
C007523,AU,2024-02-16,Occasional,5,0,1128,DEV007523,179.87
C007524,GB,2022-04-15,Occasional,4,0,1804,DEV007524,341.83
C007525,IT,2021-10-17,Returning,20,0,1924,DEV007525,1175.53
C007526,CA,2025-11-17,New,0,0,119,DEV007526,0.0
C007527,IE,2023-06-22,Occasional,6,0,1286,DEV007527,128.89
C007528,AU,2020-12-28,Returning,18,0,2335,DEV007528,987.28
C007529,CA,2020-07-15,Returning,5,0,2113,DEV007529,220.23
C007530,ES,2025-05-31,New,2,0,771,DEV007530,142.54
C007531,AU,2023-01-15,Occasional,6,0,1634,DEV007531,708.15
C007532,AU,2023-11-13,Returning,6,0,1308,DEV007532,206.97
C007533,AU,2020-03-22,Returning,5,0,2607,DEV007533,510.7
C007534,DE,2022-07-22,Returning,12,0,1719,DEV007534,1681.85
C007535,CA,2024-01-02,Occasional,1,0,1298,DEV007535,44.96
C007536,ES,2025-03-13,Occasional,6,0,730,DEV007536,235.29
C007537,FR,2018-07-01,Loyal,93,0,3094,DEV007537,12002.42
C007538,US,2025-07-30,New,1,0,430,DEV007538,55.18
C007539,ES,2022-12-26,Occasional,3,0,1514,DEV007539,333.13
C007540,US,2019-05-07,Returning,17,0,2891,DEV007540,558.07
C007541,US,2023-10-27,Occasional,2,0,1058,DEV007541,304.15
C007542,FR,2022-08-16,Returning,9,0,1902,DEV007542,638.66
C007543,GB,2024-07-21,Occasional,1,0,1000,DEV007543,88.02
C007544,GB,2025-07-29,New,2,0,595,DEV007544,79.96
C007545,ES,2024-04-16,Occasional,2,0,1170,DEV007545,67.2
C007546,US,2025-03-20,Occasional,5,0,925,DEV007546,652.4
C007547,GB,2025-03-09,Occasional,2,0,546,DEV007547,230.3
C007548,FR,2022-07-06,Occasional,5,0,1300,DEV007548,327.17
C007549,CA,2023-03-20,Occasional,6,0,1644,DEV007549,507.84
C007550,IE,2019-08-26,Returning,10,0,2978,DEV007550,410.8
C007551,NL,2020-06-08,Returning,18,0,2694,DEV007551,488.73
C007552,IT,2020-05-23,Returning,11,0,2122,DEV007552,1475.0
C007553,DE,2024-09-11,Occasional,1,0,573,DEV007553,46.33
C007554,ES,2025-04-20,Occasional,4,0,523,DEV007554,209.54
C007555,IE,2024-11-30,Occasional,5,0,1096,DEV007555,525.6
C007556,DE,2020-03-30,Returning,20,0,2443,DEV007556,878.32
C007557,IE,2023-09-14,Occasional,6,0,1295,DEV007557,129.39
C007558,GB,2019-09-20,Returning,9,0,2827,DEV007558,261.91
C007559,IE,2020-07-26,Returning,5,0,1984,DEV007559,446.24
C007560,AU,2025-05-09,Occasional,4,0,673,DEV007560,150.96
C007561,AU,2023-11-30,Occasional,5,0,944,DEV007561,317.93
C007562,NL,2024-11-10,Returning,14,0,818,DEV007562,1352.98
C007563,DE,2022-06-15,Occasional,6,0,1716,DEV007563,123.52
C007564,ES,2022-11-21,Returning,7,0,1713,DEV007564,1063.15
C007565,IE,2025-02-14,Occasional,6,0,543,DEV007565,397.2
C007566,CA,2025-07-26,Occasional,1,0,320,DEV007566,90.52
C007567,US,2021-01-27,Loyal,72,0,2260,DEV007567,6153.45
C007568,GB,2025-05-20,New,2,0,833,DEV007568,254.18
C007569,ES,2020-05-27,Returning,20,0,2259,DEV007569,489.96
C007570,IE,2025-08-20,Occasional,1,0,634,DEV007570,91.54
C007571,ES,2022-07-25,Returning,5,0,1547,DEV007571,376.85
C007572,FR,2022-08-29,Occasional,6,0,1583,DEV007572,803.13
C007573,NL,2023-08-06,Loyal,74,0,970,DEV007573,5067.12
C007574,AU,2025-07-07,Occasional,1,0,462,DEV007574,46.06
C007575,NL,2024-06-28,Occasional,5,0,700,DEV007575,191.16
C007576,GB,2024-05-08,Occasional,5,0,796,DEV007576,581.69
C007577,IT,2025-07-31,New,2,0,361,DEV007577,224.22
C007578,DE,2024-07-25,Returning,7,0,1100,DEV007578,276.85
C007579,FR,2025-10-19,New,2,0,661,DEV007579,43.38
C007580,IT,2025-10-22,New,0,0,215,DEV007580,0.0
C007581,DE,2022-12-08,Occasional,1,0,1742,DEV007581,121.93
C007582,IE,2018-06-12,Loyal,70,0,2804,DEV007582,5340.18
C007583,DE,2025-05-04,New,1,0,806,DEV007583,103.61
C007584,GB,2021-06-21,Returning,9,0,2048,DEV007584,868.32
C007585,ES,2024-12-02,Occasional,1,0,422,DEV007585,87.56
C007586,AU,2019-09-23,Returning,9,0,2979,DEV007586,1197.11
C007587,ES,2019-07-02,Returning,5,0,2647,DEV007587,211.39
C007588,NL,2025-12-24,New,1,0,677,DEV007588,61.94
C007589,DE,2024-03-03,Occasional,1,0,977,DEV007589,156.49
C007590,NL,2025-05-11,Occasional,2,0,947,DEV007590,201.6
C007591,DE,2021-12-14,Returning,7,0,1733,DEV007591,450.06
C007592,CA,2025-03-08,New,0,0,350,DEV007592,0.0
C007593,IT,2025-07-08,New,0,0,624,DEV007593,0.0
C007594,FR,2020-03-14,Loyal,57,1,2354,DEV007594,3091.23
C007595,CA,2025-02-11,New,2,0,948,DEV007595,210.2
C007596,NL,2021-10-19,Loyal,70,0,2044,DEV007596,8196.04
C007597,IE,2024-09-30,Occasional,2,0,830,DEV007597,211.49
C007598,ES,2025-01-22,New,0,0,1058,DEV007598,0.0
C007599,IT,2025-04-19,New,1,0,691,DEV007599,62.16
C007600,DE,2024-09-30,Occasional,3,0,656,DEV007600,260.79
C007601,CA,2021-02-19,Returning,16,0,1904,DEV007601,1540.06
C007602,IE,2025-01-14,New,1,0,506,DEV007602,23.66
C007603,ES,2022-05-07,Occasional,4,0,1808,DEV007603,384.98
C007604,NL,2022-01-29,Occasional,4,0,1914,DEV007604,305.8
C007605,US,2020-11-08,Returning,23,0,2566,DEV007605,1204.91
C007606,FR,2019-01-10,Returning,12,0,3061,DEV007606,1703.51
C007607,GB,2024-10-31,Occasional,6,0,682,DEV007607,732.34
C007608,CA,2025-06-27,New,0,0,742,DEV007608,0.0
C007609,NL,2023-07-13,Returning,16,0,1432,DEV007609,2016.46
C007610,GB,2024-10-21,Returning,13,0,541,DEV007610,938.36
C007611,NL,2025-01-07,New,2,0,914,DEV007611,212.39
C007612,FR,2021-08-21,Returning,20,0,1987,DEV007612,2410.13
C007613,NL,2023-10-05,Occasional,4,0,1463,DEV007613,313.67
C007614,DE,2023-02-12,Loyal,91,0,1475,DEV007614,10465.59
C007615,NL,2025-02-18,New,0,0,520,DEV007615,0.0
C007616,ES,2023-07-14,Occasional,3,0,1496,DEV007616,146.61
C007617,ES,2020-03-17,Loyal,82,0,2815,DEV007617,11566.98
C007618,NL,2021-10-15,Returning,16,0,2218,DEV007618,1413.36
C007619,GB,2025-06-30,New,0,0,819,DEV007619,0.0
C007620,US,2022-06-17,Returning,22,0,1395,DEV007620,2363.94
C007621,AU,2018-04-16,Loyal,40,0,3505,DEV007621,5599.22
C007622,GB,2025-01-21,New,2,0,381,DEV007622,167.09
C007623,IE,2022-06-09,Occasional,1,0,1895,DEV007623,46.04
C007624,IE,2025-10-27,New,1,0,389,DEV007624,42.29
C007625,FR,2025-03-11,New,2,0,636,DEV007625,102.24
C007626,CA,2025-08-10,Occasional,6,0,472,DEV007626,992.53
C007627,DE,2025-10-24,New,0,0,338,DEV007627,0.0
C007628,FR,2024-05-22,Occasional,4,0,1079,DEV007628,391.37
C007629,NL,2019-10-25,Returning,13,0,2560,DEV007629,1347.51
C007630,AU,2025-01-23,New,0,0,797,DEV007630,0.0
C007631,NL,2024-08-02,Occasional,4,0,854,DEV007631,505.86
C007632,FR,2025-05-02,New,2,0,525,DEV007632,84.08
C007633,NL,2024-05-18,Returning,24,0,665,DEV007633,2824.19
C007634,IE,2023-05-02,Returning,20,0,1366,DEV007634,1887.19
C007635,IE,2020-05-31,Returning,7,0,2491,DEV007635,332.9
C007636,GB,2022-02-01,Returning,7,0,1651,DEV007636,682.77
C007637,US,2025-05-05,New,0,0,913,DEV007637,0.0
C007638,CA,2022-12-31,Loyal,54,0,1684,DEV007638,2350.92
C007639,AU,2022-12-21,Returning,7,0,1547,DEV007639,796.6
C007640,GB,2025-07-09,Occasional,2,0,517,DEV007640,289.16
C007641,DE,2022-08-08,Occasional,5,0,1306,DEV007641,587.77
C007642,CA,2022-07-11,Returning,8,0,1392,DEV007642,210.01
C007643,IE,2023-03-01,Returning,19,0,1448,DEV007643,1186.47
C007644,ES,2023-04-24,Occasional,3,0,1271,DEV007644,184.94
C007645,FR,2024-07-12,Occasional,1,0,1038,DEV007645,24.92
C007646,AU,2021-04-15,Returning,20,0,2449,DEV007646,1632.57
C007647,ES,2022-09-14,Occasional,5,0,1402,DEV007647,354.96
C007648,US,2023-07-02,Occasional,5,0,1490,DEV007648,337.9
C007649,GB,2024-02-13,Occasional,4,0,1228,DEV007649,138.87
C007650,FR,2019-11-07,Returning,17,0,2742,DEV007650,1819.54
C007651,ES,2019-02-24,Returning,13,0,3229,DEV007651,1358.45
C007652,IE,2025-01-09,New,0,0,799,DEV007652,0.0
C007653,US,2020-01-10,Returning,16,0,2911,DEV007653,980.52
C007654,DE,2025-11-23,New,0,0,705,DEV007654,0.0
C007655,GB,2022-11-27,Returning,21,0,1679,DEV007655,1393.17
C007656,ES,2024-04-12,Returning,18,0,660,DEV007656,1649.55
C007657,IE,2024-08-30,Returning,19,0,1076,DEV007657,1367.23
C007658,DE,2025-12-31,New,1,0,89,DEV007658,93.97
C007659,IE,2025-11-03,New,0,0,356,DEV007659,0.0
C007660,IE,2025-06-12,New,1,0,756,DEV007660,115.01
C007661,IE,2024-02-16,Occasional,4,0,1362,DEV007661,284.78
C007662,GB,2022-07-03,Occasional,6,0,1647,DEV007662,284.64
C007663,IE,2025-05-10,New,1,0,238,DEV007663,25.41
C007664,DE,2023-06-03,Occasional,3,0,1214,DEV007664,100.12
C007665,CA,2025-11-14,New,2,0,54,DEV007665,75.78
C007666,IE,2025-01-09,New,0,0,630,DEV007666,0.0
C007667,FR,2025-06-26,New,1,0,472,DEV007667,56.18
C007668,IE,2024-01-06,Returning,18,0,1192,DEV007668,303.09
C007669,US,2025-05-07,New,2,0,514,DEV007669,182.25
C007670,GB,2025-11-25,New,0,0,735,DEV007670,0.0
C007671,FR,2018-02-13,Loyal,95,0,3308,DEV007671,11364.86
C007672,AU,2019-08-20,Returning,5,0,2760,DEV007672,528.97
C007673,NL,2021-02-23,Returning,6,0,2422,DEV007673,399.39
C007674,CA,2024-09-20,Occasional,6,0,1099,DEV007674,830.93
C007675,AU,2025-09-17,Occasional,4,0,592,DEV007675,348.66
C007676,FR,2025-08-30,New,2,0,143,DEV007676,79.05
C007677,AU,2022-03-03,Occasional,2,0,1826,DEV007677,245.88
C007678,GB,2025-02-15,New,2,0,800,DEV007678,110.04
C007679,AU,2020-05-04,Loyal,72,0,2181,DEV007679,2604.27
C007680,AU,2025-06-06,New,1,0,444,DEV007680,121.94
C007681,US,2023-07-14,Occasional,2,0,1002,DEV007681,296.49
C007682,IT,2025-08-23,Occasional,3,0,152,DEV007682,276.92
C007683,NL,2025-07-14,Occasional,6,0,315,DEV007683,190.75
C007684,AU,2025-05-23,New,0,0,802,DEV007684,0.0
C007685,IE,2019-08-03,Returning,18,0,3035,DEV007685,1579.96
C007686,GB,2019-05-13,Returning,22,0,2813,DEV007686,1194.19
C007687,FR,2024-04-09,Occasional,2,0,778,DEV007687,77.59
C007688,AU,2025-08-04,New,1,0,479,DEV007688,168.25
C007689,AU,2024-03-24,Occasional,2,0,1274,DEV007689,76.26
C007690,ES,2025-06-20,New,1,0,324,DEV007690,28.99
C007691,NL,2024-06-22,Occasional,3,0,583,DEV007691,355.91
C007692,ES,2024-02-05,Occasional,5,0,1094,DEV007692,243.52
C007693,IT,2025-01-02,Occasional,3,0,469,DEV007693,114.74
C007694,NL,2025-12-12,New,0,0,78,DEV007694,0.0
C007695,ES,2025-09-27,New,2,0,169,DEV007695,124.58
C007696,AU,2024-11-25,Occasional,5,0,730,DEV007696,502.9
C007697,NL,2025-02-23,Occasional,1,0,740,DEV007697,72.78
C007698,IT,2023-06-24,Occasional,5,0,1038,DEV007698,99.47
C007699,FR,2025-07-12,New,0,0,600,DEV007699,0.0
C007700,ES,2023-02-06,Occasional,1,0,1533,DEV007700,120.28
C007701,IT,2019-05-29,Loyal,45,0,2806,DEV007701,2661.63
C007702,AU,2024-10-27,Returning,17,0,431,DEV007702,2243.97
C007703,ES,2022-09-07,Returning,20,0,1414,DEV007703,517.55
C007704,ES,2025-11-21,New,0,0,50,DEV007704,0.0
C007705,FR,2020-02-18,Returning,13,0,2338,DEV007705,357.89
C007706,CA,2018-06-28,Loyal,75,0,3174,DEV007706,11041.3
C007707,IT,2024-02-18,Occasional,4,0,983,DEV007707,423.98
C007708,IE,2019-11-12,Returning,16,0,2461,DEV007708,873.89
C007709,CA,2023-07-25,Returning,17,0,1289,DEV007709,404.81
C007710,FR,2025-09-03,Occasional,6,0,555,DEV007710,453.0
C007711,DE,2022-03-28,Occasional,6,0,2084,DEV007711,268.29
C007712,GB,2022-12-13,Occasional,6,0,1222,DEV007712,152.94
C007713,IT,2022-08-26,Returning,19,0,1888,DEV007713,574.48
C007714,GB,2021-06-15,Returning,14,0,2270,DEV007714,2043.91
C007715,IE,2024-03-18,Returning,14,0,1162,DEV007715,621.88
C007716,IT,2025-06-05,New,2,0,578,DEV007716,207.42
C007717,CA,2022-02-26,Occasional,5,1,1612,DEV007717,415.15
C007718,NL,2024-01-01,Returning,12,0,1254,DEV007718,820.4
C007719,NL,2017-02-06,Loyal,64,0,3777,DEV007719,3197.93
C007720,GB,2023-08-10,Occasional,3,0,1341,DEV007720,155.46
C007721,IT,2021-08-27,Returning,5,0,1685,DEV007721,241.69
C007722,AU,2025-10-31,New,2,0,332,DEV007722,224.43
C007723,NL,2023-04-28,Occasional,4,0,1294,DEV007723,561.73
C007724,AU,2025-08-09,New,0,0,483,DEV007724,0.0
C007725,IT,2025-06-05,New,0,0,502,DEV007725,0.0
C007726,US,2025-05-14,Occasional,1,0,541,DEV007726,104.36
C007727,DE,2020-06-12,Loyal,57,0,2265,DEV007727,5576.76
C007728,ES,2025-09-06,New,0,0,722,DEV007728,0.0
C007729,DE,2023-06-30,Returning,5,0,1495,DEV007729,176.46
C007730,IT,2022-02-13,Occasional,1,0,1596,DEV007730,70.05
C007731,US,2024-10-26,Occasional,4,0,1072,DEV007731,244.93
C007732,ES,2021-05-05,Returning,7,0,2329,DEV007732,209.73
C007733,IE,2024-11-14,Returning,19,0,1125,DEV007733,1515.61
C007734,NL,2022-01-07,Loyal,31,0,1734,DEV007734,2392.87
C007735,NL,2022-07-20,Occasional,1,0,1900,DEV007735,55.56
C007736,US,2025-09-30,New,1,0,95,DEV007736,24.89
C007737,FR,2025-03-29,New,2,0,412,DEV007737,124.91
C007738,GB,2020-02-02,Returning,17,0,2465,DEV007738,1865.64
C007739,IT,2022-04-26,Occasional,6,0,1357,DEV007739,382.06
C007740,ES,2021-09-18,Returning,6,0,2262,DEV007740,488.64
C007741,AU,2025-12-30,New,0,0,721,DEV007741,0.0
C007742,NL,2022-01-31,Occasional,2,0,1702,DEV007742,64.76
C007743,GB,2025-08-28,New,2,0,277,DEV007743,315.36
C007744,IT,2025-05-07,New,1,0,328,DEV007744,71.35
C007745,CA,2025-12-02,New,0,0,748,DEV007745,0.0
C007746,IT,2025-07-27,New,2,0,263,DEV007746,169.59
C007747,CA,2025-08-19,New,0,0,587,DEV007747,0.0
C007748,US,2023-10-22,Returning,15,0,1434,DEV007748,2046.03
C007749,US,2022-12-23,Loyal,86,0,1715,DEV007749,10082.87
C007750,AU,2021-06-04,Returning,6,0,1912,DEV007750,512.59
C007751,CA,2019-10-05,Returning,24,0,2620,DEV007751,3783.29
C007752,ES,2022-12-27,Occasional,6,0,1376,DEV007752,787.56
C007753,IT,2022-04-13,Occasional,4,0,1829,DEV007753,200.25
C007754,IE,2021-07-10,Returning,22,0,2332,DEV007754,3055.25
C007755,US,2022-07-12,Occasional,6,0,1769,DEV007755,252.57
C007756,FR,2021-10-22,Returning,12,0,1779,DEV007756,511.3
C007757,GB,2019-04-02,Returning,13,0,2645,DEV007757,1206.48
C007758,GB,2019-09-18,Returning,24,0,2881,DEV007758,558.53
C007759,US,2022-09-28,Loyal,82,0,1914,DEV007759,2612.52
C007760,CA,2022-11-09,Occasional,1,0,1304,DEV007760,122.99
C007761,IE,2019-07-21,Returning,20,0,2784,DEV007761,1357.46
C007762,FR,2025-04-15,New,2,0,738,DEV007762,69.17
C007763,CA,2023-02-11,Occasional,5,0,1706,DEV007763,565.84
C007764,NL,2025-07-25,New,2,0,829,DEV007764,47.06
C007765,DE,2025-10-12,New,1,0,483,DEV007765,87.45
C007766,GB,2022-12-10,Occasional,1,0,1415,DEV007766,76.03
C007767,US,2022-02-09,Occasional,5,0,1856,DEV007767,150.41
C007768,FR,2022-11-01,Occasional,1,0,1400,DEV007768,101.58
C007769,NL,2020-07-14,Returning,10,0,2287,DEV007769,857.35
C007770,ES,2022-01-19,Returning,14,0,2091,DEV007770,584.75
C007771,DE,2025-06-11,New,1,0,285,DEV007771,44.48
C007772,US,2025-07-01,New,1,0,699,DEV007772,70.78
C007773,IT,2019-05-16,Loyal,65,0,2554,DEV007773,3511.34
C007774,IE,2024-06-14,Returning,24,0,970,DEV007774,694.23
C007775,AU,2025-02-12,New,0,0,803,DEV007775,0.0
C007776,CA,2023-02-28,Occasional,5,0,1171,DEV007776,191.81
C007777,NL,2024-02-24,Occasional,1,0,1236,DEV007777,60.26
C007778,ES,2025-03-31,New,0,0,352,DEV007778,0.0
C007779,CA,2025-09-18,New,0,0,725,DEV007779,0.0
C007780,FR,2023-11-21,Occasional,3,0,1457,DEV007780,502.7
C007781,IT,2025-10-24,New,0,0,343,DEV007781,0.0
C007782,AU,2021-08-07,Returning,9,0,1625,DEV007782,648.72
C007783,IT,2019-09-30,Returning,14,0,2368,DEV007783,905.33
C007784,US,2022-05-13,Returning,17,0,1880,DEV007784,668.0
C007785,IT,2023-01-04,Occasional,6,0,1523,DEV007785,635.33
C007786,IT,2020-06-06,Loyal,49,0,2199,DEV007786,6791.47
C007787,IE,2025-06-20,Occasional,2,0,228,DEV007787,57.13
C007788,AU,2023-06-19,Occasional,2,0,1328,DEV007788,175.71
C007789,DE,2025-02-15,New,1,0,843,DEV007789,60.06
C007790,GB,2025-03-27,New,1,0,535,DEV007790,115.49
C007791,IT,2022-05-10,Occasional,5,0,1731,DEV007791,313.96
C007792,US,2025-01-21,New,0,0,759,DEV007792,0.0
C007793,IE,2022-11-13,Loyal,66,0,1473,DEV007793,7970.72
C007794,IT,2023-06-13,Occasional,1,0,1094,DEV007794,117.4
C007795,US,2024-08-23,Returning,7,0,1214,DEV007795,238.59
C007796,IT,2025-08-17,New,1,0,409,DEV007796,89.28
C007797,IT,2020-06-14,Returning,16,0,2520,DEV007797,947.59
C007798,CA,2025-08-14,New,2,0,148,DEV007798,321.99
C007799,ES,2024-01-03,Occasional,6,0,1400,DEV007799,374.4
C007800,AU,2025-06-16,New,2,0,785,DEV007800,129.6
C007801,IE,2019-03-14,Returning,6,0,2502,DEV007801,256.29
C007802,IE,2023-10-10,Loyal,52,0,1476,DEV007802,5990.19
C007803,DE,2024-03-12,Occasional,2,0,745,DEV007803,194.08
C007804,FR,2022-07-17,Returning,15,0,1656,DEV007804,2274.59
C007805,ES,2025-03-12,New,0,0,987,DEV007805,0.0
C007806,AU,2023-01-20,Returning,13,0,1413,DEV007806,1530.95
C007807,FR,2023-09-10,Returning,12,0,1175,DEV007807,1795.14
C007808,US,2019-08-21,Returning,7,0,2670,DEV007808,820.9
C007809,IE,2025-04-07,New,2,0,541,DEV007809,285.36
C007810,US,2022-10-21,Returning,14,1,1610,DEV007810,2054.84
C007811,AU,2021-07-24,Returning,5,1,1946,DEV007811,239.94
C007812,NL,2024-02-19,Returning,19,1,807,DEV007812,2397.08
C007813,IT,2020-07-25,Loyal,68,0,2517,DEV007813,8961.81
C007814,IE,2025-03-08,Occasional,4,0,392,DEV007814,308.3
C007815,AU,2024-10-24,Returning,11,0,554,DEV007815,258.43
C007816,GB,2022-07-12,Returning,17,0,1681,DEV007816,2516.27
C007817,DE,2022-07-18,Occasional,6,0,1934,DEV007817,162.86
C007818,NL,2018-07-12,Loyal,55,0,3390,DEV007818,6182.15
C007819,IE,2025-11-19,New,1,0,220,DEV007819,127.07
C007820,AU,2025-02-26,New,2,0,436,DEV007820,329.73
C007821,CA,2025-08-06,New,1,0,423,DEV007821,117.2
C007822,DE,2023-07-16,Occasional,5,0,1589,DEV007822,124.08
C007823,US,2020-08-18,Returning,14,0,1986,DEV007823,1734.53
C007824,DE,2022-02-09,Occasional,5,0,1705,DEV007824,590.16
C007825,IT,2022-01-01,Loyal,95,0,1982,DEV007825,3828.65
C007826,NL,2024-08-16,Returning,20,0,1184,DEV007826,2308.13
C007827,FR,2023-10-02,Returning,23,0,1091,DEV007827,566.06
C007828,AU,2022-09-09,Returning,11,0,1349,DEV007828,1309.73
C007829,FR,2025-01-04,New,2,0,1007,DEV007829,84.51
C007830,IE,2024-12-29,Returning,21,0,376,DEV007830,1502.84
C007831,IT,2024-05-15,Returning,20,0,802,DEV007831,1506.67
C007832,GB,2024-05-18,Returning,12,0,1144,DEV007832,1010.56
C007833,IT,2025-06-01,New,1,0,839,DEV007833,46.72
C007834,AU,2025-02-11,New,2,0,883,DEV007834,218.25
C007835,US,2020-03-06,Returning,10,0,2204,DEV007835,1206.0
C007836,NL,2021-10-26,Loyal,40,0,1714,DEV007836,1393.42
C007837,US,2024-03-13,Occasional,1,0,755,DEV007837,165.01
C007838,IT,2022-11-12,Occasional,6,0,1660,DEV007838,537.09
C007839,NL,2019-10-16,Returning,8,0,2809,DEV007839,1142.03
C007840,AU,2025-09-27,Occasional,2,0,612,DEV007840,70.14
C007841,FR,2019-09-28,Returning,18,0,2691,DEV007841,2377.73
C007842,CA,2023-08-16,Returning,21,0,988,DEV007842,2440.01
C007843,FR,2025-01-18,New,2,0,735,DEV007843,35.69
C007844,FR,2019-01-28,Loyal,64,0,2866,DEV007844,2948.96
C007845,GB,2022-05-22,Returning,18,0,1553,DEV007845,2170.7
C007846,AU,2024-11-08,Returning,23,0,571,DEV007846,3343.29
C007847,ES,2022-03-05,Occasional,6,0,1780,DEV007847,1032.2
C007848,US,2022-12-25,Returning,19,0,1250,DEV007848,854.09
C007849,IE,2025-03-01,New,2,0,922,DEV007849,311.87
C007850,AU,2024-07-21,Occasional,6,0,1031,DEV007850,148.82
C007851,FR,2025-08-31,New,1,0,447,DEV007851,117.09
C007852,IE,2021-06-24,Loyal,89,0,1713,DEV007852,3686.66
C007853,DE,2025-07-28,New,2,0,233,DEV007853,250.58
C007854,DE,2022-11-18,Occasional,2,0,1611,DEV007854,43.95
C007855,US,2023-04-22,Occasional,2,0,1490,DEV007855,287.6
C007856,DE,2023-06-28,Loyal,88,0,1154,DEV007856,12990.33
C007857,GB,2023-09-20,Occasional,1,0,1047,DEV007857,123.74
C007858,ES,2024-03-09,Occasional,1,0,1035,DEV007858,153.52
C007859,ES,2025-06-09,New,0,0,738,DEV007859,0.0
C007860,NL,2024-05-09,Returning,12,0,902,DEV007860,1056.65
C007861,ES,2023-06-15,Occasional,1,0,1524,DEV007861,68.44
C007862,ES,2025-11-29,New,2,0,435,DEV007862,260.71
C007863,NL,2025-02-05,New,2,0,551,DEV007863,223.24
C007864,AU,2020-10-01,Returning,5,0,2201,DEV007864,366.71
C007865,DE,2022-10-02,Occasional,1,0,1401,DEV007865,104.34
C007866,FR,2022-06-18,Occasional,2,0,1451,DEV007866,238.91
C007867,US,2019-06-14,Returning,19,0,2619,DEV007867,1785.77
C007868,IT,2023-11-03,Occasional,2,0,1101,DEV007868,90.7
C007869,IE,2022-02-27,Returning,9,0,1905,DEV007869,226.49
C007870,FR,2025-07-14,New,2,0,236,DEV007870,208.4
C007871,CA,2019-02-13,Loyal,92,0,3038,DEV007871,8298.1
C007872,GB,2025-02-14,New,2,0,881,DEV007872,94.94
C007873,ES,2023-01-02,Returning,17,0,1559,DEV007873,1480.11
C007874,NL,2023-01-13,Loyal,94,0,1173,DEV007874,9572.2
C007875,GB,2025-08-11,New,1,0,148,DEV007875,55.75
C007876,FR,2025-09-15,New,2,0,533,DEV007876,254.09
C007877,GB,2022-06-18,Occasional,5,0,1432,DEV007877,639.92
C007878,ES,2022-05-15,Returning,23,0,1412,DEV007878,744.4
C007879,AU,2025-12-19,New,0,0,702,DEV007879,0.0
C007880,US,2020-09-15,Returning,24,0,2155,DEV007880,1670.25
C007881,GB,2025-05-06,New,0,0,763,DEV007881,0.0
C007882,IT,2025-12-07,New,1,0,585,DEV007882,39.07
C007883,US,2022-10-08,Loyal,79,0,1294,DEV007883,7154.03
C007884,AU,2024-08-07,Occasional,4,0,777,DEV007884,455.77
C007885,NL,2024-12-28,Occasional,4,0,675,DEV007885,234.81
C007886,AU,2020-07-06,Loyal,88,0,2501,DEV007886,9975.72
C007887,FR,2025-11-16,New,0,0,137,DEV007887,0.0
C007888,DE,2025-07-21,New,0,1,831,DEV007888,0.0
C007889,FR,2023-11-23,Returning,9,0,961,DEV007889,295.31
C007890,DE,2022-06-26,Returning,7,0,1864,DEV007890,566.19
C007891,FR,2023-04-28,Returning,6,0,1077,DEV007891,634.41
C007892,IT,2018-04-26,Loyal,35,0,3188,DEV007892,2370.75
C007893,IE,2023-06-01,Returning,16,0,1171,DEV007893,1411.25
C007894,IE,2021-02-01,Returning,22,0,1943,DEV007894,601.45
C007895,IT,2025-04-21,Occasional,1,0,890,DEV007895,116.03
C007896,DE,2025-08-18,Occasional,3,0,245,DEV007896,428.24
C007897,FR,2022-10-20,Returning,5,0,1474,DEV007897,372.61
C007898,NL,2021-11-08,Returning,23,0,1930,DEV007898,2099.68
C007899,CA,2023-01-02,Returning,18,0,1803,DEV007899,1730.73
C007900,US,2025-07-02,New,2,0,260,DEV007900,226.45
C007901,DE,2019-07-14,Returning,15,0,2413,DEV007901,1092.46
C007902,IE,2022-04-12,Returning,11,0,1400,DEV007902,1382.21
C007903,ES,2025-01-29,New,0,0,487,DEV007903,0.0
C007904,GB,2023-03-07,Loyal,47,0,1548,DEV007904,2796.57
C007905,ES,2022-04-21,Returning,8,0,1808,DEV007905,575.65
C007906,GB,2022-04-20,Occasional,6,0,1643,DEV007906,846.74
C007907,CA,2017-07-20,Loyal,84,0,3428,DEV007907,6128.73
C007908,CA,2017-09-17,Loyal,26,0,3285,DEV007908,2296.24
C007909,ES,2022-06-03,Occasional,2,1,1922,DEV007909,107.69
C007910,US,2025-05-04,New,1,0,693,DEV007910,94.92
C007911,NL,2023-04-20,Returning,20,0,1172,DEV007911,2567.11
C007912,ES,2022-12-17,Loyal,68,0,1219,DEV007912,7902.26
C007913,GB,2025-06-20,New,0,0,501,DEV007913,0.0
C007914,IE,2023-07-23,Occasional,6,0,1553,DEV007914,942.57
C007915,NL,2025-08-24,New,1,0,246,DEV007915,107.97
C007916,IT,2025-12-30,New,2,0,610,DEV007916,170.17
C007917,IE,2023-10-04,Occasional,3,1,1188,DEV007917,383.49
C007918,IT,2024-10-08,Occasional,1,0,610,DEV007918,30.7
C007919,AU,2019-07-16,Returning,6,0,2932,DEV007919,579.14
C007920,IE,2024-03-09,Returning,10,0,1023,DEV007920,348.39
C007921,GB,2022-09-20,Returning,12,0,1809,DEV007921,1779.33
C007922,AU,2019-11-25,Returning,16,0,2659,DEV007922,2573.5
C007923,CA,2017-09-14,Loyal,97,1,3481,DEV007923,11535.87
C007924,IE,2022-05-03,Occasional,2,0,1727,DEV007924,159.36
C007925,IE,2025-01-16,New,1,0,899,DEV007925,115.11
C007926,DE,2021-12-04,Loyal,84,0,2038,DEV007926,5365.87
C007927,NL,2020-01-21,Loyal,33,0,2628,DEV007927,992.86
C007928,AU,2022-04-21,Returning,6,0,1795,DEV007928,773.69
C007929,ES,2020-01-27,Returning,17,0,2547,DEV007929,1002.11
C007930,IT,2022-12-26,Occasional,5,0,1160,DEV007930,186.47
C007931,ES,2025-03-12,New,1,0,901,DEV007931,39.62
C007932,AU,2022-04-06,Occasional,5,0,1910,DEV007932,317.91
C007933,ES,2022-05-01,Occasional,3,0,1710,DEV007933,514.14
C007934,AU,2025-07-10,New,2,0,746,DEV007934,110.78
C007935,ES,2025-01-18,Occasional,3,0,518,DEV007935,214.77
C007936,IE,2025-06-05,New,0,0,266,DEV007936,0.0
C007937,ES,2023-09-04,Occasional,1,0,1190,DEV007937,57.77
C007938,CA,2022-08-23,Occasional,5,0,1714,DEV007938,643.46
C007939,AU,2025-09-06,Occasional,5,0,195,DEV007939,645.94
C007940,NL,2023-07-21,Occasional,1,0,1519,DEV007940,27.52
C007941,FR,2025-11-10,New,2,0,544,DEV007941,298.25
C007942,AU,2023-06-20,Occasional,3,0,926,DEV007942,395.7
C007943,DE,2025-12-25,New,2,0,654,DEV007943,119.12
C007944,CA,2022-05-18,Returning,24,0,1517,DEV007944,2172.53
C007945,US,2025-09-12,New,1,1,533,DEV007945,68.54
C007946,US,2023-09-13,Occasional,3,0,1138,DEV007946,91.94
C007947,GB,2025-05-31,New,1,0,916,DEV007947,31.09
C007948,ES,2023-07-26,Occasional,4,0,892,DEV007948,591.0
C007949,DE,2022-09-15,Returning,23,0,1262,DEV007949,715.51
C007950,CA,2023-03-05,Returning,21,0,1659,DEV007950,746.94
C007951,ES,2019-10-23,Returning,7,0,2548,DEV007951,541.41
C007952,NL,2025-01-10,Occasional,3,0,675,DEV007952,443.11
C007953,ES,2025-06-16,Occasional,2,0,731,DEV007953,69.06
C007954,US,2021-03-01,Returning,14,0,2082,DEV007954,1077.14
C007955,AU,2019-03-22,Returning,12,0,2587,DEV007955,1451.17
C007956,ES,2025-06-28,Occasional,1,0,320,DEV007956,96.74
C007957,IT,2020-04-14,Returning,24,0,2748,DEV007957,2445.55
C007958,NL,2023-11-24,Occasional,4,0,932,DEV007958,310.95
C007959,IE,2023-08-19,Returning,19,0,1034,DEV007959,2099.71
C007960,NL,2022-03-30,Loyal,45,0,1974,DEV007960,6869.49
C007961,FR,2025-09-13,New,1,0,346,DEV007961,63.09
C007962,GB,2024-08-08,Returning,17,0,543,DEV007962,1334.53
C007963,NL,2022-06-18,Returning,6,0,1770,DEV007963,707.18
C007964,FR,2025-11-22,New,0,0,535,DEV007964,0.0
C007965,FR,2023-11-21,Occasional,3,0,915,DEV007965,129.0
C007966,CA,2025-03-17,New,2,0,389,DEV007966,175.39
C007967,IE,2025-06-19,New,1,0,273,DEV007967,81.54
C007968,US,2025-04-14,New,1,0,481,DEV007968,131.11
C007969,GB,2023-12-19,Occasional,3,0,1458,DEV007969,423.46
C007970,AU,2022-03-29,Loyal,35,0,1964,DEV007970,1623.81
C007971,AU,2024-01-17,Occasional,2,0,1051,DEV007971,219.07
C007972,GB,2025-02-08,New,0,0,953,DEV007972,0.0
C007973,IE,2018-04-19,Loyal,77,0,3007,DEV007973,9091.28
C007974,FR,2022-05-07,Returning,8,0,1471,DEV007974,553.84
C007975,CA,2022-05-31,Occasional,4,0,1843,DEV007975,210.64
C007976,ES,2025-01-12,New,0,0,720,DEV007976,0.0
C007977,AU,2025-03-31,New,0,0,537,DEV007977,0.0
C007978,FR,2025-08-30,New,2,0,382,DEV007978,184.35
C007979,FR,2023-12-11,Occasional,3,0,1188,DEV007979,329.83
C007980,NL,2025-12-22,New,1,0,138,DEV007980,41.63
C007981,US,2022-12-25,Returning,16,0,1715,DEV007981,2135.57
C007982,AU,2021-09-27,Loyal,33,0,2017,DEV007982,1015.05
C007983,ES,2020-06-27,Returning,11,0,2318,DEV007983,1130.69
C007984,IT,2025-08-10,Occasional,6,0,470,DEV007984,804.75
C007985,US,2025-06-10,Occasional,5,0,860,DEV007985,724.88
C007986,FR,2023-09-06,Returning,22,0,1197,DEV007986,438.1
C007987,US,2023-09-01,Occasional,3,0,1282,DEV007987,324.29
C007988,IE,2025-07-13,Occasional,4,0,227,DEV007988,536.27
C007989,IE,2022-01-12,Returning,13,0,1580,DEV007989,1305.21
C007990,CA,2025-03-02,Occasional,5,0,557,DEV007990,194.84
C007991,IT,2024-07-29,Occasional,2,0,523,DEV007991,248.22
C007992,GB,2019-08-17,Returning,6,0,2962,DEV007992,356.03
C007993,GB,2025-03-20,Occasional,6,0,514,DEV007993,841.97
C007994,US,2017-10-25,Loyal,88,0,3442,DEV007994,11118.37
C007995,US,2024-07-07,Occasional,2,0,1007,DEV007995,108.07
C007996,US,2019-12-22,Returning,9,0,2449,DEV007996,640.45
C007997,DE,2023-04-30,Occasional,6,0,1474,DEV007997,165.21
C007998,DE,2022-05-02,Occasional,3,0,1881,DEV007998,315.56
C007999,GB,2025-05-03,New,2,0,252,DEV007999,247.76
C008000,NL,2023-12-14,Occasional,6,0,842,DEV008000,515.86
C008001,DE,2025-04-09,Occasional,1,0,675,DEV008001,56.1
C008002,NL,2025-06-06,New,0,0,363,DEV008002,0.0
C008003,CA,2019-04-10,Returning,8,0,2539,DEV008003,173.86
C008004,IT,2025-11-13,New,1,0,65,DEV008004,100.84
C008005,DE,2025-03-09,New,1,0,708,DEV008005,84.98
C008006,CA,2020-08-28,Returning,13,0,2099,DEV008006,1284.32
C008007,AU,2023-11-17,Occasional,4,0,1188,DEV008007,461.29
C008008,IE,2025-06-10,New,2,0,904,DEV008008,292.2
C008009,CA,2025-09-20,Occasional,5,0,708,DEV008009,492.26
C008010,ES,2020-08-15,Returning,24,0,2011,DEV008010,876.81
C008011,FR,2022-06-26,Occasional,1,0,1439,DEV008011,37.21
C008012,NL,2025-08-11,New,0,0,561,DEV008012,0.0
C008013,NL,2020-08-07,Returning,7,0,1977,DEV008013,352.94
C008014,DE,2025-01-07,New,2,0,1011,DEV008014,242.35
C008015,US,2025-03-06,New,0,0,843,DEV008015,0.0
C008016,GB,2024-03-07,Returning,5,0,1054,DEV008016,335.31
C008017,FR,2022-06-29,Occasional,5,0,1441,DEV008017,566.69
C008018,FR,2025-05-20,Occasional,5,0,327,DEV008018,352.74
C008019,AU,2019-12-18,Loyal,55,0,2847,DEV008019,5967.5
C008020,IT,2021-12-30,Returning,8,0,1608,DEV008020,917.21
C008021,ES,2023-11-19,Loyal,56,0,1386,DEV008021,7797.27
C008022,AU,2021-05-28,Returning,21,0,2376,DEV008022,3407.05
C008023,AU,2025-08-19,Occasional,1,0,584,DEV008023,28.87
C008024,FR,2025-12-05,New,1,0,468,DEV008024,82.37
C008025,GB,2022-11-22,Occasional,2,0,1533,DEV008025,129.87
C008026,DE,2023-08-12,Occasional,4,0,889,DEV008026,517.38
C008027,IT,2023-10-02,Returning,18,0,939,DEV008027,747.4
C008028,US,2022-07-14,Occasional,4,0,1537,DEV008028,317.66
C008029,US,2020-02-29,Returning,22,0,2650,DEV008029,798.01
C008030,IE,2025-10-06,New,1,0,563,DEV008030,21.93
C008031,US,2018-09-10,Loyal,50,0,3379,DEV008031,2200.39
C008032,DE,2025-01-23,New,0,0,514,DEV008032,0.0
C008033,GB,2023-06-10,Returning,7,0,1486,DEV008033,1114.41
C008034,CA,2023-12-03,Occasional,3,0,1464,DEV008034,180.99
C008035,AU,2023-04-20,Occasional,1,0,1700,DEV008035,96.78
C008036,IE,2023-11-22,Returning,7,0,856,DEV008036,641.65
C008037,DE,2024-11-20,Returning,24,0,724,DEV008037,2380.83
C008038,IE,2025-11-27,New,2,0,231,DEV008038,235.74
C008039,FR,2019-07-26,Returning,16,0,2729,DEV008039,1211.96
C008040,AU,2023-10-13,Occasional,4,0,921,DEV008040,108.8
C008041,IE,2025-06-17,New,1,0,314,DEV008041,42.54
C008042,IE,2025-02-17,Occasional,1,0,1046,DEV008042,124.64
C008043,FR,2019-09-23,Returning,12,0,2364,DEV008043,1159.11
C008044,GB,2023-03-05,Returning,5,0,1035,DEV008044,361.51
C008045,IT,2023-12-18,Occasional,6,0,1439,DEV008045,809.99
C008046,FR,2025-05-24,Occasional,6,0,749,DEV008046,546.37
C008047,NL,2025-02-07,New,1,0,571,DEV008047,115.8
C008048,DE,2025-01-06,Occasional,3,0,988,DEV008048,98.7
C008049,AU,2024-04-16,Returning,11,0,1128,DEV008049,1634.09
C008050,IT,2025-05-09,New,1,0,399,DEV008050,26.36
C008051,US,2024-07-19,Occasional,1,0,1258,DEV008051,163.55
C008052,IE,2017-09-25,Loyal,91,0,3311,DEV008052,14974.95
C008053,US,2019-12-11,Returning,9,0,2453,DEV008053,672.71
C008054,DE,2023-04-25,Occasional,2,0,1094,DEV008054,130.17
C008055,DE,2023-04-09,Occasional,3,0,1514,DEV008055,331.27
C008056,IE,2023-06-03,Occasional,6,0,1301,DEV008056,530.72
C008057,GB,2025-07-16,New,0,0,190,DEV008057,0.0
C008058,IT,2019-06-21,Loyal,95,0,2653,DEV008058,2689.13
C008059,IT,2025-06-30,New,2,0,699,DEV008059,241.15
C008060,DE,2024-11-01,Occasional,6,0,814,DEV008060,429.39
C008061,FR,2023-12-03,Occasional,5,0,958,DEV008061,475.24
C008062,CA,2024-12-10,Occasional,3,0,559,DEV008062,412.0
C008063,AU,2023-12-01,Occasional,3,0,921,DEV008063,348.43
C008064,IE,2023-05-27,Occasional,3,0,1132,DEV008064,263.85
C008065,ES,2021-07-15,Loyal,82,0,1729,DEV008065,11352.63
C008066,NL,2025-10-04,New,2,0,364,DEV008066,64.63
C008067,IE,2019-07-25,Loyal,97,0,2789,DEV008067,5252.09
C008068,IT,2022-10-13,Occasional,6,0,1425,DEV008068,424.69
C008069,IT,2024-11-30,Occasional,1,0,663,DEV008069,160.93
C008070,AU,2023-01-03,Returning,7,0,1428,DEV008070,406.76
C008071,DE,2020-04-23,Returning,7,0,2437,DEV008071,335.05
C008072,FR,2025-11-10,New,1,0,445,DEV008072,123.91
C008073,DE,2025-12-31,New,1,0,63,DEV008073,98.42
C008074,NL,2024-02-27,Occasional,6,0,1040,DEV008074,768.73
C008075,US,2021-10-30,Loyal,53,0,1622,DEV008075,8019.57
C008076,US,2025-07-17,Occasional,2,0,534,DEV008076,71.92
C008077,NL,2021-07-22,Returning,6,0,1990,DEV008077,714.16
C008078,IE,2020-07-28,Returning,14,0,2495,DEV008078,638.71
C008079,FR,2022-09-30,Returning,7,0,1326,DEV008079,337.05
C008080,IT,2025-11-13,New,0,0,687,DEV008080,0.0
C008081,GB,2022-04-28,Occasional,3,0,1401,DEV008081,85.21
C008082,FR,2025-05-16,New,1,0,719,DEV008082,25.96
C008083,NL,2021-04-20,Returning,8,0,1856,DEV008083,187.39
C008084,IE,2025-09-26,New,1,0,598,DEV008084,60.66
C008085,DE,2023-05-17,Returning,15,0,1185,DEV008085,1979.22
C008086,ES,2017-04-24,Loyal,54,0,3498,DEV008086,6389.37
C008087,GB,2023-05-08,Occasional,2,0,1113,DEV008087,211.56
C008088,US,2022-06-02,Returning,19,0,1466,DEV008088,1803.61
C008089,IE,2022-04-29,Occasional,6,0,1798,DEV008089,229.32
C008090,AU,2025-04-16,Occasional,5,0,486,DEV008090,304.82
C008091,DE,2025-09-23,New,2,0,333,DEV008091,185.28
C008092,AU,2018-07-16,Loyal,81,0,3077,DEV008092,11585.31
C008093,AU,2025-05-06,Occasional,6,0,628,DEV008093,391.83
C008094,US,2023-09-27,Occasional,3,0,1315,DEV008094,97.92
C008095,CA,2023-01-09,Returning,16,0,1492,DEV008095,1671.0
C008096,GB,2024-06-07,Occasional,3,0,843,DEV008096,112.73
C008097,GB,2022-03-29,Returning,12,0,1952,DEV008097,1115.43
C008098,IT,2024-06-30,Returning,22,0,1119,DEV008098,1781.39
C008099,GB,2021-10-04,Returning,20,0,1835,DEV008099,2513.28
C008100,GB,2022-08-01,Returning,10,0,1868,DEV008100,721.63
C008101,CA,2019-03-28,Returning,8,0,2603,DEV008101,905.94
C008102,NL,2025-01-23,New,0,0,740,DEV008102,0.0
C008103,GB,2025-08-06,New,2,0,734,DEV008103,317.78
C008104,CA,2022-06-01,Loyal,96,0,1675,DEV008104,8143.84
C008105,US,2020-08-03,Loyal,27,0,2296,DEV008105,3660.81
C008106,AU,2024-11-18,Occasional,5,0,420,DEV008106,586.76
C008107,FR,2025-11-04,New,0,0,154,DEV008107,0.0
C008108,IE,2025-04-09,Occasional,2,0,648,DEV008108,270.93
C008109,AU,2023-05-03,Occasional,1,0,1384,DEV008109,129.86
C008110,AU,2019-06-03,Returning,23,0,3080,DEV008110,3028.18
C008111,ES,2024-01-26,Returning,12,0,1190,DEV008111,1888.0
C008112,ES,2024-06-10,Returning,12,0,1178,DEV008112,1239.8
C008113,US,2019-03-24,Returning,22,0,2716,DEV008113,2939.07
C008114,US,2023-02-28,Loyal,26,0,1210,DEV008114,931.94
C008115,ES,2023-07-16,Returning,16,0,1134,DEV008115,2352.09
C008116,DE,2020-03-31,Loyal,70,0,2793,DEV008116,4925.36
C008117,GB,2023-08-11,Occasional,2,0,1229,DEV008117,203.6
C008118,FR,2025-10-10,New,2,0,578,DEV008118,142.9
C008119,NL,2020-12-16,Returning,22,0,2200,DEV008119,2236.29
C008120,DE,2022-10-19,Occasional,5,0,1304,DEV008120,448.68
C008121,GB,2023-10-22,Occasional,4,0,971,DEV008121,225.4
C008122,IE,2021-12-31,Returning,19,0,1771,DEV008122,3115.5
C008123,CA,2025-06-24,New,0,0,416,DEV008123,0.0
C008124,CA,2025-06-04,New,0,0,379,DEV008124,0.0
C008125,FR,2025-04-22,New,0,0,367,DEV008125,0.0
C008126,ES,2022-01-15,Occasional,4,0,1864,DEV008126,391.21
C008127,AU,2025-11-29,New,0,0,472,DEV008127,0.0
C008128,IE,2024-09-14,Returning,14,1,507,DEV008128,1714.88
C008129,NL,2023-03-15,Occasional,4,0,1138,DEV008129,198.05
C008130,IT,2020-05-06,Returning,23,0,2761,DEV008130,902.48
C008131,CA,2020-03-28,Returning,9,0,2466,DEV008131,1168.6
C008132,NL,2023-09-13,Returning,5,0,1131,DEV008132,553.81
C008133,GB,2019-06-07,Returning,19,0,2402,DEV008133,496.3
C008134,CA,2022-06-19,Returning,17,0,1630,DEV008134,928.69
C008135,ES,2025-05-22,Occasional,5,0,879,DEV008135,501.47
C008136,DE,2020-03-22,Loyal,81,0,2429,DEV008136,12064.74
C008137,IT,2022-09-20,Returning,21,0,1915,DEV008137,3192.25
C008138,GB,2022-11-10,Occasional,6,0,1812,DEV008138,719.84
C008139,NL,2019-08-05,Returning,18,1,3010,DEV008139,2890.18
C008140,US,2025-03-27,New,2,0,748,DEV008140,56.53
C008141,FR,2025-08-10,New,0,0,445,DEV008141,0.0
C008142,IE,2023-05-02,Occasional,3,0,1001,DEV008142,72.36
C008143,DE,2025-01-28,New,2,0,337,DEV008143,226.53
C008144,NL,2020-06-17,Returning,19,0,2026,DEV008144,1303.2
C008145,AU,2025-04-30,New,0,0,841,DEV008145,0.0
C008146,NL,2024-02-04,Occasional,5,0,1306,DEV008146,856.28
C008147,IT,2019-05-26,Returning,16,0,3059,DEV008147,359.29
C008148,AU,2025-05-20,New,0,0,394,DEV008148,0.0
C008149,GB,2021-04-10,Loyal,64,0,1830,DEV008149,2179.46
C008150,AU,2019-11-04,Returning,13,0,2271,DEV008150,1066.13
C008151,IE,2025-04-05,New,0,0,388,DEV008151,0.0
C008152,GB,2025-11-29,New,1,0,732,DEV008152,50.77
C008153,IE,2025-12-14,New,0,0,290,DEV008153,0.0
C008154,US,2024-11-27,Returning,5,0,727,DEV008154,330.03
C008155,IT,2017-06-09,Loyal,83,0,3571,DEV008155,12247.02
C008156,US,2023-10-18,Occasional,5,0,1054,DEV008156,823.3
C008157,FR,2018-12-07,Loyal,87,0,2640,DEV008157,7766.63
C008158,US,2021-03-09,Returning,12,0,2487,DEV008158,263.83
C008159,DE,2020-05-02,Loyal,39,0,2700,DEV008159,3210.36
C008160,AU,2025-02-28,New,1,0,690,DEV008160,71.59
C008161,US,2021-11-05,Loyal,45,0,1832,DEV008161,2992.16
C008162,ES,2018-02-12,Loyal,47,0,3220,DEV008162,2359.4
C008163,ES,2024-04-17,Occasional,6,0,941,DEV008163,147.27
C008164,AU,2020-06-06,Returning,24,0,2562,DEV008164,3588.58
C008165,GB,2024-04-18,Returning,8,0,1345,DEV008165,799.01
C008166,ES,2024-09-11,Occasional,2,0,1131,DEV008166,249.74
C008167,DE,2019-04-06,Returning,9,0,3005,DEV008167,690.44
C008168,ES,2024-06-12,Returning,24,0,922,DEV008168,3351.29
C008169,DE,2025-09-28,New,0,0,751,DEV008169,0.0
C008170,ES,2024-05-27,Occasional,6,0,1171,DEV008170,709.75
C008171,ES,2025-03-09,New,1,0,887,DEV008171,121.69
C008172,ES,2024-02-12,Occasional,3,0,942,DEV008172,128.92
C008173,DE,2018-03-26,Loyal,68,0,3258,DEV008173,5861.51
C008174,IE,2022-10-28,Returning,9,0,1512,DEV008174,444.89
C008175,NL,2023-03-06,Occasional,5,0,1333,DEV008175,195.6
C008176,ES,2025-12-12,New,1,0,329,DEV008176,128.41
C008177,AU,2025-01-08,New,0,0,880,DEV008177,0.0
C008178,AU,2019-11-25,Returning,9,0,2722,DEV008178,615.21
C008179,IT,2025-04-27,New,1,0,789,DEV008179,79.1
C008180,US,2025-04-19,New,1,0,782,DEV008180,77.1
C008181,DE,2021-09-03,Returning,21,0,2110,DEV008181,3034.35
C008182,IT,2019-06-29,Loyal,78,0,2651,DEV008182,12830.8
C008183,DE,2021-09-16,Returning,16,0,1824,DEV008183,2466.45
C008184,GB,2024-01-11,Occasional,1,0,1441,DEV008184,65.48
C008185,IT,2024-10-10,Returning,20,0,473,DEV008185,1625.29
C008186,IT,2023-05-23,Occasional,3,0,1304,DEV008186,336.0
C008187,AU,2020-11-22,Loyal,63,0,2570,DEV008187,6033.48
C008188,ES,2025-04-13,Occasional,3,0,389,DEV008188,294.65
C008189,IT,2025-03-21,New,0,0,727,DEV008189,0.0
C008190,DE,2025-12-21,New,1,0,163,DEV008190,132.59
C008191,ES,2025-03-16,New,2,0,959,DEV008191,242.93
C008192,IT,2020-04-19,Returning,9,0,2189,DEV008192,321.37
C008193,NL,2025-09-30,New,0,0,629,DEV008193,0.0
C008194,AU,2023-02-26,Returning,24,0,1647,DEV008194,1219.37
C008195,FR,2024-10-20,Occasional,1,0,443,DEV008195,122.16
C008196,ES,2022-01-23,Occasional,4,0,1569,DEV008196,291.0
C008197,AU,2023-07-20,Occasional,1,0,1003,DEV008197,77.7
C008198,GB,2023-06-09,Returning,18,0,945,DEV008198,916.89
C008199,FR,2022-01-17,Occasional,6,0,1636,DEV008199,444.42
C008200,NL,2023-04-30,Occasional,3,0,1595,DEV008200,80.87
C008201,IT,2024-06-23,Occasional,6,0,1220,DEV008201,612.94
C008202,ES,2023-12-31,Loyal,49,0,1432,DEV008202,1398.67
C008203,IE,2025-06-05,New,2,0,888,DEV008203,295.73
C008204,US,2021-03-10,Returning,13,0,2370,DEV008204,1717.85
C008205,FR,2022-10-14,Occasional,2,0,1722,DEV008205,90.76
C008206,IT,2025-04-30,Occasional,6,0,593,DEV008206,745.57
C008207,NL,2022-07-01,Returning,20,0,1326,DEV008207,2056.17
C008208,AU,2024-10-22,Occasional,5,0,670,DEV008208,220.72
C008209,GB,2025-11-28,New,2,0,271,DEV008209,68.98
C008210,IE,2022-06-21,Occasional,4,0,1591,DEV008210,481.4
C008211,CA,2024-01-06,Returning,17,0,1376,DEV008211,1824.08
C008212,US,2019-05-09,Returning,8,0,3145,DEV008212,370.43
C008213,IT,2024-12-03,Occasional,3,0,872,DEV008213,358.76
C008214,IE,2024-09-25,Occasional,4,0,797,DEV008214,139.96
C008215,FR,2023-07-26,Occasional,5,0,1414,DEV008215,733.27
C008216,DE,2025-06-27,New,1,0,839,DEV008216,139.6
C008217,IE,2024-07-30,Occasional,1,0,781,DEV008217,132.71
C008218,ES,2022-06-14,Occasional,1,0,1945,DEV008218,26.75
C008219,ES,2022-08-03,Loyal,55,0,1760,DEV008219,3236.95
C008220,GB,2025-03-15,New,0,0,828,DEV008220,0.0
C008221,GB,2025-11-20,New,0,0,714,DEV008221,0.0
C008222,DE,2025-02-22,New,1,0,863,DEV008222,34.33
C008223,AU,2024-07-03,Returning,6,0,829,DEV008223,449.95
C008224,AU,2020-06-25,Returning,22,0,2418,DEV008224,1703.79
C008225,AU,2025-05-31,Occasional,6,0,809,DEV008225,512.24
C008226,IE,2024-12-12,Occasional,4,0,963,DEV008226,148.76
C008227,ES,2025-02-12,Occasional,1,0,731,DEV008227,109.23
C008228,FR,2025-05-12,Occasional,1,0,248,DEV008228,42.32
C008229,IE,2023-08-24,Returning,24,0,1125,DEV008229,3068.18
C008230,FR,2025-03-10,New,1,0,849,DEV008230,99.78
C008231,IT,2023-07-11,Returning,11,0,1235,DEV008231,1016.67
C008232,GB,2022-01-06,Returning,24,0,1733,DEV008232,1686.04
C008233,AU,2023-12-10,Returning,18,0,1264,DEV008233,1162.53
C008234,GB,2023-10-24,Returning,7,0,1352,DEV008234,1152.1
C008235,CA,2025-02-12,New,1,0,401,DEV008235,49.85
C008236,IE,2022-07-27,Occasional,4,0,1703,DEV008236,691.87
C008237,IE,2024-03-25,Occasional,5,0,711,DEV008237,559.98
C008238,ES,2024-08-02,Occasional,3,0,1005,DEV008238,124.1
C008239,NL,2025-11-07,New,0,0,512,DEV008239,0.0
C008240,GB,2025-08-04,Occasional,5,0,375,DEV008240,219.87
C008241,US,2025-03-08,Occasional,6,0,796,DEV008241,452.51
C008242,IT,2019-11-20,Loyal,38,0,2626,DEV008242,3290.81
C008243,CA,2025-04-09,Occasional,4,0,705,DEV008243,552.43
C008244,US,2024-09-15,Occasional,3,0,1166,DEV008244,122.0
C008245,DE,2025-07-16,New,1,0,547,DEV008245,24.72
C008246,FR,2025-02-28,Occasional,5,0,871,DEV008246,153.05
C008247,GB,2024-04-07,Occasional,3,0,664,DEV008247,164.75
C008248,AU,2020-12-03,Loyal,31,0,2217,DEV008248,3664.25
C008249,FR,2025-08-09,New,1,0,152,DEV008249,21.83
C008250,NL,2020-09-17,Loyal,37,0,2554,DEV008250,3787.89
C008251,NL,2025-05-24,New,2,0,533,DEV008251,244.65
C008252,ES,2023-04-27,Occasional,1,0,1224,DEV008252,140.65
C008253,IE,2025-01-21,Occasional,2,0,450,DEV008253,174.55
C008254,ES,2022-04-02,Occasional,1,0,1760,DEV008254,52.92
C008255,CA,2022-09-08,Occasional,4,0,1436,DEV008255,394.62
C008256,ES,2025-06-11,New,2,2,847,DEV008256,133.98
C008257,AU,2025-11-09,New,2,0,481,DEV008257,234.17
C008258,FR,2018-11-11,Loyal,27,0,3113,DEV008258,2322.13
C008259,FR,2025-05-09,New,1,0,310,DEV008259,129.25
C008260,FR,2023-11-22,Occasional,1,0,1218,DEV008260,139.79
C008261,GB,2024-12-28,Returning,11,0,1000,DEV008261,556.63
C008262,AU,2020-08-29,Returning,5,0,1966,DEV008262,293.37
C008263,CA,2024-10-09,Occasional,2,0,977,DEV008263,189.14
C008264,DE,2023-09-16,Loyal,100,0,1259,DEV008264,5580.92
C008265,FR,2022-07-15,Occasional,4,0,1533,DEV008265,455.95
C008266,US,2024-12-12,Occasional,4,0,654,DEV008266,476.64
C008267,IE,2024-07-18,Occasional,4,0,862,DEV008267,395.99
C008268,IT,2024-05-14,Returning,19,0,1064,DEV008268,2013.01
C008269,CA,2022-01-02,Occasional,4,0,1480,DEV008269,180.59
C008270,ES,2025-02-25,New,1,0,867,DEV008270,24.75
C008271,IT,2019-03-18,Loyal,53,0,2813,DEV008271,7652.08
C008272,CA,2022-06-23,Returning,15,0,1777,DEV008272,1471.01
C008273,GB,2025-03-08,New,0,0,578,DEV008273,0.0
C008274,DE,2025-04-15,Occasional,5,0,476,DEV008274,305.68
C008275,ES,2024-03-25,Returning,19,0,729,DEV008275,2098.79
C008276,IE,2020-03-27,Returning,14,0,2835,DEV008276,1130.77
C008277,ES,2025-07-17,New,1,0,550,DEV008277,43.21
C008278,GB,2020-09-10,Returning,12,0,2480,DEV008278,585.26
C008279,IE,2024-03-14,Occasional,4,0,1288,DEV008279,274.95
C008280,CA,2023-09-15,Returning,7,0,1504,DEV008280,161.78
C008281,FR,2024-01-21,Returning,21,0,1419,DEV008281,2145.12
C008282,AU,2022-10-11,Returning,18,0,1442,DEV008282,781.33
C008283,ES,2025-02-02,New,1,0,480,DEV008283,104.75
C008284,IE,2023-11-08,Returning,13,0,1182,DEV008284,870.42
C008285,IT,2020-01-14,Returning,19,0,2578,DEV008285,332.93
C008286,NL,2023-04-27,Occasional,3,0,1044,DEV008286,282.36
C008287,AU,2024-05-19,Returning,8,0,898,DEV008287,1066.31
C008288,IT,2024-09-01,Returning,14,0,570,DEV008288,1006.12
C008289,ES,2023-01-06,Occasional,2,0,1400,DEV008289,312.83
C008290,AU,2024-09-02,Occasional,4,0,745,DEV008290,278.58
C008291,GB,2022-05-27,Returning,18,0,1574,DEV008291,974.56
C008292,IE,2022-04-02,Loyal,95,0,1976,DEV008292,3370.62
C008293,NL,2024-05-21,Occasional,4,0,628,DEV008293,433.62
C008294,NL,2025-08-13,New,2,0,342,DEV008294,139.37
C008295,GB,2025-04-18,New,1,0,359,DEV008295,97.7
C008296,FR,2025-03-04,New,0,0,519,DEV008296,0.0
C008297,AU,2025-06-07,New,1,0,876,DEV008297,118.78
C008298,ES,2023-04-11,Returning,19,0,1427,DEV008298,2099.4
C008299,AU,2023-07-11,Occasional,5,0,1577,DEV008299,150.95
C008300,ES,2023-11-15,Loyal,84,0,1451,DEV008300,7651.52
C008301,FR,2019-04-21,Returning,21,0,2874,DEV008301,2566.69
C008302,IT,2024-06-01,Returning,15,0,851,DEV008302,638.36
C008303,FR,2025-02-28,New,2,0,480,DEV008303,123.61
C008304,US,2022-10-14,Loyal,86,0,1191,DEV008304,5557.27
C008305,DE,2025-05-10,New,2,0,908,DEV008305,82.32
C008306,IE,2025-05-02,New,2,0,304,DEV008306,284.0
C008307,IE,2025-01-14,New,0,0,972,DEV008307,0.0
C008308,AU,2025-02-28,New,2,0,859,DEV008308,195.42
C008309,FR,2025-08-18,New,1,0,406,DEV008309,120.75
C008310,IE,2023-11-15,Returning,7,0,1355,DEV008310,1048.71
C008311,US,2020-03-17,Returning,21,0,2198,DEV008311,517.29
C008312,IE,2019-10-26,Returning,6,0,2330,DEV008312,768.57
C008313,FR,2023-09-14,Returning,5,0,1500,DEV008313,157.94
C008314,FR,2024-03-06,Occasional,3,0,823,DEV008314,219.15
C008315,GB,2022-01-21,Loyal,47,0,1556,DEV008315,2856.86
C008316,IE,2020-02-05,Returning,14,0,2588,DEV008316,1759.34
C008317,US,2019-08-16,Returning,15,0,2877,DEV008317,1349.36
C008318,CA,2022-05-07,Returning,10,0,1872,DEV008318,1333.44
C008319,IE,2025-01-18,New,2,0,575,DEV008319,177.36
C008320,CA,2025-09-17,New,0,0,446,DEV008320,0.0
C008321,NL,2025-01-29,Occasional,5,0,426,DEV008321,188.3
C008322,IE,2024-04-03,Occasional,4,0,1028,DEV008322,370.13
C008323,AU,2025-11-03,New,0,0,465,DEV008323,0.0
C008324,IE,2023-01-01,Occasional,3,0,1699,DEV008324,331.7
C008325,ES,2019-03-08,Returning,17,0,3034,DEV008325,1733.61
C008326,IT,2025-07-29,New,2,0,682,DEV008326,288.11
C008327,IE,2020-10-29,Returning,12,0,2542,DEV008327,1195.59
C008328,US,2019-12-24,Loyal,94,0,2797,DEV008328,11444.78
C008329,IT,2023-07-12,Returning,5,0,1323,DEV008329,533.71
C008330,AU,2024-07-12,Occasional,1,0,825,DEV008330,45.81
C008331,US,2023-02-25,Occasional,5,0,1658,DEV008331,263.03
C008332,AU,2022-05-18,Returning,23,0,1954,DEV008332,819.55
C008333,US,2020-01-22,Loyal,25,0,2484,DEV008333,3411.56
C008334,CA,2023-09-25,Occasional,2,0,1374,DEV008334,78.02
C008335,GB,2022-02-01,Occasional,1,0,2109,DEV008335,61.15
C008336,CA,2025-07-14,New,0,0,276,DEV008336,0.0
C008337,DE,2022-10-15,Occasional,2,0,1777,DEV008337,125.51
C008338,DE,2023-09-22,Occasional,2,0,1408,DEV008338,222.09
C008339,DE,2024-12-30,Occasional,5,0,943,DEV008339,746.79
C008340,IE,2023-06-08,Occasional,6,0,1188,DEV008340,836.82
C008341,GB,2025-06-20,New,1,0,296,DEV008341,110.99
C008342,CA,2024-11-04,Returning,9,0,546,DEV008342,943.76
C008343,AU,2022-11-11,Occasional,2,0,1464,DEV008343,94.65
C008344,AU,2024-08-03,Occasional,3,0,1233,DEV008344,329.01
C008345,ES,2025-03-16,New,2,0,352,DEV008345,147.87
C008346,DE,2022-12-07,Occasional,1,0,1205,DEV008346,78.86
C008347,GB,2023-11-03,Occasional,3,0,1518,DEV008347,419.41
C008348,FR,2023-05-16,Occasional,4,0,1369,DEV008348,402.81
C008349,US,2024-04-16,Occasional,5,0,818,DEV008349,450.15
C008350,ES,2019-08-20,Returning,18,0,2879,DEV008350,2172.33
C008351,US,2025-10-11,New,2,0,446,DEV008351,271.57
C008352,IE,2020-06-28,Returning,15,0,2589,DEV008352,1955.91
C008353,DE,2022-06-06,Occasional,4,0,1476,DEV008353,428.05
C008354,FR,2024-02-19,Occasional,5,0,1114,DEV008354,195.0
C008355,US,2025-05-26,New,0,0,801,DEV008355,0.0
C008356,NL,2023-06-27,Occasional,2,0,1284,DEV008356,82.95
C008357,AU,2018-04-18,Loyal,33,0,3521,DEV008357,2957.98
C008358,NL,2023-09-28,Occasional,6,0,1369,DEV008358,134.38
C008359,AU,2024-01-23,Occasional,6,1,1092,DEV008359,597.83
C008360,IE,2019-01-09,Returning,6,0,3079,DEV008360,207.54
C008361,DE,2023-01-15,Occasional,4,0,1785,DEV008361,145.26
C008362,FR,2022-05-14,Occasional,3,0,1390,DEV008362,166.58
C008363,US,2025-11-23,New,2,0,685,DEV008363,48.45
C008364,NL,2023-04-18,Returning,22,0,1618,DEV008364,3186.84
C008365,DE,2024-10-27,Occasional,4,0,781,DEV008365,599.91
C008366,FR,2022-04-30,Occasional,6,0,1429,DEV008366,826.01
C008367,ES,2020-02-15,Returning,23,0,2840,DEV008367,1773.16
C008368,IE,2025-11-22,New,0,0,167,DEV008368,0.0
C008369,ES,2024-04-30,Returning,12,0,986,DEV008369,545.32
C008370,GB,2023-10-22,Occasional,4,0,1151,DEV008370,404.76
C008371,IE,2022-02-08,Occasional,6,0,1429,DEV008371,634.0
C008372,US,2019-02-26,Returning,12,0,2763,DEV008372,1348.53
C008373,NL,2025-06-04,Occasional,6,0,930,DEV008373,661.96
C008374,FR,2025-11-01,New,2,0,537,DEV008374,322.69
C008375,CA,2024-07-22,Occasional,5,0,1155,DEV008375,330.69
C008376,IT,2022-06-01,Loyal,74,0,1446,DEV008376,2222.58
C008377,US,2020-08-02,Loyal,30,0,2309,DEV008377,3819.77
C008378,FR,2024-07-20,Returning,12,0,571,DEV008378,1629.39
C008379,FR,2018-09-14,Loyal,29,0,2761,DEV008379,1658.53
C008380,CA,2025-03-05,Occasional,5,0,811,DEV008380,766.74
C008381,ES,2025-05-14,New,1,0,456,DEV008381,57.08
C008382,NL,2021-11-12,Returning,6,0,1781,DEV008382,703.35
C008383,AU,2025-08-30,New,1,1,578,DEV008383,84.14
C008384,IT,2022-12-14,Returning,24,0,1778,DEV008384,2013.65
C008385,IT,2022-03-06,Occasional,4,0,1628,DEV008385,160.87
C008386,IE,2022-02-03,Occasional,2,0,2100,DEV008386,60.42
C008387,DE,2024-02-26,Occasional,4,0,743,DEV008387,464.36
C008388,ES,2023-10-24,Occasional,3,0,1468,DEV008388,146.4
C008389,ES,2021-10-30,Returning,14,0,1558,DEV008389,558.05
C008390,CA,2025-09-21,New,0,0,190,DEV008390,0.0
C008391,CA,2025-08-16,Occasional,3,0,395,DEV008391,99.6
C008392,FR,2025-11-18,New,1,0,471,DEV008392,81.43
C008393,ES,2025-09-27,New,1,0,471,DEV008393,127.08
C008394,FR,2024-06-10,Occasional,5,0,722,DEV008394,787.98
C008395,ES,2017-03-13,Loyal,57,0,3223,DEV008395,5534.71
C008396,DE,2023-08-18,Occasional,6,0,1193,DEV008396,806.72
C008397,AU,2023-03-04,Returning,5,0,1516,DEV008397,804.83
C008398,GB,2019-11-06,Returning,11,0,2795,DEV008398,270.62
C008399,ES,2025-08-30,Occasional,6,0,368,DEV008399,672.6
C008400,CA,2023-11-18,Occasional,2,0,1375,DEV008400,113.61
C008401,FR,2024-06-24,Returning,18,0,1259,DEV008401,1095.79
C008402,AU,2025-12-21,New,2,0,157,DEV008402,240.97
C008403,US,2025-06-12,New,1,0,900,DEV008403,56.78
C008404,US,2025-04-22,New,1,0,335,DEV008404,139.47
C008405,IT,2023-12-16,Occasional,4,0,848,DEV008405,394.04
C008406,IT,2019-03-04,Returning,16,0,2550,DEV008406,1053.05
C008407,IT,2022-06-04,Returning,11,0,1361,DEV008407,970.08
C008408,FR,2025-12-20,New,1,0,675,DEV008408,99.75
C008409,ES,2024-07-09,Occasional,1,0,1215,DEV008409,54.18
C008410,ES,2025-03-23,Occasional,3,0,386,DEV008410,415.4
C008411,GB,2025-05-17,New,2,0,442,DEV008411,93.2
C008412,NL,2019-11-26,Loyal,81,1,2759,DEV008412,7622.53
C008413,IE,2025-01-19,New,1,0,630,DEV008413,18.82
C008414,DE,2025-05-02,New,0,0,735,DEV008414,0.0
C008415,GB,2025-08-25,New,1,0,219,DEV008415,67.98
C008416,CA,2025-01-19,Occasional,1,0,435,DEV008416,119.99
C008417,ES,2025-05-17,Occasional,1,0,761,DEV008417,115.79
C008418,IE,2023-02-15,Occasional,6,0,1728,DEV008418,313.89
C008419,NL,2021-03-21,Returning,17,0,2065,DEV008419,1212.27
C008420,CA,2023-05-31,Returning,7,0,987,DEV008420,990.68
C008421,FR,2023-01-11,Occasional,2,0,1687,DEV008421,159.04
C008422,NL,2024-03-09,Returning,20,0,1382,DEV008422,2438.35
C008423,GB,2022-10-05,Occasional,5,0,1428,DEV008423,143.29
C008424,US,2019-12-30,Loyal,61,0,2661,DEV008424,3346.59
C008425,US,2024-06-30,Occasional,4,0,616,DEV008425,117.76
C008426,FR,2024-01-16,Returning,22,0,762,DEV008426,1655.38
C008427,DE,2023-06-28,Occasional,5,0,1369,DEV008427,489.47
C008428,GB,2020-06-29,Returning,17,0,2607,DEV008428,1950.29
C008429,US,2020-03-25,Loyal,25,0,2635,DEV008429,3032.54
C008430,IT,2025-07-23,New,2,0,243,DEV008430,199.52
C008431,NL,2024-10-04,Occasional,1,0,526,DEV008431,31.71
C008432,US,2023-07-03,Occasional,3,0,1238,DEV008432,353.07
C008433,ES,2024-11-04,Occasional,4,0,576,DEV008433,510.03
C008434,US,2025-01-02,New,2,0,872,DEV008434,67.1
C008435,AU,2021-10-04,Returning,7,0,2119,DEV008435,584.83
C008436,ES,2022-07-26,Occasional,6,0,1901,DEV008436,539.61
C008437,NL,2025-04-07,New,0,0,706,DEV008437,0.0
C008438,GB,2019-03-03,Returning,21,0,2713,DEV008438,2476.54
C008439,CA,2024-11-22,Occasional,1,0,764,DEV008439,59.82
C008440,AU,2022-11-11,Returning,24,0,1155,DEV008440,610.83
C008441,CA,2024-06-18,Returning,17,0,1007,DEV008441,1159.48
C008442,ES,2024-08-09,Occasional,2,0,1151,DEV008442,247.26
C008443,GB,2020-06-21,Loyal,43,0,2235,DEV008443,3409.52
C008444,US,2020-09-09,Loyal,69,0,2103,DEV008444,8037.76
C008445,IT,2025-09-22,New,0,0,683,DEV008445,0.0
C008446,IE,2023-03-06,Occasional,5,0,1190,DEV008446,528.81
C008447,US,2023-07-23,Occasional,2,0,953,DEV008447,216.09
C008448,IE,2022-03-01,Returning,10,0,1583,DEV008448,1087.03
C008449,DE,2025-05-07,New,1,0,382,DEV008449,37.42
C008450,CA,2022-06-30,Occasional,3,0,1687,DEV008450,197.81
C008451,ES,2025-06-11,New,0,0,747,DEV008451,0.0
C008452,AU,2023-11-04,Occasional,5,0,881,DEV008452,445.46
C008453,AU,2023-06-23,Occasional,6,0,1073,DEV008453,495.24
C008454,IT,2017-04-01,Loyal,46,0,3514,DEV008454,1047.35
C008455,IE,2023-08-27,Occasional,1,0,1210,DEV008455,94.08
C008456,AU,2025-02-17,Occasional,1,0,833,DEV008456,89.03
C008457,CA,2022-04-22,Occasional,3,0,1607,DEV008457,288.04
C008458,ES,2025-01-17,New,1,0,1033,DEV008458,33.78
C008459,IE,2022-07-30,Returning,10,0,1332,DEV008459,1316.74
C008460,CA,2018-01-03,Loyal,97,0,3328,DEV008460,12909.55
C008461,IT,2024-05-29,Returning,12,0,927,DEV008461,751.03
C008462,AU,2021-06-19,Returning,5,0,2106,DEV008462,791.9
C008463,ES,2023-01-03,Occasional,2,0,1201,DEV008463,205.88
C008464,FR,2019-03-25,Returning,21,0,3196,DEV008464,3026.89
C008465,ES,2025-03-14,New,1,0,857,DEV008465,66.83
C008466,ES,2023-04-07,Returning,17,0,1510,DEV008466,2566.45
C008467,US,2023-04-25,Occasional,1,0,1316,DEV008467,95.72
C008468,NL,2024-10-14,Occasional,6,0,675,DEV008468,260.57
C008469,DE,2022-04-17,Occasional,2,0,1467,DEV008469,104.33
C008470,DE,2019-11-09,Returning,13,0,2855,DEV008470,1853.58
C008471,DE,2019-07-07,Returning,11,0,2646,DEV008471,472.75
C008472,GB,2025-10-30,New,1,0,162,DEV008472,34.92
C008473,IT,2023-09-30,Loyal,85,0,927,DEV008473,7241.91
C008474,AU,2025-07-21,New,0,0,363,DEV008474,0.0
C008475,NL,2025-08-14,New,0,0,658,DEV008475,0.0
C008476,AU,2024-01-09,Occasional,5,0,1320,DEV008476,468.39
C008477,IT,2025-09-24,New,1,0,162,DEV008477,70.75
C008478,IE,2025-10-21,New,1,0,518,DEV008478,92.44
C008479,NL,2024-03-01,Occasional,3,0,775,DEV008479,369.33
C008480,NL,2018-07-01,Loyal,77,0,3314,DEV008480,9089.05
C008481,GB,2025-10-08,New,0,0,184,DEV008481,0.0
C008482,US,2024-05-12,Occasional,5,0,1203,DEV008482,300.96
C008483,US,2025-06-11,New,2,0,224,DEV008483,276.21
C008484,FR,2023-04-20,Occasional,6,0,1219,DEV008484,677.53
C008485,DE,2022-02-11,Returning,10,0,1659,DEV008485,478.42
C008486,AU,2020-10-06,Returning,23,0,2439,DEV008486,1855.63
C008487,FR,2022-06-14,Returning,23,0,1408,DEV008487,3341.63
C008488,IT,2025-03-09,Occasional,5,0,454,DEV008488,569.64
C008489,US,2025-07-11,Occasional,1,0,195,DEV008489,118.71
C008490,IT,2021-01-11,Returning,17,0,2174,DEV008490,872.99
C008491,ES,2021-08-31,Returning,12,0,2187,DEV008491,1383.0
C008492,GB,2025-04-02,New,2,0,859,DEV008492,216.9
C008493,US,2024-08-03,Occasional,6,0,1232,DEV008493,784.04
C008494,DE,2022-04-07,Occasional,6,0,1623,DEV008494,775.03
C008495,DE,2018-03-02,Loyal,93,0,3154,DEV008495,9934.61
C008496,GB,2024-04-21,Occasional,6,0,872,DEV008496,698.7
C008497,IT,2023-03-02,Occasional,1,0,1109,DEV008497,138.92
C008498,GB,2024-06-16,Returning,24,0,833,DEV008498,1546.81
C008499,CA,2024-12-25,Returning,11,0,686,DEV008499,492.99
C008500,FR,2022-05-17,Occasional,5,0,1836,DEV008500,582.12
C008501,IE,2025-06-28,Occasional,5,0,386,DEV008501,173.65
C008502,US,2025-07-10,New,0,0,406,DEV008502,0.0
C008503,DE,2025-05-24,New,1,0,349,DEV008503,115.13
C008504,IT,2020-08-31,Loyal,35,0,2519,DEV008504,4898.06
C008505,NL,2023-02-25,Occasional,3,0,1470,DEV008505,245.8
C008506,US,2017-09-04,Loyal,49,0,3312,DEV008506,6421.93
C008507,US,2019-04-24,Returning,21,0,3027,DEV008507,708.58
C008508,FR,2019-10-03,Loyal,28,0,2578,DEV008508,4511.55
C008509,GB,2021-05-08,Returning,12,0,1767,DEV008509,1514.06
C008510,AU,2023-04-29,Occasional,6,0,1324,DEV008510,458.29
C008511,CA,2024-04-05,Occasional,3,0,1144,DEV008511,396.45
C008512,GB,2023-12-10,Returning,10,0,1055,DEV008512,1539.97
C008513,NL,2021-10-08,Returning,13,0,2115,DEV008513,991.72
C008514,NL,2021-07-20,Returning,7,0,2263,DEV008514,1000.24
C008515,IT,2024-03-19,Occasional,6,0,783,DEV008515,194.93
C008516,DE,2025-02-02,New,1,0,647,DEV008516,104.27
C008517,CA,2025-08-25,New,1,0,163,DEV008517,104.87
C008518,AU,2025-12-31,New,1,0,25,DEV008518,45.11
C008519,AU,2024-10-04,Returning,22,0,514,DEV008519,3229.76
C008520,NL,2022-06-11,Loyal,28,0,1875,DEV008520,1260.95
C008521,DE,2020-08-15,Returning,15,0,2285,DEV008521,1431.4
C008522,NL,2024-06-11,Returning,17,0,1030,DEV008522,989.94
C008523,GB,2025-06-02,New,0,0,891,DEV008523,0.0
C008524,DE,2020-07-12,Returning,8,0,2353,DEV008524,437.5
C008525,IE,2023-10-11,Occasional,6,0,819,DEV008525,295.49
C008526,US,2023-03-17,Occasional,6,0,1258,DEV008526,453.44
C008527,GB,2022-12-27,Returning,21,0,1166,DEV008527,1734.38
C008528,GB,2024-04-09,Occasional,2,0,1334,DEV008528,102.53
C008529,CA,2023-05-19,Occasional,6,0,1169,DEV008529,145.09
C008530,IE,2025-09-10,New,1,0,770,DEV008530,80.64
C008531,NL,2023-05-19,Returning,5,0,1291,DEV008531,475.03
C008532,NL,2025-09-28,Occasional,2,0,141,DEV008532,193.6
C008533,IE,2018-01-17,Loyal,38,0,3080,DEV008533,2130.01
C008534,NL,2022-06-24,Returning,9,0,1980,DEV008534,346.93
C008535,GB,2025-11-27,New,0,0,111,DEV008535,0.0
C008536,CA,2023-12-12,Returning,23,0,1351,DEV008536,1134.76
C008537,NL,2020-01-01,Loyal,93,0,2366,DEV008537,4455.17
C008538,AU,2025-05-19,New,2,0,535,DEV008538,99.94
C008539,FR,2025-04-29,New,1,0,421,DEV008539,97.23
C008540,FR,2025-10-31,New,2,0,756,DEV008540,220.27
C008541,US,2024-02-10,Returning,8,0,929,DEV008541,655.38
C008542,ES,2019-08-24,Loyal,60,0,2396,DEV008542,3078.58
C008543,CA,2025-12-28,New,0,0,403,DEV008543,0.0
C008544,GB,2025-05-14,New,2,0,304,DEV008544,147.52
C008545,IT,2025-04-11,New,1,0,971,DEV008545,56.36
C008546,US,2024-07-19,Returning,14,0,1252,DEV008546,1228.54
C008547,CA,2025-08-08,New,1,0,572,DEV008547,130.4
C008548,IT,2022-10-13,Occasional,6,0,1642,DEV008548,653.35
C008549,IE,2017-07-17,Loyal,83,1,3214,DEV008549,6125.38
C008550,FR,2022-11-05,Occasional,2,0,1405,DEV008550,149.07
C008551,IE,2022-09-06,Returning,15,0,1470,DEV008551,1854.38
C008552,US,2025-10-26,New,2,0,718,DEV008552,206.66
C008553,IT,2025-08-25,New,0,0,857,DEV008553,0.0
C008554,AU,2025-01-11,New,1,0,920,DEV008554,162.89
C008555,DE,2023-12-22,Occasional,2,0,873,DEV008555,264.24
C008556,US,2025-05-07,New,1,0,613,DEV008556,43.84
C008557,AU,2021-12-12,Returning,8,0,1494,DEV008557,617.96
C008558,AU,2020-02-07,Returning,13,0,2395,DEV008558,1031.01
C008559,US,2024-05-26,Occasional,1,0,1116,DEV008559,98.66
C008560,CA,2022-03-06,Occasional,5,0,1891,DEV008560,167.41
C008561,CA,2025-08-12,New,2,0,341,DEV008561,290.56
C008562,DE,2025-05-11,New,0,0,241,DEV008562,0.0
C008563,GB,2023-04-16,Loyal,33,0,1552,DEV008563,2732.6
C008564,IE,2025-06-14,New,0,0,521,DEV008564,0.0
C008565,ES,2021-09-18,Loyal,59,0,2085,DEV008565,3539.45
C008566,DE,2022-12-12,Returning,17,0,1340,DEV008566,2629.5
C008567,ES,2023-06-10,Occasional,2,0,1531,DEV008567,112.14
C008568,NL,2025-02-05,New,0,0,542,DEV008568,0.0
C008569,NL,2019-08-29,Returning,8,0,2375,DEV008569,296.9
C008570,US,2025-07-24,New,0,0,639,DEV008570,0.0
C008571,NL,2021-05-01,Returning,12,0,2175,DEV008571,1086.61
C008572,CA,2025-04-11,New,0,0,550,DEV008572,0.0
C008573,AU,2022-03-01,Occasional,6,0,1832,DEV008573,129.39
C008574,IT,2024-12-01,Returning,6,0,942,DEV008574,660.34
C008575,CA,2024-07-14,Occasional,6,0,765,DEV008575,334.4
C008576,US,2021-03-13,Returning,21,0,2137,DEV008576,1015.54
C008577,GB,2025-01-21,Occasional,5,0,955,DEV008577,714.16
C008578,FR,2025-04-29,Occasional,1,0,439,DEV008578,87.61
C008579,AU,2025-06-28,New,0,0,190,DEV008579,0.0
C008580,IT,2022-02-28,Occasional,6,0,2021,DEV008580,641.52
C008581,US,2020-10-19,Returning,5,0,2192,DEV008581,501.95
C008582,DE,2022-12-22,Occasional,3,0,1331,DEV008582,63.03
C008583,CA,2025-09-14,New,2,0,364,DEV008583,310.18
C008584,US,2022-07-10,Returning,11,0,1342,DEV008584,826.32
C008585,IE,2025-05-10,New,0,0,743,DEV008585,0.0
C008586,US,2022-04-04,Returning,14,0,1580,DEV008586,813.49
C008587,IE,2018-09-18,Loyal,30,0,2771,DEV008587,2590.81
C008588,AU,2025-09-07,Occasional,6,0,755,DEV008588,505.27
C008589,AU,2025-12-28,New,0,0,597,DEV008589,0.0
C008590,FR,2024-10-06,Returning,17,0,1095,DEV008590,992.67
C008591,IT,2019-09-10,Returning,5,0,2596,DEV008591,202.99
C008592,ES,2021-12-10,Returning,7,0,1755,DEV008592,473.39
C008593,ES,2025-09-07,New,1,0,694,DEV008593,64.87
C008594,IE,2025-02-03,New,0,0,981,DEV008594,0.0
C008595,ES,2023-06-26,Occasional,6,0,1594,DEV008595,290.31
C008596,FR,2022-04-13,Returning,24,0,1926,DEV008596,1493.55
C008597,US,2023-12-26,Loyal,81,0,1142,DEV008597,10174.78
C008598,IT,2025-07-07,New,0,0,900,DEV008598,0.0
C008599,US,2023-03-08,Loyal,100,0,1429,DEV008599,2223.0
C008600,NL,2022-07-20,Occasional,6,0,1553,DEV008600,316.27
C008601,NL,2022-04-11,Occasional,5,0,1786,DEV008601,113.96
C008602,IT,2022-05-19,Occasional,6,0,1695,DEV008602,505.52
C008603,ES,2023-04-12,Occasional,5,0,1541,DEV008603,168.21
C008604,IE,2025-06-28,New,0,0,253,DEV008604,0.0
C008605,NL,2024-10-03,Returning,5,0,861,DEV008605,140.65
C008606,AU,2022-10-03,Returning,6,0,1752,DEV008606,446.75
C008607,ES,2021-08-06,Returning,16,0,1998,DEV008607,2209.94
C008608,CA,2025-11-13,New,2,0,510,DEV008608,178.45
C008609,IE,2019-04-04,Returning,8,0,3131,DEV008609,223.06
C008610,DE,2020-11-01,Returning,14,0,2045,DEV008610,1133.33
C008611,FR,2025-12-02,New,0,0,201,DEV008611,0.0
C008612,US,2025-01-21,New,0,0,497,DEV008612,0.0
C008613,ES,2017-08-19,Loyal,59,0,3301,DEV008613,3243.64
C008614,IE,2023-02-15,Occasional,6,0,1449,DEV008614,280.39
C008615,DE,2025-07-30,New,0,0,507,DEV008615,0.0
C008616,NL,2025-03-16,New,0,0,761,DEV008616,0.0
C008617,FR,2025-12-20,New,1,0,627,DEV008617,43.65
C008618,DE,2025-04-29,New,2,0,698,DEV008618,261.19
C008619,GB,2023-10-23,Occasional,5,0,1358,DEV008619,636.05
C008620,DE,2025-08-19,New,2,0,521,DEV008620,198.24
C008621,IE,2025-06-26,New,0,0,543,DEV008621,0.0
C008622,FR,2025-02-10,Occasional,5,0,982,DEV008622,654.71
C008623,AU,2023-10-15,Returning,8,0,1517,DEV008623,282.6
C008624,US,2022-07-22,Occasional,2,0,1770,DEV008624,218.55
C008625,US,2025-03-29,Occasional,3,0,499,DEV008625,200.52
C008626,FR,2025-06-14,New,0,0,854,DEV008626,0.0
C008627,IE,2019-08-22,Loyal,51,0,3000,DEV008627,2907.21
C008628,IE,2025-03-05,New,1,0,466,DEV008628,151.84
C008629,GB,2022-09-17,Occasional,6,0,1533,DEV008629,342.89
C008630,DE,2019-07-04,Loyal,42,0,2884,DEV008630,6653.81
C008631,DE,2025-01-02,New,1,0,523,DEV008631,28.51
C008632,IE,2025-03-10,Occasional,4,0,470,DEV008632,556.67
C008633,ES,2019-02-14,Returning,11,0,3012,DEV008633,544.0
C008634,ES,2023-06-23,Occasional,1,0,1326,DEV008634,70.23
C008635,NL,2023-11-14,Occasional,4,0,1028,DEV008635,573.16
C008636,AU,2022-03-22,Returning,18,0,1618,DEV008636,2025.74
C008637,IT,2024-07-26,Returning,14,0,686,DEV008637,657.72
C008638,GB,2024-03-20,Occasional,5,0,1056,DEV008638,683.86
C008639,IT,2024-06-18,Occasional,5,0,803,DEV008639,372.81
C008640,GB,2025-09-24,New,2,0,456,DEV008640,189.97
C008641,IE,2024-08-09,Occasional,2,0,744,DEV008641,133.15
C008642,AU,2023-04-20,Occasional,6,0,1158,DEV008642,844.86
C008643,ES,2022-08-12,Loyal,83,0,1703,DEV008643,6124.41
C008644,IT,2025-04-04,Occasional,3,0,464,DEV008644,154.98
C008645,US,2019-07-21,Loyal,90,0,2684,DEV008645,5263.55
C008646,AU,2022-02-01,Occasional,5,0,2009,DEV008646,604.45
C008647,IE,2025-03-26,New,2,0,656,DEV008647,131.8
C008648,FR,2024-04-22,Returning,8,0,904,DEV008648,482.4
C008649,FR,2020-12-04,Returning,24,0,2521,DEV008649,3100.46
C008650,IE,2024-10-26,Occasional,3,0,768,DEV008650,289.9
C008651,GB,2023-12-23,Occasional,5,0,1467,DEV008651,691.59
C008652,US,2025-08-16,New,1,0,591,DEV008652,65.28
C008653,NL,2023-11-16,Occasional,4,0,1101,DEV008653,84.14
C008654,NL,2020-02-14,Loyal,93,0,2571,DEV008654,14675.84
C008655,NL,2022-12-09,Returning,6,0,1224,DEV008655,627.58
C008656,US,2025-03-02,Occasional,5,0,802,DEV008656,197.25
C008657,NL,2024-04-16,Occasional,4,0,1001,DEV008657,661.23
C008658,IE,2025-10-10,New,1,0,128,DEV008658,150.0
C008659,US,2021-08-21,Returning,7,0,1805,DEV008659,885.22
C008660,IT,2025-01-19,New,0,0,918,DEV008660,0.0
C008661,ES,2022-12-14,Returning,20,0,1715,DEV008661,2054.92
C008662,ES,2021-01-02,Returning,6,0,2413,DEV008662,147.28
C008663,CA,2022-05-31,Occasional,3,1,1509,DEV008663,301.18
C008664,DE,2024-02-02,Returning,13,0,1337,DEV008664,704.01
C008665,IT,2024-03-30,Occasional,3,0,1151,DEV008665,94.43
C008666,CA,2025-08-13,New,0,0,283,DEV008666,0.0
C008667,IT,2022-07-28,Occasional,6,0,1557,DEV008667,217.0
C008668,GB,2022-06-14,Returning,23,0,2008,DEV008668,444.43
C008669,FR,2025-02-05,New,2,0,332,DEV008669,184.46
C008670,AU,2023-10-19,Loyal,52,1,1276,DEV008670,3161.92
C008671,AU,2025-09-16,New,1,0,720,DEV008671,149.51
C008672,IT,2020-01-25,Returning,19,0,2517,DEV008672,1783.41
C008673,FR,2022-07-25,Occasional,2,0,1909,DEV008673,136.08
C008674,FR,2019-04-02,Returning,20,0,3045,DEV008674,2176.39
C008675,DE,2024-03-17,Returning,21,0,1177,DEV008675,1809.02
C008676,FR,2023-11-29,Returning,11,0,981,DEV008676,1252.2
C008677,US,2023-12-12,Returning,16,0,1319,DEV008677,1382.36
C008678,US,2021-01-07,Returning,20,0,2434,DEV008678,2294.93
C008679,CA,2022-02-15,Returning,14,0,1706,DEV008679,300.05
C008680,IT,2022-08-23,Occasional,1,0,1230,DEV008680,23.57
C008681,CA,2025-12-16,New,2,0,133,DEV008681,148.88
C008682,IE,2022-12-24,Returning,20,0,1465,DEV008682,2804.86
C008683,NL,2025-10-13,New,0,0,307,DEV008683,0.0
C008684,NL,2023-12-30,Occasional,2,0,1371,DEV008684,268.43
C008685,CA,2025-04-02,New,0,0,834,DEV008685,0.0
C008686,IE,2025-11-29,New,0,0,500,DEV008686,0.0
C008687,IT,2025-09-11,Occasional,4,0,706,DEV008687,497.89
C008688,GB,2025-01-07,Occasional,3,0,636,DEV008688,228.85
C008689,CA,2023-08-05,Occasional,6,0,1131,DEV008689,321.92
C008690,CA,2024-06-29,Occasional,6,0,574,DEV008690,965.56
C008691,IT,2022-03-30,Returning,8,0,2025,DEV008691,902.37
C008692,FR,2023-04-16,Occasional,1,0,1240,DEV008692,92.18
C008693,NL,2025-04-05,New,2,0,924,DEV008693,94.75
C008694,FR,2024-05-06,Occasional,1,0,712,DEV008694,111.69
C008695,IT,2024-02-10,Returning,7,0,1110,DEV008695,1052.59
C008696,US,2019-12-18,Loyal,47,0,2843,DEV008696,1762.49
C008697,CA,2019-11-08,Returning,12,0,2951,DEV008697,577.93
C008698,CA,2023-07-20,Occasional,6,0,933,DEV008698,816.17
C008699,IE,2024-01-17,Occasional,4,0,1073,DEV008699,110.07
C008700,GB,2025-09-26,New,1,0,816,DEV008700,84.07
C008701,IE,2024-12-16,Returning,22,0,419,DEV008701,1090.59
C008702,GB,2020-08-29,Returning,5,0,2194,DEV008702,516.86
C008703,US,2025-06-04,New,2,0,563,DEV008703,280.04
C008704,ES,2020-10-15,Returning,16,0,2340,DEV008704,776.18
C008705,NL,2024-12-24,Occasional,3,0,1065,DEV008705,272.91
C008706,CA,2020-02-23,Returning,24,0,2471,DEV008706,2656.29
C008707,FR,2025-07-14,New,0,0,601,DEV008707,0.0
C008708,ES,2022-11-16,Occasional,1,0,1141,DEV008708,99.61
C008709,FR,2024-01-30,Occasional,2,0,911,DEV008709,126.24
C008710,ES,2020-12-31,Returning,16,0,2355,DEV008710,489.23
C008711,AU,2025-07-17,Occasional,3,0,721,DEV008711,375.86
C008712,GB,2025-02-05,New,0,0,500,DEV008712,0.0
C008713,DE,2025-12-19,New,0,0,401,DEV008713,0.0
C008714,IT,2024-07-04,Returning,24,0,1112,DEV008714,1186.65
C008715,CA,2025-08-26,New,2,0,575,DEV008715,179.0
C008716,NL,2023-12-21,Occasional,2,0,1428,DEV008716,164.53
C008717,GB,2024-12-19,Occasional,4,0,455,DEV008717,260.51
C008718,IE,2018-12-29,Loyal,39,0,3258,DEV008718,1140.2
C008719,FR,2025-02-05,New,2,0,586,DEV008719,183.58
C008720,FR,2021-10-23,Loyal,88,0,1551,DEV008720,5872.34
C008721,US,2025-10-23,New,2,0,421,DEV008721,139.03
C008722,ES,2023-08-16,Occasional,2,0,1453,DEV008722,166.56
C008723,IT,2022-12-04,Returning,12,0,1824,DEV008723,850.49
C008724,ES,2025-02-24,New,0,0,1011,DEV008724,0.0
C008725,ES,2020-12-02,Returning,5,0,1938,DEV008725,308.9
C008726,CA,2023-01-16,Occasional,3,0,1682,DEV008726,275.6
C008727,GB,2023-05-10,Occasional,6,0,1436,DEV008727,829.77
C008728,NL,2025-04-05,New,1,0,525,DEV008728,123.25
C008729,DE,2023-07-03,Occasional,2,0,1051,DEV008729,133.21
C008730,AU,2021-06-07,Loyal,35,0,1773,DEV008730,2347.75
C008731,FR,2024-09-05,Returning,22,0,496,DEV008731,2942.08
C008732,GB,2023-12-19,Returning,18,0,898,DEV008732,773.5
C008733,GB,2025-09-18,New,1,0,460,DEV008733,47.25
C008734,US,2024-06-01,Occasional,4,0,1105,DEV008734,155.3
C008735,ES,2021-03-02,Returning,5,0,1790,DEV008735,472.69
C008736,DE,2024-07-19,Returning,21,0,689,DEV008736,3474.94
C008737,US,2023-02-12,Occasional,4,0,1149,DEV008737,214.34
C008738,NL,2024-09-06,Occasional,6,0,761,DEV008738,471.88
C008739,US,2022-09-25,Occasional,1,0,1327,DEV008739,81.73
C008740,ES,2023-03-25,Returning,21,0,1689,DEV008740,2752.31
C008741,US,2025-09-17,Occasional,2,0,194,DEV008741,195.61
C008742,AU,2024-07-21,Occasional,3,0,1020,DEV008742,384.74
C008743,CA,2021-04-09,Loyal,79,0,2153,DEV008743,12494.14
C008744,US,2020-05-03,Returning,14,0,2611,DEV008744,1058.54
C008745,CA,2022-05-05,Returning,5,0,2061,DEV008745,203.62
C008746,GB,2025-01-12,Occasional,3,0,868,DEV008746,376.54
C008747,NL,2025-04-05,New,0,0,693,DEV008747,0.0
C008748,IE,2020-03-22,Returning,18,0,2754,DEV008748,2482.86
C008749,GB,2025-07-23,Occasional,4,0,316,DEV008749,306.01
C008750,NL,2020-07-21,Returning,23,0,2579,DEV008750,689.69
C008751,US,2025-04-09,New,1,0,718,DEV008751,39.15
C008752,IE,2024-08-03,Occasional,2,0,647,DEV008752,63.31
C008753,IT,2021-06-05,Returning,15,0,2368,DEV008753,2322.48
C008754,CA,2023-10-07,Occasional,6,0,864,DEV008754,599.57
C008755,IT,2020-01-31,Returning,11,0,2585,DEV008755,1304.08
C008756,CA,2019-03-20,Returning,20,0,2751,DEV008756,1828.03
C008757,FR,2023-01-26,Returning,10,0,1478,DEV008757,788.89
C008758,AU,2024-08-19,Returning,6,0,835,DEV008758,444.56
C008759,US,2019-12-08,Loyal,68,0,2342,DEV008759,6895.64
C008760,NL,2025-09-28,New,2,0,363,DEV008760,156.88
C008761,US,2023-10-14,Loyal,81,0,1339,DEV008761,13593.79
C008762,FR,2020-08-30,Returning,8,0,2662,DEV008762,737.14
C008763,IT,2020-12-02,Loyal,78,0,2379,DEV008763,11679.87
C008764,FR,2020-05-12,Returning,18,0,2694,DEV008764,2284.37
C008765,GB,2025-11-18,New,2,0,150,DEV008765,155.41
C008766,CA,2025-01-03,New,1,0,564,DEV008766,55.0
C008767,AU,2024-10-01,Returning,8,0,1184,DEV008767,622.55
C008768,FR,2022-05-04,Occasional,6,0,1776,DEV008768,802.6
C008769,DE,2019-03-14,Returning,19,0,3121,DEV008769,2870.8
C008770,NL,2025-04-14,Occasional,6,0,929,DEV008770,700.29
C008771,NL,2024-01-24,Occasional,4,0,1067,DEV008771,499.89
C008772,US,2021-12-01,Returning,6,0,1888,DEV008772,390.51
C008773,GB,2018-08-06,Loyal,60,0,3011,DEV008773,5575.81
C008774,IE,2025-07-11,Occasional,1,0,221,DEV008774,29.9
C008775,DE,2023-05-29,Loyal,72,0,1641,DEV008775,6102.46
C008776,NL,2024-12-17,Returning,10,0,1014,DEV008776,941.88
C008777,FR,2023-03-19,Returning,8,0,1411,DEV008777,678.94
C008778,FR,2020-08-06,Returning,23,0,2427,DEV008778,1333.59
C008779,IE,2025-03-26,Occasional,4,0,324,DEV008779,86.84
C008780,IE,2019-11-06,Loyal,61,0,2921,DEV008780,7088.63
C008781,DE,2025-07-29,New,2,0,617,DEV008781,272.4
C008782,US,2025-05-28,New,0,0,789,DEV008782,0.0
C008783,DE,2022-08-19,Loyal,61,0,1710,DEV008783,2740.23
C008784,IE,2025-09-07,New,0,0,297,DEV008784,0.0
C008785,ES,2024-07-11,Occasional,2,0,852,DEV008785,121.34
C008786,IE,2024-04-20,Occasional,4,0,716,DEV008786,453.97
C008787,US,2021-11-05,Returning,16,1,1904,DEV008787,656.2
C008788,IT,2025-06-15,New,2,0,587,DEV008788,71.6
C008789,CA,2023-02-14,Occasional,4,0,1747,DEV008789,273.51
C008790,DE,2020-12-04,Returning,16,0,2278,DEV008790,1808.36
C008791,IE,2024-07-07,Returning,23,0,764,DEV008791,1955.9
C008792,ES,2020-05-18,Returning,9,0,2246,DEV008792,584.76
C008793,FR,2023-04-22,Occasional,6,0,1428,DEV008793,153.07
C008794,IE,2024-04-21,Occasional,3,0,1038,DEV008794,199.27
C008795,ES,2023-03-12,Occasional,1,0,1597,DEV008795,161.91
C008796,FR,2022-06-12,Occasional,3,0,1987,DEV008796,214.49
C008797,DE,2021-09-28,Returning,22,0,2053,DEV008797,2825.02
C008798,AU,2022-10-07,Occasional,2,0,1861,DEV008798,147.99
C008799,ES,2025-06-13,New,1,0,876,DEV008799,24.7
C008800,US,2022-02-19,Loyal,55,0,1508,DEV008800,1303.03
C008801,CA,2024-12-02,Occasional,6,0,855,DEV008801,306.51
C008802,CA,2021-09-11,Returning,23,0,1676,DEV008802,545.77
C008803,US,2025-12-21,New,1,0,80,DEV008803,74.22
C008804,FR,2025-10-27,New,2,0,471,DEV008804,211.13
C008805,IE,2025-11-26,New,1,0,90,DEV008805,41.89
C008806,IT,2021-10-02,Returning,6,0,2196,DEV008806,304.77
C008807,GB,2024-01-18,Occasional,3,0,1353,DEV008807,317.46
C008808,DE,2023-04-25,Occasional,6,0,1428,DEV008808,948.38
C008809,GB,2024-04-04,Returning,10,0,759,DEV008809,480.76
C008810,GB,2024-04-06,Occasional,5,0,1182,DEV008810,208.77
C008811,IE,2025-12-11,New,0,0,637,DEV008811,0.0
C008812,AU,2021-05-18,Loyal,78,0,1976,DEV008812,10968.39
C008813,IT,2022-05-21,Loyal,46,0,1909,DEV008813,3659.6
C008814,DE,2018-02-07,Loyal,66,0,3162,DEV008814,7528.51
C008815,DE,2022-02-05,Occasional,3,0,1467,DEV008815,406.0
C008816,NL,2022-02-22,Occasional,6,0,1576,DEV008816,349.01
C008817,GB,2023-01-26,Occasional,6,0,1414,DEV008817,883.14
C008818,FR,2025-04-14,New,1,0,907,DEV008818,91.77
C008819,NL,2025-04-06,New,0,0,522,DEV008819,0.0
C008820,GB,2025-10-05,New,1,0,468,DEV008820,78.48
C008821,DE,2025-02-11,New,2,0,712,DEV008821,170.03
C008822,FR,2020-12-12,Returning,23,0,2247,DEV008822,3055.21
C008823,CA,2025-02-01,New,1,0,367,DEV008823,151.36
C008824,AU,2022-11-15,Occasional,6,0,1490,DEV008824,635.58
C008825,GB,2025-05-18,New,0,0,230,DEV008825,0.0
C008826,NL,2023-08-25,Returning,13,0,1158,DEV008826,1325.3
C008827,NL,2021-08-14,Returning,17,0,1863,DEV008827,469.87
C008828,IE,2020-07-28,Returning,17,0,2285,DEV008828,1248.43
C008829,US,2024-03-13,Returning,8,1,1161,DEV008829,992.62
C008830,IT,2019-06-24,Returning,24,0,2398,DEV008830,589.23
C008831,US,2022-11-09,Returning,6,0,1579,DEV008831,214.57
C008832,NL,2023-01-23,Occasional,6,0,1403,DEV008832,525.45
C008833,CA,2020-09-17,Returning,10,0,2396,DEV008833,707.35
C008834,AU,2025-09-17,New,0,0,223,DEV008834,0.0
C008835,ES,2025-08-03,New,1,0,241,DEV008835,21.67
C008836,NL,2025-05-06,New,1,0,769,DEV008836,109.43
C008837,IT,2023-01-23,Returning,9,0,1660,DEV008837,852.64
C008838,IT,2024-12-01,Returning,11,0,1101,DEV008838,1287.09
C008839,IT,2023-03-19,Occasional,4,0,1531,DEV008839,206.63
C008840,ES,2025-03-15,New,0,0,483,DEV008840,0.0
C008841,US,2025-12-19,New,0,0,54,DEV008841,0.0
C008842,CA,2023-04-01,Occasional,6,0,1448,DEV008842,467.36
C008843,CA,2025-05-14,New,2,0,776,DEV008843,190.35
C008844,ES,2025-08-10,New,1,0,648,DEV008844,106.39
C008845,AU,2022-01-08,Occasional,4,0,1854,DEV008845,510.13
C008846,DE,2018-02-21,Loyal,69,0,3295,DEV008846,3438.98
C008847,CA,2025-05-29,Occasional,4,0,241,DEV008847,161.78
C008848,US,2019-12-14,Returning,20,0,2736,DEV008848,1436.26
C008849,IT,2025-12-25,New,2,0,675,DEV008849,262.55
C008850,IT,2021-01-20,Returning,23,0,2040,DEV008850,1292.19
C008851,NL,2023-01-27,Occasional,2,0,1086,DEV008851,192.11
C008852,GB,2024-07-17,Occasional,5,0,1030,DEV008852,607.93
C008853,ES,2025-02-11,New,1,0,679,DEV008853,23.22
C008854,CA,2023-05-12,Loyal,63,0,1246,DEV008854,7153.95
C008855,AU,2020-05-31,Returning,15,0,2057,DEV008855,1567.32
C008856,GB,2019-09-08,Returning,6,0,2595,DEV008856,825.34
C008857,NL,2022-12-02,Occasional,6,0,1245,DEV008857,397.96
C008858,IT,2024-10-22,Returning,18,0,658,DEV008858,2286.19
C008859,IT,2023-08-20,Occasional,6,0,1292,DEV008859,624.25
C008860,IE,2019-08-21,Loyal,29,0,2379,DEV008860,1800.21
C008861,ES,2023-03-24,Returning,24,0,1552,DEV008861,1910.0
C008862,DE,2019-12-24,Returning,23,0,2527,DEV008862,674.66
C008863,ES,2022-03-30,Loyal,77,0,1587,DEV008863,2422.29
C008864,AU,2025-10-22,New,0,0,469,DEV008864,0.0
C008865,IE,2025-08-12,Occasional,2,0,275,DEV008865,69.02
C008866,FR,2020-07-07,Returning,8,0,2591,DEV008866,217.08
C008867,AU,2025-01-22,New,1,0,397,DEV008867,85.76
C008868,CA,2025-06-15,New,1,0,476,DEV008868,136.96
C008869,IT,2025-05-03,New,2,0,929,DEV008869,190.99
C008870,IE,2023-04-23,Occasional,4,0,1100,DEV008870,384.28
C008871,US,2020-05-03,Returning,22,0,2424,DEV008871,3539.71
C008872,CA,2023-08-02,Returning,23,0,1595,DEV008872,3519.08
C008873,DE,2023-08-16,Returning,22,0,1171,DEV008873,1512.0
C008874,FR,2024-09-04,Occasional,6,0,712,DEV008874,703.81
C008875,IT,2021-01-18,Returning,16,0,1865,DEV008875,701.61
C008876,US,2022-02-05,Returning,15,0,2005,DEV008876,489.54
C008877,DE,2025-04-07,New,1,0,980,DEV008877,61.41
C008878,DE,2019-01-27,Returning,21,0,3203,DEV008878,682.63
C008879,IT,2022-08-23,Occasional,4,0,1953,DEV008879,205.73
C008880,NL,2025-07-24,New,1,0,336,DEV008880,22.93
C008881,DE,2023-11-23,Returning,11,0,905,DEV008881,645.61
C008882,CA,2019-03-23,Returning,23,0,3086,DEV008882,2235.32
C008883,IE,2021-05-17,Returning,16,0,2024,DEV008883,1901.57
C008884,NL,2025-04-12,New,2,0,942,DEV008884,134.39
C008885,CA,2024-02-26,Occasional,5,0,1119,DEV008885,465.9
C008886,GB,2025-07-16,Occasional,2,0,581,DEV008886,39.4
C008887,US,2025-08-06,New,2,0,288,DEV008887,233.08
C008888,AU,2021-08-12,Returning,8,0,1915,DEV008888,803.46
C008889,GB,2025-07-16,Occasional,1,0,753,DEV008889,101.07
C008890,IE,2023-04-09,Returning,6,0,1693,DEV008890,900.97
C008891,NL,2025-01-25,New,2,0,1045,DEV008891,101.63
C008892,CA,2023-11-21,Loyal,33,0,1032,DEV008892,3454.13
C008893,GB,2022-01-09,Occasional,1,0,1619,DEV008893,108.98
C008894,IE,2021-06-24,Loyal,24,0,2342,DEV008894,1324.44
C008895,FR,2022-02-13,Returning,21,0,1975,DEV008895,1974.77
C008896,US,2024-07-01,Returning,17,0,633,DEV008896,397.18
C008897,IT,2024-12-10,Returning,10,0,395,DEV008897,1504.52
C008898,IT,2025-11-22,New,1,0,493,DEV008898,140.39
C008899,ES,2025-04-07,Occasional,4,0,485,DEV008899,359.14
C008900,NL,2021-12-29,Returning,22,0,1742,DEV008900,860.64
C008901,DE,2022-12-24,Loyal,52,0,1485,DEV008901,6942.89
C008902,FR,2025-02-15,New,1,0,354,DEV008902,79.61
C008903,CA,2024-12-26,Returning,21,0,426,DEV008903,2580.23
C008904,CA,2019-05-29,Loyal,71,0,2483,DEV008904,8363.09
C008905,IT,2024-09-17,Occasional,3,0,1093,DEV008905,432.48
C008906,AU,2021-10-05,Returning,15,0,1945,DEV008906,1447.18
C008907,IT,2020-10-29,Returning,12,0,2002,DEV008907,767.36
C008908,US,2025-04-09,New,1,0,546,DEV008908,118.06
C008909,ES,2023-03-23,Occasional,6,0,1668,DEV008909,159.37
C008910,AU,2025-01-04,New,1,0,996,DEV008910,158.21
C008911,ES,2022-01-23,Returning,21,0,1660,DEV008911,1714.54
C008912,FR,2021-03-18,Returning,11,0,1870,DEV008912,980.69
C008913,AU,2021-12-01,Loyal,59,0,1643,DEV008913,4847.83
C008914,CA,2021-03-07,Returning,10,0,2039,DEV008914,920.49
C008915,IE,2025-04-10,New,0,0,380,DEV008915,0.0
C008916,AU,2023-06-04,Loyal,54,0,1241,DEV008916,4907.18
C008917,FR,2020-12-24,Returning,23,0,2306,DEV008917,3452.27
C008918,DE,2025-09-21,Occasional,2,0,286,DEV008918,207.75
C008919,IE,2024-07-16,Occasional,5,0,657,DEV008919,308.36
C008920,FR,2021-12-25,Loyal,88,0,2098,DEV008920,10474.85
C008921,DE,2023-09-29,Occasional,5,0,1341,DEV008921,579.61
C008922,IT,2022-07-25,Loyal,89,0,1563,DEV008922,10931.51
C008923,NL,2024-01-22,Occasional,1,0,1318,DEV008923,49.19
C008924,ES,2022-06-07,Returning,21,0,1452,DEV008924,511.35
C008925,IT,2019-11-12,Loyal,46,0,2241,DEV008925,6178.97
C008926,IT,2023-12-24,Occasional,2,0,974,DEV008926,204.68
C008927,IE,2023-12-02,Occasional,4,0,937,DEV008927,239.08
C008928,AU,2025-02-20,New,0,0,640,DEV008928,0.0
C008929,FR,2019-10-22,Loyal,30,0,2949,DEV008929,2050.67
C008930,IT,2024-06-07,Occasional,6,0,1070,DEV008930,492.63
C008931,DE,2021-12-10,Returning,12,0,2081,DEV008931,1719.59
C008932,DE,2022-08-18,Occasional,5,0,1487,DEV008932,348.28
C008933,NL,2022-02-16,Occasional,5,0,1761,DEV008933,124.07
C008934,IT,2022-11-22,Occasional,4,0,1226,DEV008934,499.91
C008935,CA,2022-04-25,Returning,15,0,1765,DEV008935,2128.16
C008936,IE,2022-05-22,Occasional,2,0,2010,DEV008936,221.54
C008937,GB,2024-02-15,Returning,6,0,1370,DEV008937,633.35
C008938,AU,2025-10-20,New,1,0,341,DEV008938,41.11
C008939,FR,2023-08-17,Occasional,2,0,913,DEV008939,101.5
C008940,US,2025-08-24,New,2,0,507,DEV008940,278.58
C008941,IT,2025-05-21,New,1,0,473,DEV008941,62.48
C008942,FR,2023-11-15,Occasional,5,0,1157,DEV008942,179.91
C008943,IT,2023-05-11,Returning,17,0,1054,DEV008943,1565.8
C008944,IT,2022-07-19,Occasional,1,0,1832,DEV008944,87.92
C008945,FR,2024-03-06,Returning,23,0,1247,DEV008945,2609.01
C008946,NL,2019-08-09,Returning,20,0,2453,DEV008946,1081.95
C008947,GB,2024-12-11,Returning,24,0,535,DEV008947,2921.76
C008948,FR,2019-09-03,Returning,11,0,2469,DEV008948,922.06
C008949,CA,2022-03-01,Occasional,6,0,1526,DEV008949,845.88
C008950,DE,2024-03-14,Occasional,4,0,1263,DEV008950,636.17
C008951,CA,2025-07-15,New,2,0,344,DEV008951,221.44
C008952,GB,2022-11-13,Occasional,6,0,1749,DEV008952,461.91
C008953,DE,2025-01-24,Occasional,3,0,673,DEV008953,211.96
C008954,IT,2025-07-06,New,1,0,468,DEV008954,51.64
C008955,CA,2023-08-10,Occasional,6,0,1060,DEV008955,300.41
C008956,GB,2025-11-08,New,2,0,204,DEV008956,78.56
C008957,DE,2023-08-13,Loyal,81,0,1270,DEV008957,7371.94
C008958,DE,2024-06-05,Occasional,5,0,700,DEV008958,690.09
C008959,NL,2023-04-14,Occasional,2,0,1368,DEV008959,49.96
C008960,GB,2024-05-12,Occasional,5,0,1195,DEV008960,225.22
C008961,IT,2024-09-03,Returning,9,0,1096,DEV008961,1362.27
C008962,FR,2020-12-20,Returning,6,0,2348,DEV008962,169.7
C008963,US,2025-07-13,Occasional,1,0,222,DEV008963,141.84
C008964,FR,2025-02-22,New,0,0,598,DEV008964,0.0
C008965,ES,2025-01-17,New,2,0,428,DEV008965,111.27
C008966,US,2019-09-23,Returning,24,0,2748,DEV008966,979.43
C008967,DE,2025-07-29,New,2,0,214,DEV008967,128.06
C008968,AU,2025-02-23,New,0,0,725,DEV008968,0.0
C008969,IT,2022-11-15,Occasional,1,0,1251,DEV008969,38.62
C008970,ES,2023-12-24,Returning,6,0,744,DEV008970,488.69
C008971,AU,2024-09-05,Occasional,5,0,706,DEV008971,216.83
C008972,NL,2021-04-23,Returning,14,0,2218,DEV008972,1273.63
C008973,IT,2024-10-05,Occasional,1,0,897,DEV008973,116.29
C008974,US,2022-10-22,Occasional,4,0,1772,DEV008974,673.21
C008975,DE,2025-12-30,New,0,0,636,DEV008975,0.0
C008976,NL,2024-02-26,Occasional,6,0,896,DEV008976,185.56
C008977,NL,2019-08-11,Returning,19,0,2809,DEV008977,352.65
C008978,IE,2021-08-01,Returning,12,0,1973,DEV008978,1434.55
C008979,ES,2025-02-02,New,2,0,338,DEV008979,199.34
C008980,DE,2025-10-04,New,0,0,714,DEV008980,0.0
C008981,ES,2023-08-11,Occasional,1,0,1434,DEV008981,151.08
C008982,ES,2025-12-09,New,2,0,70,DEV008982,301.7
C008983,ES,2022-05-12,Occasional,2,0,1375,DEV008983,237.81
C008984,GB,2024-02-04,Occasional,5,0,1146,DEV008984,800.1
C008985,IT,2025-11-08,New,1,0,118,DEV008985,107.25
C008986,GB,2025-04-08,New,0,0,897,DEV008986,0.0
C008987,CA,2025-01-08,Occasional,1,0,715,DEV008987,33.74
C008988,NL,2025-08-25,New,0,0,645,DEV008988,0.0
C008989,ES,2022-01-10,Loyal,71,0,1977,DEV008989,11832.77
C008990,CA,2023-11-30,Returning,17,0,851,DEV008990,1763.12
C008991,IE,2025-11-28,New,1,0,573,DEV008991,93.85
C008992,ES,2023-12-22,Occasional,4,0,966,DEV008992,320.57
C008993,NL,2020-03-18,Returning,9,0,2405,DEV008993,295.94
C008994,DE,2022-02-07,Returning,6,0,2003,DEV008994,461.91
C008995,CA,2022-10-17,Occasional,4,0,1285,DEV008995,294.7
C008996,US,2020-11-08,Returning,24,0,2462,DEV008996,3417.91
C008997,US,2025-03-16,New,2,0,950,DEV008997,148.01
C008998,NL,2024-03-31,Returning,22,0,1106,DEV008998,2370.85
C008999,FR,2022-04-14,Returning,17,0,1745,DEV008999,1219.69
C009000,ES,2025-12-03,New,1,0,290,DEV009000,109.94
C009001,GB,2021-11-08,Returning,14,0,1547,DEV009001,1196.86
C009002,NL,2022-02-06,Occasional,3,0,1903,DEV009002,199.98
C009003,AU,2024-08-28,Returning,15,0,553,DEV009003,2274.43
C009004,GB,2024-10-17,Returning,5,0,822,DEV009004,629.24
C009005,AU,2022-07-30,Loyal,50,0,1521,DEV009005,4690.08
C009006,IE,2025-04-28,New,1,1,301,DEV009006,168.82
C009007,GB,2024-08-13,Occasional,1,0,585,DEV009007,71.86
C009008,GB,2024-01-11,Occasional,3,0,1443,DEV009008,400.4
C009009,IE,2023-12-05,Returning,18,0,889,DEV009009,1090.74
C009010,DE,2022-05-24,Occasional,2,0,1636,DEV009010,238.1
C009011,NL,2022-10-27,Returning,13,0,1415,DEV009011,770.66
C009012,US,2022-12-20,Occasional,3,0,1612,DEV009012,143.58
C009013,DE,2022-10-08,Occasional,6,0,1903,DEV009013,197.29
C009014,IE,2025-09-13,New,1,0,270,DEV009014,131.4
C009015,NL,2024-05-01,Occasional,4,0,841,DEV009015,622.01
C009016,NL,2025-11-12,New,2,0,252,DEV009016,246.64
C009017,GB,2023-05-17,Returning,9,0,1117,DEV009017,1046.67
C009018,ES,2020-02-19,Loyal,50,0,2251,DEV009018,7129.47
C009019,CA,2025-11-12,New,0,0,766,DEV009019,0.0
C009020,AU,2025-07-07,Occasional,6,0,611,DEV009020,297.66
C009021,AU,2018-07-14,Loyal,64,0,3165,DEV009021,8537.79
C009022,ES,2024-12-10,Returning,15,0,922,DEV009022,1128.43
C009023,GB,2025-03-22,New,0,0,299,DEV009023,0.0
C009024,DE,2018-09-24,Loyal,85,0,2928,DEV009024,7602.03
C009025,GB,2025-11-30,New,1,0,347,DEV009025,97.36
C009026,CA,2025-01-22,New,2,0,988,DEV009026,133.9
C009027,GB,2024-01-05,Occasional,1,0,1230,DEV009027,69.23
C009028,CA,2025-05-26,New,0,0,919,DEV009028,0.0
C009029,AU,2020-03-19,Returning,15,0,2133,DEV009029,1259.5
C009030,DE,2025-09-21,Occasional,4,0,117,DEV009030,584.06
C009031,US,2022-02-04,Loyal,62,0,2122,DEV009031,2520.61
C009032,IT,2021-07-18,Loyal,66,1,2079,DEV009032,6133.54
C009033,IE,2024-09-10,Occasional,1,0,886,DEV009033,83.22
C009034,NL,2025-12-03,New,2,0,420,DEV009034,243.64
C009035,GB,2025-10-30,New,1,0,326,DEV009035,122.9
C009036,NL,2025-05-16,New,0,0,369,DEV009036,0.0
C009037,IT,2021-06-22,Returning,16,0,2005,DEV009037,1531.62
C009038,GB,2025-12-01,New,0,0,580,DEV009038,0.0
C009039,US,2023-03-30,Occasional,4,0,1013,DEV009039,102.0
C009040,IE,2020-06-01,Returning,23,0,2655,DEV009040,2700.81
C009041,FR,2022-05-24,Occasional,3,0,1996,DEV009041,252.51
C009042,IE,2022-04-06,Occasional,3,0,1672,DEV009042,366.33
C009043,AU,2024-07-31,Occasional,4,0,770,DEV009043,528.87
C009044,ES,2022-05-07,Occasional,1,0,1509,DEV009044,84.65
C009045,ES,2022-02-08,Occasional,5,0,2144,DEV009045,336.11
C009046,IE,2025-04-15,Occasional,6,0,976,DEV009046,203.84
C009047,DE,2023-05-14,Returning,18,0,1566,DEV009047,2202.63
C009048,ES,2023-08-16,Occasional,5,0,1073,DEV009048,262.06
C009049,GB,2025-05-22,Occasional,4,0,831,DEV009049,530.02
C009050,ES,2019-12-10,Returning,6,0,2601,DEV009050,670.08
C009051,AU,2025-04-08,Occasional,1,0,396,DEV009051,111.6
C009052,DE,2017-06-23,Loyal,96,0,3483,DEV009052,15839.34
C009053,CA,2023-05-03,Occasional,6,0,1651,DEV009053,243.28
C009054,CA,2025-04-17,Occasional,5,0,443,DEV009054,409.97
C009055,FR,2019-10-20,Returning,20,0,2602,DEV009055,1669.45
C009056,IT,2025-06-19,New,0,0,569,DEV009056,0.0
C009057,ES,2021-10-31,Loyal,25,0,1712,DEV009057,779.94
C009058,DE,2021-05-12,Loyal,37,0,1776,DEV009058,4057.72
C009059,US,2024-03-16,Occasional,4,0,727,DEV009059,199.8
C009060,US,2023-12-15,Occasional,1,0,819,DEV009060,62.44
C009061,IT,2025-01-05,Occasional,4,0,473,DEV009061,189.23
C009062,AU,2025-05-21,New,0,0,326,DEV009062,0.0
C009063,FR,2021-11-27,Returning,7,0,1567,DEV009063,225.68
C009064,CA,2017-10-13,Loyal,63,0,3619,DEV009064,1927.14
C009065,US,2018-01-13,Loyal,99,0,3416,DEV009065,13581.82
C009066,CA,2021-01-17,Returning,9,0,2504,DEV009066,1080.63
C009067,AU,2024-04-28,Occasional,6,0,1284,DEV009067,403.17
C009068,NL,2019-04-01,Returning,20,0,3026,DEV009068,1130.85
C009069,NL,2025-06-15,New,2,0,249,DEV009069,217.26
C009070,FR,2022-07-23,Returning,9,0,1558,DEV009070,509.71
C009071,IE,2020-02-04,Loyal,59,0,2883,DEV009071,7529.72
C009072,ES,2017-08-08,Loyal,62,1,3405,DEV009072,6910.59
C009073,CA,2025-04-10,Occasional,2,0,744,DEV009073,148.74
C009074,US,2019-12-16,Returning,8,0,2363,DEV009074,449.11
C009075,GB,2023-08-17,Occasional,4,0,1043,DEV009075,480.72
C009076,NL,2025-06-02,New,0,0,393,DEV009076,0.0
C009077,NL,2021-04-13,Returning,16,0,2329,DEV009077,873.0
C009078,AU,2021-10-13,Returning,17,0,2060,DEV009078,2270.37
C009079,GB,2025-02-04,New,0,0,569,DEV009079,0.0
C009080,US,2019-05-04,Returning,6,0,2760,DEV009080,754.57
C009081,DE,2024-11-14,Occasional,6,0,1035,DEV009081,576.63
C009082,AU,2023-12-05,Returning,9,0,861,DEV009082,966.29
C009083,AU,2022-07-15,Occasional,3,0,1553,DEV009083,373.68
C009084,GB,2022-11-04,Loyal,33,0,1212,DEV009084,1508.94
C009085,NL,2023-06-13,Occasional,2,0,1656,DEV009085,108.01
C009086,US,2024-04-08,Occasional,3,0,1097,DEV009086,385.55
C009087,IT,2023-09-18,Occasional,5,0,957,DEV009087,428.0
C009088,CA,2021-04-14,Loyal,48,0,1928,DEV009088,6025.95
C009089,US,2024-08-15,Occasional,5,0,980,DEV009089,223.21
C009090,ES,2024-01-27,Returning,12,0,778,DEV009090,1562.64
C009091,IE,2022-11-12,Returning,23,0,1523,DEV009091,3110.39
C009092,US,2024-08-03,Returning,10,0,939,DEV009092,677.67
C009093,IE,2024-09-01,Returning,6,0,577,DEV009093,559.1
C009094,IT,2025-06-30,New,1,0,478,DEV009094,102.76
C009095,NL,2019-02-02,Returning,5,0,3132,DEV009095,726.89
C009096,CA,2019-08-13,Returning,20,0,2714,DEV009096,1740.82
C009097,CA,2025-11-10,New,1,0,426,DEV009097,40.65
C009098,NL,2024-04-19,Returning,10,0,1160,DEV009098,404.6
C009099,GB,2022-11-30,Returning,23,0,1246,DEV009099,3009.45
C009100,DE,2025-07-11,New,2,0,405,DEV009100,128.75
C009101,DE,2024-05-14,Occasional,4,0,1033,DEV009101,455.5
C009102,CA,2024-09-17,Occasional,1,0,1075,DEV009102,29.23
C009103,US,2020-04-17,Returning,21,0,2361,DEV009103,1387.09
C009104,AU,2022-10-29,Loyal,52,0,1325,DEV009104,2956.42
C009105,ES,2020-10-10,Returning,24,0,2493,DEV009105,2941.95
C009106,ES,2021-12-07,Returning,12,0,2028,DEV009106,1110.68
C009107,IT,2023-10-12,Returning,9,0,1495,DEV009107,459.54
C009108,GB,2024-01-13,Occasional,1,0,1297,DEV009108,110.88
C009109,GB,2025-02-12,Occasional,3,0,507,DEV009109,123.18
C009110,CA,2023-12-13,Returning,7,0,999,DEV009110,958.8
C009111,ES,2024-06-06,Returning,7,0,766,DEV009111,576.74
C009112,FR,2019-10-10,Loyal,66,0,2885,DEV009112,9483.12
C009113,AU,2022-12-06,Occasional,3,0,1477,DEV009113,248.78
C009114,IE,2022-07-07,Occasional,6,0,1721,DEV009114,725.23
C009115,ES,2024-01-25,Occasional,2,0,1419,DEV009115,264.68
C009116,IT,2022-07-21,Occasional,3,0,1321,DEV009116,365.58
C009117,AU,2021-09-19,Returning,9,0,2236,DEV009117,235.22
C009118,GB,2019-01-03,Returning,8,0,2791,DEV009118,374.36
C009119,US,2023-11-05,Occasional,3,0,1127,DEV009119,266.22
C009120,NL,2024-08-10,Occasional,6,0,549,DEV009120,660.81
C009121,IE,2024-04-24,Returning,19,0,692,DEV009121,2241.77
C009122,US,2024-01-08,Occasional,5,0,1080,DEV009122,569.15
C009123,ES,2022-10-13,Loyal,99,0,1395,DEV009123,15693.67
C009124,GB,2023-03-28,Occasional,2,0,1424,DEV009124,111.33
C009125,IT,2025-01-25,Occasional,6,0,870,DEV009125,633.46
C009126,FR,2025-04-18,New,2,0,413,DEV009126,304.49
C009127,CA,2019-05-09,Loyal,88,0,3127,DEV009127,12877.07
C009128,GB,2025-09-27,Occasional,3,0,550,DEV009128,315.13
C009129,GB,2019-09-16,Returning,17,0,2564,DEV009129,648.5
C009130,IE,2025-06-25,New,2,0,282,DEV009130,223.8
C009131,US,2025-11-06,New,0,0,221,DEV009131,0.0
C009132,ES,2022-05-26,Occasional,5,0,1602,DEV009132,618.61
C009133,IT,2023-05-25,Occasional,5,0,1044,DEV009133,502.53
C009134,CA,2025-12-21,New,0,0,101,DEV009134,0.0
C009135,FR,2022-08-10,Returning,18,0,1284,DEV009135,1935.99
C009136,CA,2025-03-20,Occasional,2,0,363,DEV009136,85.94
C009137,NL,2024-12-31,Occasional,6,0,1061,DEV009137,918.61
C009138,CA,2022-04-11,Returning,24,0,1588,DEV009138,2358.95
C009139,NL,2021-04-04,Returning,19,0,2452,DEV009139,1860.36
C009140,ES,2022-04-13,Occasional,1,0,1995,DEV009140,97.75
C009141,FR,2023-08-15,Returning,9,0,1392,DEV009141,1123.78
C009142,AU,2024-10-29,Returning,7,0,1025,DEV009142,473.62
C009143,FR,2023-08-22,Occasional,5,0,1413,DEV009143,290.94
C009144,IT,2023-05-21,Occasional,1,0,1494,DEV009144,134.21
C009145,CA,2025-03-26,New,1,0,1007,DEV009145,44.78
C009146,FR,2022-08-23,Occasional,6,0,1267,DEV009146,539.08
C009147,NL,2022-09-18,Returning,23,0,1737,DEV009147,1080.6
C009148,IE,2022-12-28,Returning,24,0,1371,DEV009148,1428.17
C009149,ES,2022-03-28,Occasional,3,0,1532,DEV009149,133.07
C009150,IE,2024-06-25,Occasional,4,0,624,DEV009150,222.75
C009151,US,2020-02-11,Returning,22,0,2280,DEV009151,2077.44
C009152,US,2019-09-01,Returning,17,0,2518,DEV009152,1597.11
C009153,CA,2025-10-25,New,0,0,153,DEV009153,0.0
C009154,AU,2023-07-05,Returning,17,0,1463,DEV009154,327.93
C009155,FR,2025-06-08,New,1,0,925,DEV009155,50.69
C009156,FR,2022-12-25,Occasional,6,0,1376,DEV009156,229.33
C009157,NL,2025-02-11,New,1,0,691,DEV009157,109.11
C009158,IT,2019-06-28,Returning,22,0,2692,DEV009158,914.92
C009159,CA,2024-03-04,Returning,24,0,1054,DEV009159,2688.23
C009160,CA,2022-08-27,Occasional,2,0,1302,DEV009160,233.39
C009161,IT,2022-12-21,Returning,16,0,1591,DEV009161,686.63
C009162,IT,2025-04-07,New,2,0,599,DEV009162,199.67
C009163,IT,2019-11-09,Returning,23,0,2746,DEV009163,1845.14
C009164,ES,2023-03-22,Returning,23,0,1733,DEV009164,1054.59
C009165,FR,2019-10-09,Returning,8,0,2500,DEV009165,1176.97
C009166,AU,2020-02-08,Returning,18,0,2664,DEV009166,1903.68
C009167,AU,2025-12-21,New,2,0,720,DEV009167,94.88
C009168,NL,2023-03-09,Occasional,3,0,1354,DEV009168,89.26
C009169,IE,2025-12-04,New,2,0,422,DEV009169,166.66
C009170,ES,2023-10-06,Returning,5,0,848,DEV009170,335.51
C009171,CA,2022-02-19,Returning,19,0,1768,DEV009171,359.07
C009172,CA,2025-06-07,Occasional,6,0,700,DEV009172,342.92
C009173,ES,2025-07-11,New,2,0,212,DEV009173,61.51
C009174,IT,2023-02-18,Occasional,3,0,1234,DEV009174,129.42
C009175,GB,2024-11-17,Occasional,5,0,872,DEV009175,457.21
C009176,IE,2022-01-27,Loyal,42,0,1968,DEV009176,5095.35
C009177,ES,2025-06-19,New,2,0,431,DEV009177,87.65
C009178,DE,2024-09-30,Occasional,1,0,1020,DEV009178,25.51
C009179,IT,2022-04-08,Returning,21,0,1707,DEV009179,1011.1
C009180,ES,2022-09-22,Occasional,4,0,1335,DEV009180,113.32
C009181,NL,2022-07-05,Occasional,4,0,2003,DEV009181,464.87
C009182,FR,2024-06-26,Occasional,6,0,1077,DEV009182,890.09
C009183,ES,2025-08-20,New,1,0,224,DEV009183,77.19
C009184,US,2018-12-12,Loyal,100,0,2785,DEV009184,3096.3
C009185,NL,2019-08-07,Returning,14,0,2811,DEV009185,1894.33
C009186,DE,2023-01-05,Returning,16,0,1664,DEV009186,591.45
C009187,US,2025-08-14,New,2,0,671,DEV009187,110.88
C009188,GB,2023-02-03,Returning,15,0,1377,DEV009188,1229.84
C009189,IE,2025-07-29,New,0,0,881,DEV009189,0.0
C009190,FR,2025-02-07,New,0,0,802,DEV009190,0.0
C009191,ES,2022-11-11,Occasional,6,0,1559,DEV009191,727.94
C009192,IT,2025-05-30,Occasional,6,0,851,DEV009192,405.26
C009193,DE,2025-08-26,Occasional,1,0,443,DEV009193,41.12
C009194,GB,2023-05-01,Loyal,46,0,1412,DEV009194,1436.48
C009195,GB,2024-11-05,Returning,15,0,899,DEV009195,1404.69
C009196,ES,2019-10-01,Returning,22,0,2506,DEV009196,2532.83
C009197,CA,2023-11-27,Occasional,5,0,1401,DEV009197,741.81
C009198,DE,2019-07-30,Loyal,44,0,2690,DEV009198,4473.38
C009199,CA,2025-06-10,New,1,0,447,DEV009199,74.52
C009200,DE,2025-02-17,New,0,0,763,DEV009200,0.0
C009201,AU,2019-05-22,Returning,20,0,2695,DEV009201,788.16
C009202,AU,2020-02-25,Returning,11,0,2859,DEV009202,600.93
C009203,GB,2022-07-11,Occasional,1,0,1928,DEV009203,37.42
C009204,GB,2025-05-29,New,0,0,251,DEV009204,0.0
C009205,CA,2023-03-20,Occasional,4,0,1522,DEV009205,216.35
C009206,NL,2025-03-19,New,0,0,973,DEV009206,0.0
C009207,DE,2023-06-17,Returning,13,0,1124,DEV009207,1617.09
C009208,GB,2021-10-05,Returning,9,0,2188,DEV009208,761.49
C009209,DE,2025-05-08,Occasional,3,0,320,DEV009209,295.87
C009210,DE,2025-07-30,Occasional,3,0,608,DEV009210,308.04
C009211,GB,2025-05-30,New,0,0,458,DEV009211,0.0
C009212,IE,2024-10-14,Occasional,5,0,777,DEV009212,389.98
C009213,AU,2024-02-20,Occasional,2,0,1318,DEV009213,92.33
C009214,DE,2025-06-17,New,2,0,408,DEV009214,213.03
C009215,CA,2025-06-27,New,1,0,474,DEV009215,60.38
C009216,NL,2023-07-15,Occasional,6,0,931,DEV009216,778.62
C009217,IE,2018-08-01,Loyal,41,0,3396,DEV009217,5849.09
C009218,IT,2025-06-16,New,2,0,337,DEV009218,101.48
C009219,ES,2022-02-13,Occasional,1,0,1824,DEV009219,104.29
C009220,FR,2025-09-04,New,0,0,353,DEV009220,0.0
C009221,AU,2022-03-31,Returning,11,0,1453,DEV009221,1283.63
C009222,CA,2025-01-11,Occasional,1,0,882,DEV009222,132.73
C009223,ES,2024-04-22,Occasional,2,0,1190,DEV009223,215.33
C009224,GB,2023-09-03,Occasional,4,0,1577,DEV009224,387.6
C009225,ES,2022-06-24,Occasional,3,0,1966,DEV009225,379.48
C009226,CA,2025-11-12,New,0,0,518,DEV009226,0.0
C009227,US,2025-06-22,New,2,0,395,DEV009227,204.96
C009228,CA,2024-06-04,Occasional,1,0,951,DEV009228,117.73
C009229,IT,2025-12-31,New,1,0,266,DEV009229,27.64
C009230,DE,2022-07-04,Returning,15,0,1481,DEV009230,1684.32
C009231,GB,2023-07-22,Occasional,1,0,1080,DEV009231,87.31
C009232,CA,2022-09-04,Occasional,5,0,1599,DEV009232,332.17
C009233,ES,2024-02-04,Returning,6,0,881,DEV009233,827.73
C009234,GB,2023-12-05,Occasional,2,0,1037,DEV009234,135.49
C009235,ES,2021-07-01,Returning,5,0,2062,DEV009235,523.76
C009236,IT,2019-09-09,Returning,24,0,2597,DEV009236,1359.64
C009237,US,2024-07-07,Occasional,1,0,689,DEV009237,107.61
C009238,GB,2019-08-10,Returning,23,0,2645,DEV009238,3400.27
C009239,IE,2023-12-20,Occasional,3,0,1196,DEV009239,220.91
C009240,GB,2023-01-23,Occasional,4,0,1420,DEV009240,249.71
C009241,DE,2022-02-23,Returning,7,0,1937,DEV009241,134.27
C009242,IT,2025-06-14,New,2,0,453,DEV009242,72.4
C009243,US,2022-04-08,Occasional,2,0,1713,DEV009243,216.2
C009244,CA,2019-08-28,Returning,22,0,2571,DEV009244,3585.4
C009245,FR,2022-01-17,Occasional,6,0,1914,DEV009245,677.05
C009246,AU,2025-10-30,New,0,0,160,DEV009246,0.0
C009247,DE,2024-12-19,Occasional,5,0,388,DEV009247,573.63
C009248,IE,2023-09-13,Occasional,3,0,1374,DEV009248,76.34
C009249,CA,2025-05-05,New,1,0,403,DEV009249,148.61
C009250,DE,2024-03-22,Returning,6,0,1348,DEV009250,655.43
C009251,AU,2025-05-08,New,1,0,720,DEV009251,94.92
C009252,DE,2024-04-12,Occasional,2,0,865,DEV009252,219.04
C009253,IE,2024-03-27,Occasional,1,0,1293,DEV009253,51.98
C009254,GB,2024-02-29,Occasional,5,0,946,DEV009254,291.02
C009255,FR,2020-12-31,Loyal,38,0,2279,DEV009255,2865.45
C009256,IE,2024-04-01,Returning,15,0,1161,DEV009256,1390.45
C009257,US,2025-10-06,New,0,0,742,DEV009257,0.0
C009258,IE,2020-03-13,Returning,21,0,2484,DEV009258,661.69
C009259,US,2025-09-01,New,2,0,738,DEV009259,112.42
C009260,FR,2023-03-15,Loyal,74,0,1445,DEV009260,6138.53
C009261,US,2025-02-12,Occasional,2,0,439,DEV009261,322.8
C009262,CA,2024-02-03,Returning,5,0,988,DEV009262,471.13
C009263,US,2020-12-09,Returning,20,0,2495,DEV009263,1294.64
C009264,AU,2019-01-10,Returning,16,0,3109,DEV009264,2276.71
C009265,CA,2024-08-01,Occasional,3,0,1106,DEV009265,419.94
C009266,FR,2021-12-01,Loyal,87,0,1816,DEV009266,9211.58
C009267,AU,2019-12-13,Loyal,82,0,2817,DEV009267,7491.83
C009268,NL,2022-11-17,Occasional,6,0,1660,DEV009268,590.21
C009269,FR,2022-09-01,Occasional,4,0,1446,DEV009269,194.5
C009270,ES,2025-06-09,Occasional,3,0,699,DEV009270,97.79
C009271,FR,2024-01-02,Returning,24,0,1182,DEV009271,920.79
C009272,FR,2020-10-20,Returning,22,0,2083,DEV009272,3181.71
C009273,IE,2025-03-11,New,2,0,638,DEV009273,224.32
C009274,CA,2025-12-13,New,0,0,340,DEV009274,0.0
C009275,AU,2024-10-19,Occasional,6,0,1101,DEV009275,685.97
C009276,FR,2023-02-17,Occasional,5,0,1280,DEV009276,292.25
C009277,ES,2025-03-20,Occasional,5,0,383,DEV009277,597.12
C009278,NL,2022-12-14,Loyal,92,0,1556,DEV009278,2431.64
C009279,NL,2025-02-09,New,2,0,771,DEV009279,120.28
C009280,IE,2020-12-20,Returning,20,0,2114,DEV009280,1662.04
C009281,IT,2025-05-11,New,1,0,253,DEV009281,49.34
C009282,FR,2022-09-06,Loyal,61,0,1216,DEV009282,9233.36
C009283,FR,2022-12-27,Returning,20,0,1502,DEV009283,2206.86
C009284,CA,2025-01-05,New,1,0,1045,DEV009284,35.08
C009285,FR,2020-12-09,Returning,9,0,2560,DEV009285,286.32
C009286,DE,2025-05-15,New,1,0,288,DEV009286,47.11
C009287,NL,2025-12-24,New,0,0,206,DEV009287,0.0
C009288,IE,2022-07-18,Returning,16,0,1929,DEV009288,1608.11
C009289,CA,2023-11-22,Returning,8,0,785,DEV009289,225.48
C009290,US,2022-06-18,Occasional,2,0,1747,DEV009290,284.34
C009291,IT,2025-04-20,New,1,0,894,DEV009291,31.25
C009292,IT,2024-03-14,Occasional,3,0,760,DEV009292,451.03
C009293,DE,2024-05-28,Occasional,1,0,1210,DEV009293,21.58
C009294,FR,2022-07-26,Occasional,2,0,1879,DEV009294,245.81
C009295,IE,2021-01-20,Loyal,28,0,2152,DEV009295,3362.62
C009296,DE,2022-10-12,Occasional,3,0,1266,DEV009296,338.82
C009297,IE,2024-10-07,Occasional,4,0,792,DEV009297,80.92
C009298,AU,2023-03-20,Returning,23,0,1056,DEV009298,1327.4
C009299,AU,2022-10-02,Returning,18,0,1203,DEV009299,1438.03
C009300,CA,2023-12-13,Loyal,53,0,1222,DEV009300,6860.79
C009301,US,2025-04-14,New,2,0,325,DEV009301,171.87
C009302,IE,2020-08-18,Returning,14,0,2585,DEV009302,2084.37
C009303,FR,2025-04-23,New,2,0,308,DEV009303,114.35
C009304,US,2022-08-09,Returning,19,0,1321,DEV009304,1296.28
C009305,US,2023-03-24,Loyal,60,0,1296,DEV009305,6396.11
C009306,DE,2020-10-03,Loyal,67,0,2107,DEV009306,8835.77
C009307,NL,2020-03-12,Returning,9,0,2377,DEV009307,1017.02
C009308,ES,2022-09-07,Returning,20,0,1262,DEV009308,2763.69
C009309,US,2024-04-30,Returning,10,0,1289,DEV009309,1213.99
C009310,ES,2025-01-03,New,2,0,939,DEV009310,99.99
C009311,DE,2025-07-20,New,1,0,227,DEV009311,39.07
C009312,AU,2024-07-12,Returning,15,0,773,DEV009312,1162.51
C009313,US,2023-02-02,Returning,18,0,1632,DEV009313,734.84
C009314,DE,2024-10-26,Occasional,1,0,888,DEV009314,66.84
C009315,GB,2020-03-30,Returning,13,0,2634,DEV009315,1431.41
C009316,US,2022-11-22,Occasional,6,0,1433,DEV009316,719.0
C009317,AU,2024-07-25,Occasional,1,1,1033,DEV009317,67.03
C009318,NL,2025-05-25,New,2,0,523,DEV009318,284.76
C009319,CA,2025-03-14,New,1,0,788,DEV009319,20.82
C009320,CA,2022-02-05,Returning,13,0,1428,DEV009320,1314.98
C009321,GB,2019-05-06,Returning,10,0,2440,DEV009321,1422.15
C009322,IT,2025-11-29,New,1,0,593,DEV009322,65.62
C009323,ES,2022-05-31,Occasional,4,0,1990,DEV009323,594.97
C009324,IE,2022-04-23,Returning,10,0,1741,DEV009324,759.49
C009325,DE,2020-01-22,Returning,5,0,2824,DEV009325,577.03
C009326,FR,2022-05-31,Occasional,1,0,1727,DEV009326,22.04
C009327,ES,2024-04-14,Occasional,4,0,763,DEV009327,346.54
C009328,IT,2023-09-25,Occasional,6,0,1345,DEV009328,472.92
C009329,ES,2025-10-11,New,2,0,417,DEV009329,169.55
C009330,US,2020-06-06,Loyal,78,0,2180,DEV009330,9023.15
C009331,NL,2020-12-31,Returning,7,0,2015,DEV009331,402.93
C009332,CA,2025-02-01,New,2,0,471,DEV009332,152.17
C009333,ES,2023-03-12,Occasional,5,0,1381,DEV009333,538.8
C009334,GB,2021-08-18,Returning,18,0,2079,DEV009334,1406.37
C009335,GB,2021-09-16,Returning,5,0,2216,DEV009335,128.01
C009336,AU,2023-06-18,Occasional,3,0,1488,DEV009336,161.56
C009337,AU,2021-11-29,Returning,6,0,1505,DEV009337,512.66
C009338,AU,2025-03-03,New,1,0,542,DEV009338,134.88
C009339,DE,2024-09-22,Occasional,6,0,742,DEV009339,451.75
C009340,NL,2023-08-01,Occasional,5,0,1420,DEV009340,361.09
C009341,IE,2025-09-06,Occasional,1,0,546,DEV009341,80.02
C009342,DE,2020-03-12,Returning,18,0,2740,DEV009342,1027.0
C009343,US,2021-03-09,Loyal,68,0,1921,DEV009343,2896.73
C009344,IE,2025-03-04,New,0,0,746,DEV009344,0.0
C009345,IE,2023-05-23,Returning,10,0,1137,DEV009345,1486.69
C009346,ES,2021-09-21,Returning,17,0,1957,DEV009346,2426.59
C009347,CA,2022-12-02,Returning,7,0,1611,DEV009347,194.47
C009348,NL,2025-05-01,New,1,0,819,DEV009348,71.23
C009349,US,2024-12-07,Occasional,3,0,1039,DEV009349,229.5
C009350,US,2022-07-09,Occasional,2,0,1853,DEV009350,224.96
C009351,FR,2019-10-06,Loyal,99,0,2806,DEV009351,11433.46
C009352,DE,2025-04-24,New,2,0,425,DEV009352,287.77
C009353,CA,2024-08-04,Occasional,2,0,717,DEV009353,207.53
C009354,ES,2020-11-29,Returning,9,0,1911,DEV009354,358.87
C009355,IT,2025-12-30,New,2,0,59,DEV009355,283.45
C009356,AU,2025-12-30,New,1,0,542,DEV009356,27.05
C009357,ES,2024-07-31,Returning,17,0,934,DEV009357,671.56
C009358,NL,2025-09-09,Occasional,3,0,557,DEV009358,396.42
C009359,NL,2023-08-17,Occasional,2,0,1529,DEV009359,81.92
C009360,FR,2023-08-11,Occasional,2,0,897,DEV009360,100.23
C009361,ES,2025-05-15,New,0,0,721,DEV009361,0.0
C009362,DE,2023-07-14,Occasional,3,0,1078,DEV009362,312.61
C009363,AU,2020-05-06,Returning,22,0,2256,DEV009363,1789.16
C009364,IE,2020-09-23,Returning,13,0,2500,DEV009364,382.79
C009365,US,2023-04-08,Occasional,1,0,1371,DEV009365,47.15
C009366,NL,2024-05-22,Occasional,3,0,902,DEV009366,200.56
C009367,DE,2024-04-18,Occasional,6,0,1212,DEV009367,637.7
C009368,IE,2023-08-13,Occasional,3,0,1072,DEV009368,106.2
C009369,AU,2019-07-04,Returning,5,0,2987,DEV009369,163.51
C009370,ES,2024-11-17,Occasional,4,0,761,DEV009370,513.24
C009371,FR,2022-01-18,Returning,17,0,2002,DEV009371,1468.02
C009372,DE,2022-05-20,Occasional,3,0,2017,DEV009372,99.0
C009373,IE,2022-04-19,Occasional,2,0,1768,DEV009373,287.53
C009374,IE,2024-04-13,Occasional,6,0,971,DEV009374,387.34
C009375,AU,2020-08-02,Returning,16,0,2408,DEV009375,1058.48
C009376,NL,2025-07-07,Occasional,1,0,769,DEV009376,81.1
C009377,IT,2018-12-23,Loyal,93,0,3015,DEV009377,1837.45
C009378,CA,2025-09-03,Occasional,3,0,305,DEV009378,338.68
C009379,NL,2017-02-26,Loyal,43,0,3869,DEV009379,5681.37
C009380,FR,2019-11-14,Loyal,35,0,2382,DEV009380,4057.44
C009381,AU,2022-01-23,Occasional,3,0,2133,DEV009381,404.08
C009382,IT,2021-12-30,Returning,8,0,1770,DEV009382,857.88
C009383,AU,2025-07-15,Occasional,2,0,399,DEV009383,329.65
C009384,DE,2022-04-19,Returning,9,0,1663,DEV009384,211.48
C009385,NL,2024-05-16,Occasional,1,0,860,DEV009385,72.84
C009386,ES,2023-10-10,Occasional,1,0,911,DEV009386,126.41
C009387,NL,2022-04-17,Loyal,90,0,1715,DEV009387,1694.95
C009388,FR,2025-09-19,New,1,0,449,DEV009388,113.65
C009389,FR,2020-08-28,Returning,10,0,2169,DEV009389,1070.12
C009390,IT,2025-08-09,Occasional,6,0,204,DEV009390,263.92
C009391,IE,2021-06-14,Returning,10,0,2362,DEV009391,182.96
C009392,US,2024-11-24,Occasional,2,0,582,DEV009392,134.62
C009393,DE,2025-06-08,New,2,0,927,DEV009393,64.38
C009394,IT,2025-05-02,Occasional,4,0,958,DEV009394,392.46
C009395,IT,2022-08-17,Returning,16,0,1774,DEV009395,1704.77
C009396,CA,2024-09-01,Returning,13,0,615,DEV009396,1837.27
C009397,ES,2025-08-03,New,2,0,438,DEV009397,169.93
C009398,IE,2025-10-26,New,2,0,495,DEV009398,257.81
C009399,NL,2025-03-25,New,0,0,878,DEV009399,0.0
C009400,AU,2023-03-01,Returning,15,0,1670,DEV009400,1557.12
C009401,CA,2024-05-06,Occasional,5,0,949,DEV009401,383.61
C009402,NL,2025-08-05,New,1,0,355,DEV009402,117.42
C009403,IT,2023-05-25,Occasional,4,0,1631,DEV009403,137.36
C009404,IT,2025-02-09,New,0,0,1030,DEV009404,0.0
C009405,AU,2022-04-22,Occasional,3,0,1790,DEV009405,82.15
C009406,NL,2023-08-08,Occasional,6,0,1582,DEV009406,537.45
C009407,ES,2020-07-22,Returning,15,0,2182,DEV009407,2303.34
C009408,US,2025-03-13,New,0,0,741,DEV009408,0.0
C009409,CA,2025-01-13,New,2,0,875,DEV009409,116.73
C009410,CA,2025-03-28,New,0,0,999,DEV009410,0.0
C009411,FR,2025-03-05,New,2,0,548,DEV009411,157.09
C009412,FR,2025-07-23,New,0,0,860,DEV009412,0.0
C009413,AU,2022-11-15,Occasional,2,0,1758,DEV009413,155.78
C009414,ES,2019-05-01,Returning,8,0,2467,DEV009414,332.73
C009415,ES,2022-02-17,Occasional,4,0,1760,DEV009415,449.17
C009416,CA,2019-06-20,Returning,11,0,2726,DEV009416,310.69
C009417,ES,2022-11-27,Occasional,1,0,1226,DEV009417,29.55
C009418,DE,2025-02-13,New,2,0,692,DEV009418,68.12
C009419,US,2018-09-09,Loyal,22,0,3074,DEV009419,1768.52
C009420,CA,2025-11-30,New,0,0,471,DEV009420,0.0
C009421,NL,2022-02-11,Returning,12,0,1675,DEV009421,864.15
C009422,ES,2024-05-13,Occasional,5,0,1086,DEV009422,426.58
C009423,NL,2023-11-14,Occasional,5,0,1288,DEV009423,359.23
C009424,AU,2025-07-28,New,2,0,453,DEV009424,266.84
C009425,CA,2018-09-26,Loyal,49,0,2663,DEV009425,6910.72
C009426,GB,2025-11-01,New,2,0,126,DEV009426,89.27
C009427,AU,2019-10-07,Returning,15,0,2320,DEV009427,2473.42
C009428,ES,2024-10-18,Occasional,4,0,481,DEV009428,487.02
C009429,US,2025-12-28,New,0,0,458,DEV009429,0.0
C009430,CA,2023-12-16,Occasional,1,0,1352,DEV009430,116.33
C009431,GB,2025-07-25,New,0,0,764,DEV009431,0.0
C009432,DE,2021-03-26,Returning,22,0,2320,DEV009432,2180.27
C009433,FR,2025-12-30,New,1,0,14,DEV009433,35.76
C009434,FR,2025-12-11,New,0,1,200,DEV009434,0.0
C009435,AU,2025-07-06,New,1,0,329,DEV009435,130.87
C009436,GB,2025-12-29,New,2,0,62,DEV009436,67.93
C009437,DE,2025-09-09,New,2,0,693,DEV009437,138.37
C009438,ES,2023-05-07,Occasional,3,0,1418,DEV009438,328.09
C009439,DE,2022-12-03,Occasional,5,0,1330,DEV009439,495.79
C009440,GB,2025-01-05,New,2,0,978,DEV009440,138.26
C009441,AU,2023-07-24,Occasional,5,0,1514,DEV009441,395.59
C009442,AU,2020-12-24,Returning,18,0,2464,DEV009442,439.2
C009443,ES,2025-03-01,New,1,0,942,DEV009443,69.5
C009444,CA,2019-11-21,Returning,17,0,2702,DEV009444,492.32
C009445,NL,2019-10-29,Loyal,26,0,2268,DEV009445,3042.18
C009446,US,2023-07-15,Returning,22,0,1598,DEV009446,1490.86
C009447,IT,2025-08-21,New,0,0,739,DEV009447,0.0
C009448,AU,2023-01-20,Returning,11,0,1783,DEV009448,580.89
C009449,GB,2023-06-28,Occasional,5,0,1319,DEV009449,433.36
C009450,FR,2017-04-05,Loyal,55,0,3458,DEV009450,6274.09
C009451,IE,2025-09-19,Occasional,1,0,555,DEV009451,63.5
C009452,ES,2025-08-15,New,1,0,546,DEV009452,115.23
C009453,GB,2025-09-23,New,1,0,476,DEV009453,130.74
C009454,AU,2022-03-16,Occasional,4,0,1919,DEV009454,308.67
C009455,FR,2019-10-31,Returning,21,0,2909,DEV009455,2332.72
C009456,ES,2025-12-19,New,0,0,489,DEV009456,0.0
C009457,IT,2025-05-31,Occasional,2,1,350,DEV009457,55.85
C009458,NL,2023-06-11,Occasional,6,0,1511,DEV009458,683.04
C009459,NL,2025-08-25,Occasional,1,0,444,DEV009459,55.31
C009460,GB,2024-08-26,Occasional,1,0,1087,DEV009460,121.64
C009461,GB,2022-08-05,Occasional,1,0,1283,DEV009461,64.77
C009462,IE,2019-05-02,Returning,14,0,2731,DEV009462,416.92
C009463,AU,2021-09-29,Returning,13,0,2193,DEV009463,1835.75
C009464,ES,2024-05-13,Returning,15,0,873,DEV009464,486.18
C009465,FR,2025-03-17,New,1,0,655,DEV009465,112.01
C009466,IE,2020-04-27,Returning,24,0,2618,DEV009466,1351.16
C009467,IT,2019-03-11,Returning,21,0,2863,DEV009467,3620.05
C009468,FR,2023-04-18,Returning,8,0,1473,DEV009468,788.75
C009469,CA,2023-05-12,Occasional,6,0,1283,DEV009469,628.98
C009470,IT,2023-07-01,Returning,13,0,1113,DEV009470,793.86
C009471,NL,2024-04-01,Occasional,6,0,1075,DEV009471,339.96
C009472,CA,2025-01-15,New,2,0,875,DEV009472,141.76
C009473,CA,2022-09-17,Loyal,93,0,1416,DEV009473,7283.45
C009474,FR,2022-03-08,Occasional,2,0,1633,DEV009474,93.33
C009475,IE,2023-11-15,Occasional,4,0,1333,DEV009475,92.39
C009476,IE,2024-07-25,Occasional,4,0,1066,DEV009476,464.33
C009477,GB,2023-05-19,Occasional,5,0,1297,DEV009477,483.89
C009478,AU,2019-07-21,Returning,13,0,2377,DEV009478,793.78
C009479,US,2023-04-11,Occasional,3,0,1427,DEV009479,235.54
C009480,GB,2020-12-31,Returning,20,0,2088,DEV009480,2372.8
C009481,DE,2025-03-18,New,2,0,597,DEV009481,217.28
C009482,GB,2022-08-05,Occasional,5,0,1753,DEV009482,318.6
C009483,US,2024-10-24,Occasional,1,0,682,DEV009483,91.97
C009484,NL,2025-08-17,New,0,0,649,DEV009484,0.0
C009485,AU,2024-05-26,Occasional,3,0,913,DEV009485,315.97
C009486,IT,2022-02-04,Occasional,5,0,2031,DEV009486,536.47
C009487,DE,2022-02-04,Occasional,1,0,1683,DEV009487,84.6
C009488,CA,2024-01-26,Occasional,2,0,1214,DEV009488,99.58
C009489,DE,2023-08-07,Returning,8,0,1391,DEV009489,679.94
C009490,ES,2019-05-19,Returning,12,0,2554,DEV009490,271.09
C009491,IE,2023-07-06,Occasional,4,0,1181,DEV009491,214.19
C009492,ES,2024-05-10,Occasional,6,0,1212,DEV009492,414.89
C009493,GB,2025-03-09,New,1,0,311,DEV009493,89.24
C009494,ES,2023-06-13,Loyal,48,0,1145,DEV009494,6017.98
C009495,AU,2025-07-23,Occasional,6,0,716,DEV009495,261.0
C009496,AU,2025-03-16,New,1,0,519,DEV009496,21.29
C009497,GB,2023-01-24,Occasional,2,0,1086,DEV009497,77.74
C009498,IT,2024-05-09,Returning,24,0,784,DEV009498,2681.93
C009499,US,2025-03-28,New,2,0,708,DEV009499,176.8
C009500,FR,2019-04-21,Returning,19,0,3109,DEV009500,1251.7
C009501,AU,2022-07-16,Occasional,2,0,1294,DEV009501,104.85
C009502,DE,2025-01-16,New,2,0,357,DEV009502,253.69
C009503,DE,2024-06-17,Returning,17,0,973,DEV009503,755.51
C009504,NL,2025-09-25,Occasional,2,0,250,DEV009504,179.76
C009505,IE,2022-05-25,Returning,16,0,1821,DEV009505,353.23
C009506,GB,2025-05-10,Occasional,6,0,822,DEV009506,112.51
C009507,US,2019-08-15,Returning,10,0,2968,DEV009507,308.36
C009508,ES,2022-12-05,Loyal,92,0,1442,DEV009508,7684.32
C009509,GB,2024-11-19,Returning,7,0,857,DEV009509,955.61
C009510,DE,2024-03-17,Occasional,5,0,1261,DEV009510,775.09
C009511,US,2025-12-04,New,1,0,691,DEV009511,43.98
C009512,US,2023-06-24,Loyal,50,0,1447,DEV009512,906.17
C009513,US,2023-10-23,Occasional,4,0,1111,DEV009513,352.69
C009514,DE,2019-07-31,Returning,16,0,2489,DEV009514,1378.03
C009515,AU,2025-08-22,New,0,1,701,DEV009515,0.0
C009516,GB,2025-09-21,New,1,0,422,DEV009516,169.86
C009517,FR,2020-04-10,Loyal,97,0,2628,DEV009517,3181.29
C009518,FR,2024-05-26,Occasional,1,0,800,DEV009518,87.35
C009519,FR,2020-10-13,Returning,18,0,1923,DEV009519,2079.49
C009520,FR,2024-03-19,Occasional,3,0,771,DEV009520,145.61
C009521,NL,2023-04-02,Occasional,1,0,1445,DEV009521,137.66
C009522,AU,2022-07-25,Returning,14,0,1339,DEV009522,1252.44
C009523,DE,2025-12-25,New,1,0,514,DEV009523,135.18
C009524,GB,2020-10-01,Returning,16,0,2129,DEV009524,1552.11
C009525,AU,2023-05-17,Loyal,94,0,1515,DEV009525,5991.91
C009526,IT,2025-02-27,New,2,0,311,DEV009526,285.28
C009527,NL,2022-05-05,Returning,9,0,1842,DEV009527,223.7
C009528,US,2025-05-24,New,2,0,493,DEV009528,270.04
C009529,CA,2024-09-19,Occasional,6,0,931,DEV009529,529.35
C009530,AU,2025-07-16,New,1,0,740,DEV009530,35.29
C009531,IT,2022-07-20,Occasional,2,0,1629,DEV009531,113.92
C009532,ES,2024-07-07,Returning,20,0,1237,DEV009532,1868.0
C009533,NL,2020-03-03,Loyal,40,0,2488,DEV009533,2377.31
C009534,CA,2022-11-24,Occasional,1,0,1224,DEV009534,150.3
C009535,FR,2025-03-04,New,1,0,607,DEV009535,125.33
C009536,GB,2021-06-02,Returning,12,0,2258,DEV009536,751.64
C009537,US,2024-11-07,Occasional,2,0,881,DEV009537,112.96
C009538,US,2025-06-01,New,0,0,675,DEV009538,0.0
C009539,IT,2021-11-28,Returning,12,0,1728,DEV009539,1379.94
C009540,IT,2019-05-24,Loyal,83,0,2904,DEV009540,8493.11
C009541,AU,2025-02-08,New,1,0,835,DEV009541,25.13
C009542,IT,2021-01-01,Returning,5,0,2485,DEV009542,215.31
C009543,GB,2023-04-02,Occasional,2,0,1532,DEV009543,247.34
C009544,NL,2022-03-12,Returning,24,0,1607,DEV009544,2264.7
C009545,ES,2023-02-19,Occasional,6,0,1475,DEV009545,207.8
C009546,ES,2023-10-27,Returning,5,0,1501,DEV009546,255.2
C009547,AU,2024-11-16,Occasional,2,0,1025,DEV009547,141.98
C009548,US,2022-12-19,Returning,24,0,1425,DEV009548,3899.1
C009549,IT,2021-02-12,Returning,10,0,1878,DEV009549,1486.22
C009550,FR,2023-11-02,Occasional,4,0,1304,DEV009550,233.38
C009551,FR,2025-02-11,New,2,0,706,DEV009551,74.63
C009552,FR,2023-12-10,Occasional,1,0,1034,DEV009552,127.55
C009553,FR,2020-06-01,Returning,14,0,2275,DEV009553,1827.43
C009554,CA,2025-08-02,New,0,0,360,DEV009554,0.0
C009555,FR,2021-01-09,Returning,5,0,2494,DEV009555,188.86
C009556,US,2021-02-02,Returning,10,0,1886,DEV009556,1573.32
C009557,ES,2025-06-30,Occasional,1,0,270,DEV009557,174.39
C009558,IT,2020-05-05,Returning,16,0,2104,DEV009558,515.87
C009559,NL,2025-05-27,Occasional,5,0,719,DEV009559,165.59
C009560,US,2019-03-28,Returning,23,0,2802,DEV009560,3508.16
C009561,NL,2019-01-14,Loyal,93,0,2552,DEV009561,13614.32
C009562,CA,2024-11-05,Occasional,2,0,705,DEV009562,145.86
C009563,FR,2017-01-18,Loyal,26,0,3850,DEV009563,1763.31
C009564,NL,2025-10-03,New,2,0,151,DEV009564,326.4
C009565,CA,2024-12-15,Occasional,1,0,660,DEV009565,50.56
C009566,ES,2020-08-28,Loyal,51,0,2575,DEV009566,6233.23
C009567,GB,2024-01-23,Occasional,3,0,1042,DEV009567,110.43
C009568,ES,2024-03-08,Occasional,3,0,1393,DEV009568,288.05
C009569,IE,2025-06-15,Occasional,6,0,881,DEV009569,422.63
C009570,AU,2022-12-16,Returning,24,0,1637,DEV009570,3032.12
C009571,US,2024-09-06,Occasional,2,0,691,DEV009571,177.54
C009572,CA,2025-07-02,New,0,0,848,DEV009572,0.0
C009573,FR,2025-06-30,New,1,0,845,DEV009573,99.0
C009574,GB,2019-11-15,Loyal,93,0,2376,DEV009574,1576.43
C009575,US,2025-04-20,New,2,0,888,DEV009575,272.78
C009576,IE,2022-06-13,Occasional,3,0,1657,DEV009576,439.72
C009577,CA,2025-02-24,New,2,0,941,DEV009577,151.79
C009578,NL,2024-12-08,Returning,8,0,1068,DEV009578,999.44
C009579,NL,2022-10-04,Occasional,4,0,1830,DEV009579,407.0
C009580,IE,2020-10-01,Returning,14,0,2498,DEV009580,1935.74
C009581,AU,2025-03-16,New,1,0,479,DEV009581,120.8
C009582,AU,2024-07-29,Occasional,4,0,879,DEV009582,367.68
C009583,IT,2022-06-08,Occasional,6,0,1860,DEV009583,602.98
C009584,NL,2023-04-10,Occasional,2,0,1598,DEV009584,139.01
C009585,DE,2021-10-12,Returning,5,0,1974,DEV009585,589.98
C009586,GB,2024-06-21,Returning,16,0,1157,DEV009586,2244.09
C009587,AU,2019-10-24,Returning,5,0,2578,DEV009587,627.63
C009588,NL,2025-03-31,New,0,0,383,DEV009588,0.0
C009589,CA,2024-04-16,Occasional,3,0,1085,DEV009589,133.39
C009590,IE,2025-07-12,New,0,0,608,DEV009590,0.0
C009591,IT,2024-03-11,Returning,7,0,1351,DEV009591,440.26
C009592,CA,2020-12-22,Returning,23,0,1955,DEV009592,1323.15
C009593,US,2025-03-13,Occasional,5,0,947,DEV009593,394.49
C009594,CA,2022-06-23,Occasional,1,0,1752,DEV009594,77.51
C009595,CA,2024-11-23,Returning,19,0,1014,DEV009595,832.28
C009596,FR,2024-03-12,Occasional,6,0,730,DEV009596,584.82
C009597,AU,2025-08-09,Occasional,1,0,440,DEV009597,108.14
C009598,DE,2024-01-13,Occasional,4,0,730,DEV009598,330.96
C009599,IE,2025-03-20,New,2,0,984,DEV009599,143.49
C009600,ES,2021-05-04,Returning,20,0,2280,DEV009600,1728.81
C009601,FR,2025-09-22,Occasional,1,0,112,DEV009601,130.08
C009602,FR,2024-12-19,Returning,12,0,983,DEV009602,1608.58
C009603,US,2025-08-18,Occasional,5,0,196,DEV009603,243.95
C009604,IE,2025-08-05,Occasional,2,0,628,DEV009604,74.14
C009605,US,2025-09-14,New,1,0,225,DEV009605,148.59
C009606,US,2025-12-13,New,2,0,89,DEV009606,48.81
C009607,US,2020-04-26,Loyal,49,0,2383,DEV009607,993.68
C009608,GB,2025-09-24,New,1,0,379,DEV009608,84.46
C009609,CA,2020-11-19,Returning,21,0,1911,DEV009609,731.63
C009610,GB,2025-05-02,New,0,0,660,DEV009610,0.0
C009611,ES,2025-02-01,New,2,0,750,DEV009611,75.06
C009612,DE,2025-10-27,New,0,0,450,DEV009612,0.0
C009613,GB,2022-12-18,Occasional,4,0,1714,DEV009613,220.88
C009614,IT,2022-12-03,Occasional,3,0,1482,DEV009614,232.02
C009615,IE,2024-04-17,Returning,5,0,1047,DEV009615,752.07
C009616,ES,2021-03-06,Loyal,79,0,2027,DEV009616,1994.33
C009617,IT,2025-09-02,New,1,0,704,DEV009617,30.79
C009618,IT,2022-09-03,Occasional,5,0,1575,DEV009618,602.36
C009619,US,2022-02-09,Occasional,2,0,1724,DEV009619,183.64
C009620,IT,2025-11-21,New,1,0,366,DEV009620,113.87
C009621,ES,2025-10-15,New,0,0,267,DEV009621,0.0
C009622,IE,2020-08-01,Returning,18,0,2420,DEV009622,1649.59
C009623,CA,2024-09-15,Occasional,4,0,500,DEV009623,440.03
C009624,CA,2024-10-23,Occasional,3,0,651,DEV009624,329.85
C009625,ES,2019-11-03,Returning,23,0,2589,DEV009625,1855.39
C009626,DE,2025-01-19,New,1,0,1040,DEV009626,51.28
C009627,AU,2025-12-26,New,0,0,575,DEV009627,0.0
C009628,ES,2022-03-25,Occasional,4,0,2094,DEV009628,516.1
C009629,IE,2021-02-24,Returning,17,0,1886,DEV009629,1913.93
C009630,CA,2025-07-10,New,1,0,389,DEV009630,110.81
C009631,FR,2025-02-20,Occasional,3,0,421,DEV009631,356.54
C009632,AU,2025-06-25,New,1,0,356,DEV009632,127.01
C009633,US,2019-04-07,Loyal,98,0,2475,DEV009633,2946.77
C009634,US,2024-04-25,Occasional,3,0,1232,DEV009634,347.48
C009635,ES,2024-05-17,Occasional,5,0,1095,DEV009635,527.75
C009636,FR,2022-12-17,Occasional,4,0,1424,DEV009636,141.18
C009637,AU,2025-11-21,New,2,0,697,DEV009637,316.6
C009638,NL,2025-07-14,New,1,0,886,DEV009638,152.35
C009639,GB,2021-04-16,Loyal,60,0,1951,DEV009639,6187.0
C009640,CA,2023-10-17,Occasional,1,0,1211,DEV009640,150.36
C009641,NL,2024-12-03,Returning,23,0,809,DEV009641,659.9
C009642,GB,2025-08-11,New,0,0,214,DEV009642,0.0
C009643,DE,2019-10-19,Returning,13,0,2987,DEV009643,1096.14
C009644,NL,2023-08-18,Occasional,1,0,992,DEV009644,22.57
C009645,ES,2022-02-09,Returning,23,0,2115,DEV009645,871.2
C009646,US,2022-05-08,Occasional,4,0,1606,DEV009646,430.09
C009647,IE,2022-05-21,Returning,9,0,1448,DEV009647,1241.13
C009648,NL,2024-09-17,Occasional,2,0,1045,DEV009648,251.24
C009649,IT,2025-02-15,New,0,0,588,DEV009649,0.0
C009650,FR,2025-01-08,New,0,0,979,DEV009650,0.0
C009651,DE,2023-04-29,Occasional,2,0,1144,DEV009651,230.2
C009652,GB,2022-12-14,Occasional,3,0,1529,DEV009652,454.92
C009653,DE,2020-03-25,Returning,20,0,2225,DEV009653,2276.21
C009654,NL,2025-03-23,Occasional,1,0,919,DEV009654,36.01
C009655,CA,2023-09-06,Occasional,3,0,1000,DEV009655,308.01
C009656,NL,2025-07-05,New,1,0,378,DEV009656,133.97
C009657,GB,2019-12-26,Returning,11,0,2542,DEV009657,1206.16
C009658,DE,2025-05-28,New,0,0,577,DEV009658,0.0
C009659,FR,2025-11-15,New,0,0,571,DEV009659,0.0
C009660,ES,2023-12-25,Returning,16,0,1266,DEV009660,2659.27
C009661,DE,2023-11-25,Loyal,87,0,903,DEV009661,8821.2
C009662,IT,2021-11-09,Returning,15,0,2167,DEV009662,895.08
C009663,DE,2023-07-23,Occasional,6,0,1355,DEV009663,470.41
C009664,CA,2022-06-04,Occasional,1,0,1505,DEV009664,62.57
C009665,AU,2023-09-12,Returning,21,0,1380,DEV009665,920.34
C009666,CA,2024-05-15,Occasional,3,0,1139,DEV009666,204.57
C009667,US,2025-05-07,Occasional,5,0,566,DEV009667,222.7
C009668,GB,2025-07-15,Occasional,5,0,433,DEV009668,160.88
C009669,ES,2023-04-25,Returning,12,0,1444,DEV009669,1023.2
C009670,IT,2017-10-25,Loyal,32,0,3229,DEV009670,4532.59
C009671,DE,2025-12-09,New,1,0,593,DEV009671,81.83
C009672,ES,2025-08-26,New,2,0,782,DEV009672,147.44
C009673,CA,2024-07-18,Occasional,4,0,867,DEV009673,502.81
C009674,NL,2020-06-27,Loyal,87,0,2357,DEV009674,9653.84
C009675,ES,2024-03-11,Occasional,6,0,1294,DEV009675,405.57
C009676,NL,2024-05-03,Occasional,3,0,813,DEV009676,93.25
C009677,CA,2021-08-17,Returning,6,0,1883,DEV009677,316.43
C009678,US,2022-10-20,Returning,7,0,1541,DEV009678,646.57
C009679,CA,2024-03-27,Returning,19,0,1185,DEV009679,873.81
C009680,US,2025-02-13,New,1,0,395,DEV009680,73.49
C009681,FR,2025-01-09,New,1,0,1063,DEV009681,50.63
C009682,GB,2022-12-20,Occasional,5,0,1395,DEV009682,466.26
C009683,GB,2024-11-08,Occasional,5,0,1034,DEV009683,593.2
C009684,US,2020-11-20,Returning,14,0,2237,DEV009684,1719.93
C009685,IT,2023-12-02,Occasional,2,0,1365,DEV009685,140.22
C009686,DE,2022-04-27,Occasional,6,0,2046,DEV009686,505.08
C009687,FR,2025-06-18,New,1,0,880,DEV009687,93.35
C009688,CA,2024-06-02,Returning,10,0,874,DEV009688,825.02
C009689,ES,2025-08-06,Occasional,2,0,329,DEV009689,124.85
C009690,GB,2019-12-01,Returning,5,0,2697,DEV009690,580.15
C009691,FR,2025-07-21,Occasional,1,0,166,DEV009691,86.52
C009692,CA,2022-04-25,Occasional,3,0,1779,DEV009692,168.59
C009693,DE,2018-07-22,Loyal,67,0,2816,DEV009693,1257.73
C009694,FR,2025-08-15,New,0,0,287,DEV009694,0.0
C009695,US,2025-09-16,New,2,0,613,DEV009695,126.42
C009696,DE,2023-11-12,Loyal,92,0,948,DEV009696,3811.57
C009697,DE,2020-07-12,Returning,24,0,2447,DEV009697,2955.14
C009698,IT,2024-08-16,Occasional,2,0,730,DEV009698,107.73
C009699,AU,2018-05-07,Loyal,92,0,2806,DEV009699,6591.12
C009700,IE,2024-03-19,Occasional,4,0,768,DEV009700,318.12
C009701,US,2023-03-14,Loyal,93,0,1640,DEV009701,6066.85
C009702,IE,2022-03-01,Loyal,65,0,1466,DEV009702,4892.85
C009703,ES,2020-11-09,Returning,11,0,2146,DEV009703,710.36
C009704,IT,2025-07-12,Occasional,5,0,530,DEV009704,618.37
C009705,AU,2025-10-11,New,1,0,728,DEV009705,119.68
C009706,ES,2023-09-18,Returning,17,0,973,DEV009706,1738.64
C009707,GB,2024-01-11,Occasional,6,0,1261,DEV009707,202.37
C009708,ES,2025-08-12,New,2,0,153,DEV009708,305.07
C009709,IT,2023-02-19,Occasional,3,0,1688,DEV009709,473.62
C009710,IE,2025-05-18,New,2,0,407,DEV009710,43.61
C009711,ES,2025-02-25,New,1,0,587,DEV009711,37.2
C009712,FR,2025-06-14,New,1,0,453,DEV009712,47.26
C009713,IE,2022-10-05,Occasional,6,0,1200,DEV009713,758.1
C009714,DE,2022-08-27,Occasional,1,0,1430,DEV009714,109.92
C009715,AU,2023-01-18,Occasional,2,0,1440,DEV009715,280.53
C009716,NL,2023-12-11,Occasional,2,0,1358,DEV009716,41.35
C009717,US,2021-07-15,Returning,15,0,2347,DEV009717,1548.57
C009718,GB,2025-11-11,New,1,0,590,DEV009718,37.25
C009719,US,2023-09-15,Occasional,3,0,1053,DEV009719,381.6
C009720,GB,2024-02-20,Occasional,5,0,1140,DEV009720,243.52
C009721,AU,2023-01-11,Occasional,2,0,1240,DEV009721,181.2
C009722,NL,2024-07-14,Returning,24,0,613,DEV009722,1608.94
C009723,DE,2025-01-02,New,2,0,869,DEV009723,87.39
C009724,CA,2022-03-03,Occasional,6,0,1851,DEV009724,555.74
C009725,GB,2022-01-21,Occasional,6,0,1752,DEV009725,735.14
C009726,GB,2018-04-09,Loyal,31,0,2934,DEV009726,3145.03
C009727,NL,2019-06-18,Returning,11,0,3056,DEV009727,979.39
C009728,CA,2024-08-10,Returning,12,0,833,DEV009728,1510.87
C009729,CA,2024-08-23,Occasional,1,0,738,DEV009729,84.41
C009730,DE,2025-04-23,New,1,0,856,DEV009730,150.8
C009731,IT,2025-05-25,New,1,0,269,DEV009731,46.78
C009732,AU,2023-04-17,Occasional,4,0,1331,DEV009732,251.11
C009733,IE,2025-04-10,Occasional,4,0,382,DEV009733,410.67
C009734,IT,2022-05-17,Occasional,1,0,1890,DEV009734,85.59
C009735,GB,2024-04-24,Returning,12,0,868,DEV009735,1021.01
C009736,FR,2021-05-08,Returning,24,0,1987,DEV009736,2781.79
C009737,ES,2024-04-12,Returning,8,0,928,DEV009737,752.91
C009738,AU,2022-07-22,Returning,14,0,1364,DEV009738,1102.28
C009739,FR,2025-03-15,New,0,0,526,DEV009739,0.0
C009740,AU,2018-04-23,Loyal,60,0,3212,DEV009740,3409.55
C009741,IT,2024-11-08,Occasional,4,0,688,DEV009741,195.0
C009742,DE,2023-10-12,Occasional,5,0,1379,DEV009742,637.71
C009743,US,2024-05-10,Occasional,1,0,768,DEV009743,141.04
C009744,US,2025-07-05,New,2,0,688,DEV009744,88.52
C009745,NL,2022-03-11,Occasional,2,0,1940,DEV009745,149.83
C009746,IT,2019-09-07,Returning,10,0,2797,DEV009746,290.31
C009747,ES,2023-04-05,Occasional,5,0,1145,DEV009747,169.83
C009748,IE,2025-10-25,New,0,0,441,DEV009748,0.0
C009749,FR,2019-08-13,Returning,16,0,2976,DEV009749,1897.17
C009750,IE,2025-02-28,Occasional,1,0,971,DEV009750,139.95
C009751,ES,2025-01-24,New,1,0,519,DEV009751,61.2
C009752,US,2019-09-05,Returning,24,0,2867,DEV009752,964.15
C009753,DE,2025-08-17,New,2,0,558,DEV009753,192.65
C009754,ES,2019-08-27,Returning,16,0,2859,DEV009754,481.09
C009755,GB,2019-11-06,Returning,23,0,2760,DEV009755,3195.61
C009756,IT,2020-10-26,Returning,16,0,2317,DEV009756,639.09
C009757,AU,2025-01-12,Occasional,2,0,419,DEV009757,138.6
C009758,IE,2025-11-18,New,2,0,764,DEV009758,67.26
C009759,IE,2020-11-05,Returning,18,0,2242,DEV009759,1146.35
C009760,IE,2024-11-28,Occasional,6,0,1018,DEV009760,577.9
C009761,ES,2024-01-12,Returning,18,0,1318,DEV009761,1661.74
C009762,IT,2019-02-21,Returning,15,0,3194,DEV009762,1586.98
C009763,IT,2025-09-26,New,2,0,704,DEV009763,182.17
C009764,FR,2018-08-05,Loyal,96,0,2998,DEV009764,11145.9
C009765,FR,2020-08-18,Returning,7,0,2168,DEV009765,304.9
C009766,AU,2023-12-30,Occasional,3,0,768,DEV009766,351.32
C009767,GB,2023-08-04,Occasional,1,0,1299,DEV009767,82.71
C009768,AU,2025-05-23,Occasional,6,0,639,DEV009768,545.83
C009769,ES,2022-03-29,Occasional,4,0,1682,DEV009769,671.09
C009770,DE,2024-02-12,Returning,12,0,1254,DEV009770,445.8
C009771,ES,2023-01-07,Returning,10,0,1538,DEV009771,425.27
C009772,IE,2025-06-06,New,1,0,848,DEV009772,81.51
C009773,ES,2025-07-03,New,2,0,495,DEV009773,270.77
C009774,DE,2022-11-25,Occasional,4,0,1318,DEV009774,452.54
C009775,FR,2023-08-06,Occasional,5,0,1538,DEV009775,304.34
C009776,GB,2024-12-12,Occasional,4,0,1058,DEV009776,504.06
C009777,CA,2025-12-16,New,2,0,190,DEV009777,171.59
C009778,ES,2019-11-30,Returning,8,0,2558,DEV009778,328.57
C009779,US,2024-04-21,Occasional,4,0,1208,DEV009779,155.85
C009780,FR,2021-08-15,Returning,6,0,2224,DEV009780,236.17
C009781,GB,2022-12-02,Returning,5,0,1320,DEV009781,575.53
C009782,NL,2021-10-08,Returning,8,0,1618,DEV009782,183.8
C009783,GB,2021-01-18,Loyal,83,0,2468,DEV009783,7088.14
C009784,AU,2023-06-02,Occasional,3,0,1491,DEV009784,56.25
C009785,FR,2025-09-01,Occasional,4,0,258,DEV009785,314.66
C009786,IE,2022-06-09,Occasional,2,0,1852,DEV009786,60.35
C009787,IE,2023-02-03,Occasional,4,0,1081,DEV009787,87.35
C009788,US,2025-12-27,New,0,0,617,DEV009788,0.0
C009789,IT,2024-08-18,Occasional,5,0,663,DEV009789,154.64
C009790,IE,2022-09-29,Occasional,2,0,1257,DEV009790,108.58
C009791,ES,2022-09-02,Occasional,4,0,1584,DEV009791,351.08
C009792,CA,2022-04-15,Returning,18,0,2018,DEV009792,2636.28
C009793,IT,2022-10-19,Occasional,5,0,1856,DEV009793,431.48
C009794,GB,2022-03-11,Returning,18,0,2017,DEV009794,1584.68
C009795,IE,2017-01-29,Loyal,52,0,3361,DEV009795,3503.7
C009796,US,2022-04-14,Occasional,1,0,1586,DEV009796,30.24
C009797,US,2025-03-31,Occasional,3,0,302,DEV009797,360.25
C009798,NL,2025-11-22,New,1,0,553,DEV009798,97.35
C009799,NL,2023-04-06,Occasional,1,0,1537,DEV009799,98.14
C009800,FR,2022-11-10,Occasional,4,0,1596,DEV009800,669.38
C009801,GB,2020-04-17,Returning,11,0,2665,DEV009801,1739.32
C009802,NL,2024-06-09,Returning,13,0,700,DEV009802,990.35
C009803,US,2022-04-15,Occasional,3,0,1861,DEV009803,174.59
C009804,ES,2023-10-23,Returning,22,0,1131,DEV009804,1408.47
C009805,IE,2019-09-04,Returning,16,0,2668,DEV009805,2119.77
C009806,US,2025-08-29,New,1,0,310,DEV009806,28.4
C009807,IE,2023-01-14,Occasional,4,0,1084,DEV009807,199.1
C009808,GB,2024-10-05,Occasional,2,0,1177,DEV009808,252.0
C009809,IE,2023-07-19,Returning,23,0,981,DEV009809,854.53
C009810,IT,2025-08-14,Occasional,5,0,863,DEV009810,627.58
C009811,FR,2022-07-01,Occasional,2,0,1675,DEV009811,85.81
C009812,GB,2023-05-18,Occasional,5,0,1607,DEV009812,677.77
C009813,ES,2025-05-01,New,1,0,278,DEV009813,110.12
C009814,ES,2024-05-16,Returning,6,0,1320,DEV009814,354.12
C009815,NL,2023-07-29,Occasional,4,0,1373,DEV009815,469.59
C009816,FR,2025-05-28,Occasional,3,0,648,DEV009816,127.41
C009817,FR,2024-09-18,Occasional,6,0,816,DEV009817,864.19
C009818,ES,2020-11-13,Loyal,68,0,2292,DEV009818,1692.85
C009819,GB,2023-01-21,Returning,19,0,1137,DEV009819,1275.45
C009820,FR,2025-04-23,Occasional,6,0,556,DEV009820,436.5
C009821,NL,2024-11-22,Returning,20,0,821,DEV009821,976.91
C009822,AU,2020-03-05,Returning,19,0,2818,DEV009822,785.1
C009823,IT,2022-06-07,Occasional,5,0,1979,DEV009823,524.87
C009824,FR,2025-11-14,New,2,0,108,DEV009824,146.7
C009825,IT,2019-02-21,Returning,17,0,2896,DEV009825,724.18
C009826,IE,2022-05-30,Loyal,20,0,1934,DEV009826,1478.89
C009827,IE,2024-08-13,Returning,6,0,990,DEV009827,603.76
C009828,CA,2025-06-20,New,0,0,420,DEV009828,0.0
C009829,GB,2022-01-17,Occasional,6,0,1870,DEV009829,287.1
C009830,GB,2019-01-21,Returning,21,0,3246,DEV009830,836.17
C009831,DE,2024-10-11,Occasional,3,0,1082,DEV009831,397.81
C009832,GB,2022-06-03,Returning,11,0,2022,DEV009832,872.73
C009833,IE,2023-05-08,Loyal,100,0,1097,DEV009833,9066.67
C009834,AU,2022-03-29,Occasional,6,0,1793,DEV009834,519.56
C009835,ES,2022-07-19,Occasional,3,0,1718,DEV009835,102.1
C009836,AU,2025-02-08,New,1,0,842,DEV009836,45.9
C009837,AU,2025-07-29,Occasional,6,0,765,DEV009837,798.96
C009838,GB,2017-01-17,Loyal,65,0,3400,DEV009838,2119.65
C009839,NL,2024-03-26,Occasional,4,0,1038,DEV009839,66.81
C009840,DE,2025-01-28,New,1,0,541,DEV009840,39.63
C009841,GB,2025-03-01,New,2,0,626,DEV009841,200.77
C009842,US,2024-12-26,Occasional,3,0,684,DEV009842,197.04
C009843,US,2017-02-15,Loyal,54,0,3423,DEV009843,5779.89
C009844,GB,2020-05-07,Returning,16,0,2146,DEV009844,1194.68
C009845,IE,2025-10-07,New,2,0,105,DEV009845,182.31
C009846,IE,2025-09-22,New,0,0,689,DEV009846,0.0
C009847,US,2022-02-09,Returning,6,0,1833,DEV009847,339.75
C009848,NL,2023-04-30,Loyal,52,0,1354,DEV009848,3148.29
C009849,CA,2025-05-22,New,0,0,712,DEV009849,0.0
C009850,FR,2020-04-06,Returning,12,0,2555,DEV009850,1394.5
C009851,IT,2023-11-28,Occasional,2,0,1405,DEV009851,43.21
C009852,IE,2023-02-16,Returning,16,0,1486,DEV009852,2670.9
C009853,DE,2023-12-19,Occasional,3,0,808,DEV009853,367.07
C009854,US,2022-04-08,Occasional,2,0,1692,DEV009854,109.65
C009855,NL,2025-10-08,New,2,0,433,DEV009855,230.23
C009856,DE,2024-06-20,Occasional,5,0,816,DEV009856,490.1
C009857,CA,2021-03-12,Returning,12,0,2056,DEV009857,663.94
C009858,IT,2023-09-07,Occasional,3,0,1479,DEV009858,232.99
C009859,NL,2023-08-24,Occasional,6,0,965,DEV009859,718.64
C009860,CA,2024-01-17,Occasional,4,0,841,DEV009860,169.57
C009861,ES,2023-09-18,Occasional,5,0,1242,DEV009861,328.06
C009862,ES,2020-02-04,Returning,23,0,2341,DEV009862,1091.09
C009863,AU,2023-12-01,Occasional,2,0,782,DEV009863,304.35
C009864,GB,2018-02-20,Loyal,90,0,2941,DEV009864,7105.29
C009865,IT,2025-04-12,New,2,0,881,DEV009865,95.29
C009866,ES,2023-10-04,Occasional,1,0,1261,DEV009866,43.91
C009867,NL,2024-02-28,Occasional,2,0,1083,DEV009867,227.72
C009868,ES,2025-03-03,Occasional,5,0,567,DEV009868,735.92
C009869,IT,2022-04-22,Occasional,1,0,1492,DEV009869,40.35
C009870,ES,2025-08-03,New,0,0,776,DEV009870,0.0
C009871,NL,2023-02-25,Occasional,5,0,1311,DEV009871,573.81
C009872,CA,2025-08-15,New,2,0,245,DEV009872,206.34
C009873,AU,2021-06-29,Returning,24,0,1671,DEV009873,680.9
C009874,DE,2022-12-25,Loyal,38,0,1814,DEV009874,3318.76
C009875,CA,2025-09-10,New,1,0,727,DEV009875,104.34
C009876,IE,2025-06-07,Occasional,2,0,458,DEV009876,93.97
C009877,IE,2025-10-25,New,1,0,579,DEV009877,134.64
C009878,IT,2023-03-28,Occasional,3,0,1033,DEV009878,220.95
C009879,US,2021-04-18,Loyal,80,0,2335,DEV009879,7014.9
C009880,GB,2022-09-29,Returning,24,0,1699,DEV009880,2312.79
C009881,US,2025-03-14,New,1,0,754,DEV009881,53.22
C009882,AU,2022-07-16,Occasional,4,0,1663,DEV009882,674.32
C009883,GB,2022-08-23,Loyal,89,0,1312,DEV009883,2470.69
C009884,ES,2023-04-17,Occasional,5,0,1648,DEV009884,504.08
C009885,DE,2025-08-19,Occasional,1,0,157,DEV009885,23.24
C009886,GB,2025-03-02,New,1,0,336,DEV009886,102.13
C009887,US,2022-02-06,Occasional,5,0,1785,DEV009887,195.57
C009888,DE,2019-03-15,Returning,21,0,2975,DEV009888,1075.09
C009889,US,2025-09-03,Occasional,6,0,149,DEV009889,805.48
C009890,CA,2025-06-29,Occasional,5,0,489,DEV009890,204.17
C009891,NL,2025-07-14,New,0,0,588,DEV009891,0.0
C009892,US,2021-05-22,Returning,16,0,1826,DEV009892,1304.07
C009893,AU,2025-07-19,New,2,0,275,DEV009893,162.22
C009894,ES,2024-09-05,Occasional,2,0,862,DEV009894,205.51
C009895,US,2024-08-17,Returning,21,0,965,DEV009895,1349.3
C009896,CA,2018-08-30,Loyal,94,0,3164,DEV009896,8615.52
C009897,FR,2019-09-06,Returning,6,0,2550,DEV009897,142.63
C009898,GB,2021-05-26,Returning,6,0,2072,DEV009898,588.33
C009899,ES,2023-01-10,Occasional,3,0,1387,DEV009899,222.41
C009900,IT,2025-05-16,New,2,0,374,DEV009900,147.16
C009901,ES,2025-11-24,New,1,0,415,DEV009901,39.53
C009902,IT,2025-03-14,New,1,0,309,DEV009902,54.37
C009903,GB,2025-05-05,New,1,0,913,DEV009903,120.9
C009904,CA,2023-01-18,Returning,7,0,1473,DEV009904,522.64
C009905,NL,2021-11-09,Returning,6,0,2141,DEV009905,399.33
C009906,ES,2025-08-12,New,0,0,476,DEV009906,0.0
C009907,IE,2019-03-14,Loyal,64,0,2553,DEV009907,4475.2
C009908,IE,2025-01-27,New,1,0,629,DEV009908,66.2
C009909,CA,2022-09-19,Occasional,3,0,1682,DEV009909,365.14
C009910,GB,2025-07-17,New,1,0,469,DEV009910,35.21
C009911,FR,2019-11-10,Returning,17,0,2776,DEV009911,1731.86
C009912,DE,2025-06-16,Occasional,5,0,277,DEV009912,794.34
C009913,FR,2022-10-28,Occasional,3,0,1187,DEV009913,388.63
C009914,DE,2019-07-01,Loyal,29,0,2543,DEV009914,3239.38
C009915,ES,2025-11-04,New,0,0,233,DEV009915,0.0
C009916,NL,2020-01-28,Returning,5,0,2369,DEV009916,275.36
C009917,AU,2023-06-04,Returning,11,0,1146,DEV009917,1512.27
C009918,IT,2020-08-22,Returning,6,0,2554,DEV009918,466.95
C009919,IT,2023-05-11,Occasional,5,0,1667,DEV009919,485.32
C009920,IT,2025-05-13,Occasional,4,0,730,DEV009920,523.22
C009921,ES,2022-03-15,Occasional,3,0,1441,DEV009921,414.99
C009922,FR,2019-07-12,Loyal,89,0,2634,DEV009922,12704.21
C009923,CA,2024-04-16,Returning,13,0,1245,DEV009923,2050.56
C009924,US,2025-02-16,Occasional,6,0,488,DEV009924,726.62
C009925,IT,2023-10-17,Occasional,4,0,1532,DEV009925,517.84
C009926,NL,2018-06-06,Loyal,99,0,3361,DEV009926,2548.89
C009927,GB,2020-10-29,Returning,7,0,2107,DEV009927,369.84
C009928,FR,2022-03-26,Loyal,87,0,1946,DEV009928,2584.98
C009929,GB,2024-10-28,Returning,21,0,914,DEV009929,1134.78
C009930,FR,2024-03-18,Occasional,6,0,1328,DEV009930,452.47
C009931,AU,2025-03-06,New,2,0,651,DEV009931,197.42
C009932,FR,2021-12-12,Returning,8,0,1674,DEV009932,1175.3
C009933,CA,2025-10-20,New,0,0,192,DEV009933,0.0
C009934,NL,2019-05-13,Returning,6,0,3017,DEV009934,758.49
C009935,NL,2025-03-01,Occasional,4,0,447,DEV009935,168.09
C009936,DE,2019-03-11,Returning,18,0,2536,DEV009936,458.44
C009937,GB,2023-05-29,Occasional,3,0,1086,DEV009937,171.43
C009938,NL,2024-01-05,Occasional,4,0,1145,DEV009938,97.32
C009939,IT,2025-01-08,New,0,0,402,DEV009939,0.0
C009940,DE,2024-11-24,Returning,8,0,638,DEV009940,495.99
C009941,NL,2017-04-23,Loyal,94,0,3453,DEV009941,7196.15
C009942,NL,2022-06-13,Returning,19,0,1990,DEV009942,2129.35
C009943,GB,2023-09-17,Returning,15,0,993,DEV009943,2575.21
C009944,CA,2024-11-05,Occasional,4,0,631,DEV009944,150.53
C009945,IE,2025-10-27,New,2,0,562,DEV009945,184.3
C009946,DE,2025-08-12,New,1,0,709,DEV009946,75.49
C009947,ES,2023-02-15,Occasional,3,0,1313,DEV009947,271.98
C009948,NL,2025-11-29,New,1,0,76,DEV009948,116.64
C009949,ES,2025-10-21,New,0,0,746,DEV009949,0.0
C009950,FR,2022-11-29,Returning,6,0,1587,DEV009950,404.82
C009951,IT,2025-02-26,New,1,0,792,DEV009951,70.7
C009952,IE,2023-01-01,Occasional,1,0,1695,DEV009952,116.03
C009953,FR,2025-04-13,Occasional,1,0,345,DEV009953,23.12
C009954,IT,2019-11-20,Returning,13,0,2909,DEV009954,586.91
C009955,IT,2024-10-21,Occasional,6,0,627,DEV009955,710.49
C009956,FR,2023-05-27,Occasional,5,0,1229,DEV009956,429.79
C009957,DE,2021-08-17,Returning,20,0,1814,DEV009957,1995.75
C009958,IT,2023-11-15,Occasional,1,0,1251,DEV009958,33.55
C009959,US,2025-06-11,New,2,0,546,DEV009959,104.82
C009960,GB,2020-09-11,Returning,13,0,2049,DEV009960,1516.53
C009961,FR,2022-03-23,Occasional,1,0,1846,DEV009961,53.61
C009962,CA,2022-01-05,Occasional,5,0,2038,DEV009962,827.47
C009963,NL,2025-10-31,New,0,0,570,DEV009963,0.0
C009964,FR,2021-09-06,Returning,20,0,1661,DEV009964,1799.5
C009965,NL,2025-12-08,New,0,0,432,DEV009965,0.0
C009966,ES,2019-05-15,Loyal,38,0,2508,DEV009966,4108.09
C009967,CA,2021-01-15,Returning,15,0,2046,DEV009967,1294.15
C009968,AU,2025-06-17,Occasional,1,0,688,DEV009968,111.12
C009969,GB,2023-12-20,Returning,12,0,975,DEV009969,895.62
C009970,GB,2025-04-09,New,0,0,861,DEV009970,0.0
C009971,US,2025-01-23,New,0,0,431,DEV009971,0.0
C009972,ES,2025-07-20,New,2,0,858,DEV009972,194.25
C009973,IE,2024-11-26,Occasional,1,0,927,DEV009973,108.29
C009974,US,2025-05-17,Occasional,3,0,448,DEV009974,330.17
C009975,FR,2024-04-14,Occasional,6,0,944,DEV009975,553.52
C009976,US,2025-06-20,New,0,0,319,DEV009976,0.0
C009977,GB,2019-03-30,Loyal,98,0,3055,DEV009977,8073.61
C009978,IT,2025-12-20,New,1,0,342,DEV009978,52.75
C009979,DE,2019-07-31,Returning,13,0,2618,DEV009979,1122.62
C009980,FR,2025-09-17,Occasional,1,0,151,DEV009980,33.69
C009981,IE,2022-03-30,Occasional,4,0,1774,DEV009981,279.12
C009982,DE,2022-10-24,Occasional,3,0,1219,DEV009982,384.48
C009983,FR,2023-06-24,Returning,22,0,1631,DEV009983,1293.85
C009984,FR,2021-04-02,Returning,20,0,2112,DEV009984,950.22
C009985,IE,2025-04-30,New,0,0,449,DEV009985,0.0
C009986,ES,2024-07-28,Returning,14,0,1241,DEV009986,1916.65
C009987,CA,2024-07-28,Occasional,6,0,1082,DEV009987,757.91
C009988,CA,2023-11-26,Returning,9,0,821,DEV009988,369.64
C009989,IT,2025-05-12,New,1,0,839,DEV009989,150.79
C009990,CA,2023-05-20,Occasional,1,0,969,DEV009990,122.76
C009991,CA,2025-07-26,New,0,0,800,DEV009991,0.0
C009992,NL,2021-08-14,Returning,13,0,1790,DEV009992,1587.93
C009993,NL,2022-12-01,Returning,9,0,1263,DEV009993,300.55
C009994,DE,2025-04-04,Occasional,6,0,682,DEV009994,685.57
C009995,AU,2024-10-15,Occasional,6,0,911,DEV009995,849.12
C009996,ES,2023-11-18,Occasional,6,0,967,DEV009996,144.1
C009997,US,2024-11-09,Occasional,3,0,947,DEV009997,168.95
C009998,DE,2024-12-13,Returning,16,0,535,DEV009998,470.48
C009999,US,2024-01-17,Returning,22,0,975,DEV009999,1294.96
C010000,GB,2025-03-07,New,0,0,580,DEV010000,0.0
